Date,Ticker,Per,Date,Open,High,Low,Close,Vol
2010-01-04,US1.JPM,1,2010-01-04 17:31:40,42.885,42.89,42.85,42.85,312873
2010-01-05,US1.JPM,1,2010-01-05 17:31:40,43.69,43.7,43.66,43.67,342934
2010-01-06,US1.JPM,1,2010-01-06 17:31:40,43.9,43.92,43.9,43.91,135930
2010-01-07,US1.JPM,1,2010-01-07 17:31:40,44.77,44.82,44.77,44.81,307549
2010-01-08,US1.JPM,1,2010-01-08 17:31:40,44.6,44.67,44.59,44.67,219077
2010-01-09,US1.JPM,1,2010-01-09 00:00:00,44.67,44.68,44.62,44.67,440793
2010-01-11,US1.JPM,1,2010-01-11 17:31:40,44.54,44.55,44.52,44.53,240096
2010-01-12,US1.JPM,1,2010-01-12 17:31:40,43.44,43.47,43.43,43.47,397544
2010-01-13,US1.JPM,1,2010-01-13 17:31:40,44.32,44.35,44.3,44.305,355335
2010-01-14,US1.JPM,1,2010-01-14 17:31:40,44.6599,44.67,44.63,44.64,583794
2010-01-15,US1.JPM,1,2010-01-15 17:31:40,43.73,43.77,43.72,43.75,736435
2010-01-16,US1.JPM,1,2010-01-16 00:00:00,43.7501,43.77,43.67,43.67,986938
2010-01-19,US1.JPM,1,2010-01-19 17:31:40,43.29,43.3,43.27,43.2896,823701
2010-01-20,US1.JPM,1,2010-01-20 17:31:40,43.45,43.46,43.41,43.45,276944
2010-01-21,US1.JPM,1,2010-01-21 17:31:40,40.5,40.51,40.45,40.47,806388
2010-01-22,US1.JPM,1,2010-01-22 17:31:40,39.16,39.17,39.08,39.12,750259
2010-01-23,US1.JPM,1,2010-01-23 00:00:00,39.1227,39.19,39.12,39.16,747817
2010-01-25,US1.JPM,1,2010-01-25 17:31:40,39.22,39.23,39.21,39.21,495172
2010-01-26,US1.JPM,1,2010-01-26 17:31:40,38.42,38.44,38.37,38.38,561285
2010-01-27,US1.JPM,1,2010-01-27 17:31:40,39.34,39.37,39.32,39.32,459880
2010-01-28,US1.JPM,1,2010-01-28 17:31:40,39.55,39.56,39.54,39.54,451962
2010-01-29,US1.JPM,1,2010-01-29 17:31:40,39.01,39.02,38.93,38.99,525344
2010-01-30,US1.JPM,1,2010-01-30 00:00:00,38.98,39.01,38.91,38.93,814191
2010-02-01,US1.JPM,1,2010-02-01 17:31:40,39.68,39.69,39.66,39.68,345695
2010-02-02,US1.JPM,1,2010-02-02 17:31:40,40.5,40.54,40.5,40.53,428763
2010-02-03,US1.JPM,1,2010-02-03 17:31:40,40.32,40.32,40.28,40.29,320461
2010-02-04,US1.JPM,1,2010-02-04 17:31:40,38.43,38.48,38.4,38.41,612667
2010-02-05,US1.JPM,1,2010-02-05 17:31:40,38.31,38.36,38.27,38.3593,754863
2010-02-06,US1.JPM,1,2010-02-06 00:00:00,38.36,38.4,38.33,38.35,1034323
2010-02-08,US1.JPM,1,2010-02-08 17:31:40,37.75,37.77,37.71,37.72,747196
2010-02-09,US1.JPM,1,2010-02-09 17:31:40,38.39,38.4,38.38,38.4,214637
2010-02-10,US1.JPM,1,2010-02-10 17:31:40,38.86,38.89,38.85,38.88,254469
2010-02-11,US1.JPM,1,2010-02-11 17:31:40,39.06,39.06,39.04,39.04,253055
2010-02-12,US1.JPM,1,2010-02-12 17:31:40,38.94,39.0,38.93,38.98,547845
2010-02-13,US1.JPM,1,2010-02-13 00:00:00,38.98,39.1,38.96,39.06,890742
2010-02-16,US1.JPM,1,2010-02-16 17:31:40,39.97,40.02,39.97,40.02,405171
2010-02-17,US1.JPM,1,2010-02-17 17:31:40,40.03,40.05,40.01,40.02,247823
2010-02-18,US1.JPM,1,2010-02-18 17:31:40,40.36,40.41,40.35,40.37,484990
2010-02-19,US1.JPM,1,2010-02-19 17:31:40,40.02,40.04,40.01,40.02,456477
2010-02-20,US1.JPM,1,2010-02-20 00:00:00,40.02,40.04,40.0,40.0101,921449
2010-02-22,US1.JPM,1,2010-02-22 17:31:40,40.86,40.91,40.85,40.91,334271
2010-02-23,US1.JPM,1,2010-02-23 17:31:40,39.82,39.85,39.81,39.82,601262
2010-02-24,US1.JPM,1,2010-02-24 17:31:40,40.845,40.88,40.84,40.86,450960
2010-02-25,US1.JPM,1,2010-02-25 17:31:40,40.63,40.65,40.62,40.65,313767
2010-02-26,US1.JPM,1,2010-02-26 17:31:40,42.08,42.08,42.02,42.02,575560
2010-02-27,US1.JPM,1,2010-02-27 00:00:00,42.03,42.03,41.97,41.98,800948
2010-03-01,US1.JPM,1,2010-03-01 17:31:40,41.8,41.84,41.79,41.84,268286
2010-03-02,US1.JPM,1,2010-03-02 17:31:40,41.63,41.63,41.58,41.6,254390
2010-03-03,US1.JPM,1,2010-03-03 17:31:40,41.6,41.61,41.57,41.57,198143
2010-03-04,US1.JPM,1,2010-03-04 17:31:40,41.9,41.92,41.895,41.91,287457
2010-03-05,US1.JPM,1,2010-03-05 17:31:40,42.75,42.78,42.75,42.78,633178
2010-03-06,US1.JPM,1,2010-03-06 00:00:00,42.77,42.8,42.77,42.8,589162
2010-03-08,US1.JPM,1,2010-03-08 17:31:40,42.59,42.59,42.56,42.57,265765
2010-03-09,US1.JPM,1,2010-03-09 17:31:40,42.37,42.39,42.34,42.38,475225
2010-03-10,US1.JPM,1,2010-03-10 17:31:40,42.96,42.96,42.95,42.95,147819
2010-03-11,US1.JPM,1,2010-03-11 17:31:40,43.19,43.19,42.85,43.13,363347
2010-03-12,US1.JPM,1,2010-03-12 17:31:40,43.1607,43.18,43.16,43.18,342328
2010-03-13,US1.JPM,1,2010-03-13 00:00:00,43.17,43.21,43.17,43.19,499614
2010-03-15,US1.JPM,1,2010-03-15 23:58:20,43.09,43.11,43.06,43.09,196471
2010-03-16,US1.JPM,1,2010-03-16 23:58:20,42.96,43.0,42.95,42.98,47666
2010-03-17,US1.JPM,1,2010-03-17 23:58:20,43.62,43.62,43.6,43.6,39820
2010-03-18,US1.JPM,1,2010-03-18 23:58:20,43.47,43.54,43.47,43.52,98552
2010-03-19,US1.JPM,1,2010-03-19 23:58:20,43.431,43.46,43.43,43.445,62246
2010-03-22,US1.JPM,1,2010-03-22 23:58:20,43.71,43.74,43.7,43.74,113219
2010-03-23,US1.JPM,1,2010-03-23 23:58:20,43.98,43.9807,43.97,43.97,34700
2010-03-24,US1.JPM,1,2010-03-24 23:58:20,44.82,44.82,44.79,44.8,86856
2010-03-25,US1.JPM,1,2010-03-25 23:58:20,45.22,45.2293,45.18,45.22,80465
2010-03-26,US1.JPM,1,2010-03-26 23:58:20,45.51,45.55,45.5,45.55,27177
2010-03-29,US1.JPM,1,2010-03-29 17:31:40,44.84,44.85,44.84,44.85,173703
2010-03-30,US1.JPM,1,2010-03-30 17:31:40,44.64,44.68,44.54,44.55,934101
2010-03-31,US1.JPM,1,2010-03-31 17:31:40,44.81,44.83,44.7,44.76,871910
2010-04-01,US1.JPM,1,2010-04-01 17:31:40,45.16,45.19,45.16,45.19,255300
2010-04-02,US1.JPM,1,2010-04-02 00:00:00,45.19,45.22,45.19,45.22,559823
2010-04-05,US1.JPM,1,2010-04-05 17:31:40,45.29,45.3,45.27,45.3,225652
2010-04-06,US1.JPM,1,2010-04-06 17:31:40,45.84,45.855,45.82,45.83,319620
2010-04-07,US1.JPM,1,2010-04-07 17:31:40,45.29,45.29,45.26,45.27,323994
2010-04-08,US1.JPM,1,2010-04-08 17:31:40,45.77,45.79,45.76,45.78,165105
2010-04-09,US1.JPM,1,2010-04-09 17:31:40,45.985,45.99,45.97,45.97,195162
2010-04-10,US1.JPM,1,2010-04-10 00:00:00,45.97,45.98,45.94,45.97,346581
2010-04-12,US1.JPM,1,2010-04-12 17:31:40,46.13,46.13,46.12,46.13,162274
2010-04-13,US1.JPM,1,2010-04-13 17:31:40,45.88,45.9,45.88,45.89,230579
2010-04-14,US1.JPM,1,2010-04-14 17:31:40,47.72,47.72,47.7,47.71,385959
2010-04-15,US1.JPM,1,2010-04-15 17:31:40,47.86,47.86,47.81,47.815,242755
2010-04-16,US1.JPM,1,2010-04-16 17:31:40,45.71,45.73,45.7,45.7,771006
2010-04-17,US1.JPM,1,2010-04-17 00:00:00,45.7,45.72,45.61,45.66,1563962
2010-04-19,US1.JPM,1,2010-04-19 17:31:40,45.38,45.4,45.38,45.4,438507
2010-04-20,US1.JPM,1,2010-04-20 17:31:40,45.8,45.8,45.79,45.8,165851
2010-04-21,US1.JPM,1,2010-04-21 17:31:40,45.31,45.32,45.31,45.32,229684
2010-04-22,US1.JPM,1,2010-04-22 17:31:40,44.81,44.81,44.76,44.77,377864
2010-04-23,US1.JPM,1,2010-04-23 17:31:40,44.89,44.93,44.88,44.92,235093
2010-04-24,US1.JPM,1,2010-04-24 00:00:00,44.93,44.94,44.92,44.93,563681
2010-04-26,US1.JPM,1,2010-04-26 17:31:40,43.91,43.92,43.91,43.92,302629
2010-04-27,US1.JPM,1,2010-04-27 17:31:40,42.46,42.48,42.45,42.47,430946
2010-04-28,US1.JPM,1,2010-04-28 17:31:40,43.34,43.39,43.33,43.38,266030
2010-04-29,US1.JPM,1,2010-04-29 17:31:40,43.95,43.98,43.94,43.945,715502
2010-04-30,US1.JPM,1,2010-04-30 17:31:40,42.61,42.62,42.55,42.57,464070
2010-05-01,US1.JPM,1,2010-05-01 00:00:00,42.57,42.58,42.53,42.54,773713
2010-05-03,US1.JPM,1,2010-05-03 17:31:40,43.4999,43.54,43.49,43.53,353775
2010-05-04,US1.JPM,1,2010-05-04 17:31:40,42.43,42.475,42.42,42.47,507918
2010-05-05,US1.JPM,1,2010-05-05 17:31:40,42.65,42.67,42.64,42.65,162191
2010-05-06,US1.JPM,1,2010-05-06 17:31:40,40.74,40.84,40.7181,40.79,706511
2010-05-07,US1.JPM,1,2010-05-07 17:31:40,40.9,40.94,40.84,40.84,423692
2010-05-08,US1.JPM,1,2010-05-08 00:00:00,40.85,40.89,40.73,40.78,812899
2010-05-10,US1.JPM,1,2010-05-10 17:31:40,41.905,42.05,41.9,41.955,1485660
2010-05-11,US1.JPM,1,2010-05-11 17:31:40,41.67,41.68,41.64,41.64,359553
2010-05-12,US1.JPM,1,2010-05-12 17:31:40,41.65,41.66,41.63,41.64,368704
2010-05-13,US1.JPM,1,2010-05-13 17:31:40,40.8,40.84,40.8,40.84,413208
2010-05-14,US1.JPM,1,2010-05-14 17:31:40,39.8,39.87,39.79,39.87,480086
2010-05-15,US1.JPM,1,2010-05-15 00:00:00,39.86,39.9,39.85,39.89,847198
2010-05-17,US1.JPM,1,2010-05-17 17:31:40,39.88,39.89,39.84,39.87,586059
2010-05-18,US1.JPM,1,2010-05-18 17:31:40,39.06,39.08,39.03,39.03,603241
2010-05-19,US1.JPM,1,2010-05-19 17:31:40,39.4,39.4,39.36,39.37,473001
2010-05-20,US1.JPM,1,2010-05-20 17:31:40,37.95,37.99,37.84,37.95,962393
2010-05-21,US1.JPM,1,2010-05-21 17:31:40,40.095,40.15,40.06,40.15,1049859
2010-05-22,US1.JPM,1,2010-05-22 00:00:00,40.15,40.16,40.02,40.04,1357970
2010-05-24,US1.JPM,1,2010-05-24 17:31:40,38.53,38.6,38.53,38.59,372968
2010-05-25,US1.JPM,1,2010-05-25 17:31:40,38.96,39.01,38.92,38.94,703445
2010-05-26,US1.JPM,1,2010-05-26 17:31:40,38.74,39.15,38.69,38.77,454324
2010-05-27,US1.JPM,1,2010-05-27 17:31:40,40.4,40.44,40.39,40.44,639427
2010-05-28,US1.JPM,1,2010-05-28 17:31:40,39.56,39.59,39.51,39.56,473115
2010-05-29,US1.JPM,1,2010-05-29 00:00:00,39.56,39.58,39.47,39.53,1040181
2010-06-01,US1.JPM,1,2010-06-01 17:31:40,38.67,38.68,38.59,38.6,603246
2010-06-02,US1.JPM,1,2010-06-02 17:31:40,39.52,39.58,39.51,39.58,547001
2010-06-03,US1.JPM,1,2010-06-03 17:31:40,39.14,39.14,39.12,39.13,193098
2010-06-04,US1.JPM,1,2010-06-04 17:31:40,37.5401,37.62,37.51,37.6,765679
2010-06-05,US1.JPM,1,2010-06-05 00:00:00,37.6,37.73,37.52,37.73,976181
2010-06-07,US1.JPM,1,2010-06-07 17:31:40,36.78,36.78,36.74,36.745,489427
2010-06-08,US1.JPM,1,2010-06-08 17:31:40,37.72,37.77,37.71,37.74,799054
2010-06-09,US1.JPM,1,2010-06-09 17:31:40,37.12,37.19,37.11,37.17,486015
2010-06-10,US1.JPM,1,2010-06-10 17:31:40,38.35,38.35,38.29,38.29,523847
2010-06-11,US1.JPM,1,2010-06-11 17:31:40,38.06,38.09,38.06,38.06,300893
2010-06-12,US1.JPM,1,2010-06-12 00:00:00,38.07,38.09,38.05,38.08,357594
2010-06-14,US1.JPM,1,2010-06-14 17:31:40,37.31,37.32,37.29,37.29,375002
2010-06-15,US1.JPM,1,2010-06-15 17:31:40,38.19,38.2,38.17,38.18,372828
2010-06-16,US1.JPM,1,2010-06-16 17:31:40,38.52,38.52,38.5,38.505,151982
2010-06-17,US1.JPM,1,2010-06-17 17:31:40,38.46,38.52,38.38,38.39,601943
2010-06-18,US1.JPM,1,2010-06-18 17:31:40,39.15,39.17,39.12,39.17,291227
2010-06-19,US1.JPM,1,2010-06-19 00:00:00,39.17,39.24,39.13,39.2,897387
2010-06-21,US1.JPM,1,2010-06-21 17:31:40,38.86,38.86,38.79,38.81,408256
2010-06-22,US1.JPM,1,2010-06-22 17:31:40,38.33,38.37,38.26,38.28,815382
2010-06-23,US1.JPM,1,2010-06-23 17:31:40,38.89,38.91,38.87,38.88,301281
2010-06-24,US1.JPM,1,2010-06-24 17:31:40,37.88,37.94,37.87,37.93,636230
2010-06-25,US1.JPM,1,2010-06-25 17:31:40,39.59,39.6,39.58,39.58,466553
2010-06-26,US1.JPM,1,2010-06-26 00:00:00,39.59,39.6,39.48,39.51,1096344
2010-06-28,US1.JPM,1,2010-06-28 17:31:40,38.51,38.55,38.51,38.52,405483
2010-06-29,US1.JPM,1,2010-06-29 17:31:40,37.05,37.06,37.0,37.03,437994
2010-06-30,US1.JPM,1,2010-06-30 17:31:40,36.61,36.64,36.6,36.63,362296
2010-07-01,US1.JPM,1,2010-07-01 17:31:40,36.15,36.15,36.07,36.07,274624
2010-07-02,US1.JPM,1,2010-07-02 17:31:40,35.94,35.95,35.9,35.91,270958
2010-07-03,US1.JPM,1,2010-07-03 00:00:00,35.91,35.92,35.84,35.84,613235
2010-07-06,US1.JPM,1,2010-07-06 17:31:40,36.31,36.36,36.3,36.34,394584
2010-07-07,US1.JPM,1,2010-07-07 17:31:40,38.19,38.2,38.11,38.11,818572
2010-07-08,US1.JPM,1,2010-07-08 17:31:40,38.14,38.18,38.1,38.18,545676
2010-07-09,US1.JPM,1,2010-07-09 17:31:40,38.83,38.87,38.8,38.86,449788
2010-07-10,US1.JPM,1,2010-07-10 00:00:00,38.86,38.89,38.85,38.89,872551
2010-07-12,US1.JPM,1,2010-07-12 17:31:40,39.158,39.195,39.14,39.18,336257
2010-07-13,US1.JPM,1,2010-07-13 17:31:40,40.52,40.53,40.48,40.51,487459
2010-07-14,US1.JPM,1,2010-07-14 17:31:40,40.2999,40.32,40.25,40.3,491747
2010-07-15,US1.JPM,1,2010-07-15 17:31:40,40.51,40.52,40.44,40.44,442965
2010-07-16,US1.JPM,1,2010-07-16 17:31:40,38.9799,39.02,38.95,39.01,765045
2010-07-17,US1.JPM,1,2010-07-17 00:00:00,39.01,39.02,38.95,38.97,1465587
2010-07-19,US1.JPM,1,2010-07-19 17:31:40,39.08,39.13,39.06,39.06,260693
2010-07-20,US1.JPM,1,2010-07-20 17:31:40,39.54,39.58,39.54,39.58,395069
2010-07-21,US1.JPM,1,2010-07-21 17:31:40,38.38,38.43,38.38,38.385,333882
2010-07-22,US1.JPM,1,2010-07-22 17:31:40,39.3,39.33,39.28,39.33,515784
2010-07-23,US1.JPM,1,2010-07-23 17:31:40,39.84,39.85,39.82,39.84,202627
2010-07-24,US1.JPM,1,2010-07-24 00:00:00,39.84,39.85,39.78,39.82,500528
2010-07-26,US1.JPM,1,2010-07-26 17:31:40,40.33,40.36,40.32,40.36,373943
2010-07-27,US1.JPM,1,2010-07-27 17:31:40,40.66,40.67,40.63,40.65,330756
2010-07-28,US1.JPM,1,2010-07-28 17:31:40,40.31,40.31,40.28,40.29,288868
2010-07-29,US1.JPM,1,2010-07-29 17:31:40,40.195,40.2,40.16,40.17,236997
2010-07-30,US1.JPM,1,2010-07-30 17:31:40,40.39,40.42,40.37,40.38,332469
2010-07-31,US1.JPM,1,2010-07-31 00:00:00,40.39,40.39,40.28,40.28,1058889
2010-08-02,US1.JPM,1,2010-08-02 17:31:40,41.68,41.68,41.62,41.64,686441
2010-08-03,US1.JPM,1,2010-08-03 17:31:40,41.02,41.06,41.02,41.05,345940
2010-08-04,US1.JPM,1,2010-08-04 17:31:40,41.36,41.37,41.34,41.37,195788
2010-08-05,US1.JPM,1,2010-08-05 17:31:40,41.23,41.25,41.22,41.25,166628
2010-08-06,US1.JPM,1,2010-08-06 17:31:40,40.38,40.41,40.37,40.4,495219
2010-08-07,US1.JPM,1,2010-08-07 00:00:00,40.4,40.44,40.39,40.43,361859
2010-08-09,US1.JPM,1,2010-08-09 17:31:40,39.85,39.86,39.84,39.86,371552
2010-08-10,US1.JPM,1,2010-08-10 17:31:40,39.19,39.19,39.18,39.19,157118
2010-08-11,US1.JPM,1,2010-08-11 17:31:40,37.82,37.82,37.76,37.76,703274
2010-08-12,US1.JPM,1,2010-08-12 17:31:40,37.87,37.89,37.85,37.85,295202
2010-08-13,US1.JPM,1,2010-08-13 17:31:40,37.51,37.55,37.51,37.55,259419
2010-08-14,US1.JPM,1,2010-08-14 00:00:00,37.55,37.56,37.5,37.51,689730
2010-08-16,US1.JPM,1,2010-08-16 17:31:40,37.66,37.68,37.65,37.68,294730
2010-08-17,US1.JPM,1,2010-08-17 17:31:40,37.54,37.55,37.48,37.5,330046
2010-08-18,US1.JPM,1,2010-08-18 17:31:40,37.97,37.98,37.96,37.98,175762
2010-08-19,US1.JPM,1,2010-08-19 17:31:40,37.07,37.09,37.07,37.09,385365
2010-08-20,US1.JPM,1,2010-08-20 17:31:40,37.18,37.19,37.16,37.175,192419
2010-08-21,US1.JPM,1,2010-08-21 00:00:00,37.175,37.18,37.11,37.14,762758
2010-08-23,US1.JPM,1,2010-08-23 17:31:40,36.9,36.9,36.85,36.85,389605
2010-08-24,US1.JPM,1,2010-08-24 17:31:40,36.3,36.3,36.22,36.2225,697075
2010-08-25,US1.JPM,1,2010-08-25 17:31:40,36.3,36.32,36.29,36.29,215884
2010-08-26,US1.JPM,1,2010-08-26 17:31:40,35.7,35.71,35.67,35.67,299598
2010-08-27,US1.JPM,1,2010-08-27 17:31:40,36.575,36.64,36.57,36.63,425136
2010-08-28,US1.JPM,1,2010-08-28 00:00:00,36.63,36.64,36.6,36.62,992413
2010-08-30,US1.JPM,1,2010-08-30 17:31:40,35.865,35.87,35.83,35.831,321527
2010-08-31,US1.JPM,1,2010-08-31 17:31:40,36.37,36.4,36.35,36.37,403357
2010-09-01,US1.JPM,1,2010-09-01 17:31:40,37.67,37.75,37.66,37.74,751323
2010-09-02,US1.JPM,1,2010-09-02 17:31:40,38.18,38.19,38.13,38.19,545171
2010-09-03,US1.JPM,1,2010-09-03 17:31:40,39.12,39.12,39.07,39.1,417777
2010-09-04,US1.JPM,1,2010-09-04 00:00:00,39.095,39.15,39.08,39.15,846344
2010-09-07,US1.JPM,1,2010-09-07 17:31:40,38.25,38.26,38.24,38.24,282935
2010-09-08,US1.JPM,1,2010-09-08 17:31:40,38.975,39.08,38.97,39.075,323206
2010-09-09,US1.JPM,1,2010-09-09 17:31:40,40.01,40.01,40.0,40.0,174951
2010-09-10,US1.JPM,1,2010-09-10 17:31:40,39.73,39.75,39.72,39.75,212851
2010-09-11,US1.JPM,1,2010-09-11 00:00:00,39.75,39.79,39.74,39.78,316085
2010-09-13,US1.JPM,1,2010-09-13 17:31:40,41.12,41.14,41.12,41.13,372123
2010-09-14,US1.JPM,1,2010-09-14 17:31:40,40.81,40.81,40.77,40.77,234993
2010-09-15,US1.JPM,1,2010-09-15 17:31:40,41.0085,41.01,40.99,40.99,237707
2010-09-16,US1.JPM,1,2010-09-16 17:31:40,41.03,41.04,41.02,41.02,442340
2010-09-17,US1.JPM,1,2010-09-17 17:31:40,40.07,40.12,40.07,40.1,621452
2010-09-18,US1.JPM,1,2010-09-18 00:00:00,40.1,40.12,40.06,40.06,1074418
2010-09-20,US1.JPM,1,2010-09-20 17:31:40,41.15,41.16,41.14,41.15,369132
2010-09-21,US1.JPM,1,2010-09-21 17:31:40,40.635,40.64,40.58,40.615,342313
2010-09-22,US1.JPM,1,2010-09-22 17:31:40,39.97,40.01,39.96,40.0,393473
2010-09-23,US1.JPM,1,2010-09-23 17:31:40,39.16,39.16,39.14,39.1401,287917
2010-09-24,US1.JPM,1,2010-09-24 17:31:40,39.71,39.78,39.69,39.77,605311
2010-09-25,US1.JPM,1,2010-09-25 00:00:00,39.77,39.78,39.73,39.75,1137835
2010-09-27,US1.JPM,1,2010-09-27 17:31:40,39.055,39.06,39.05,39.0525,246889
2010-09-28,US1.JPM,1,2010-09-28 17:31:40,38.98,39.03,38.98,39.03,280594
2010-09-29,US1.JPM,1,2010-09-29 17:31:40,38.39,38.4,38.38,38.4,306286
2010-09-30,US1.JPM,1,2010-09-30 17:31:40,38.12,38.13,38.07,38.07,386518
2010-10-01,US1.JPM,1,2010-10-01 17:31:40,38.74,38.79,38.74,38.79,275878
2010-10-02,US1.JPM,1,2010-10-02 00:00:00,38.79,38.8,38.77,38.78,490443
2010-10-04,US1.JPM,1,2010-10-04 17:31:40,38.9,38.92,38.89,38.92,466779
2010-10-05,US1.JPM,1,2010-10-05 17:31:40,39.6,39.65,39.59,39.63,704418
2010-10-06,US1.JPM,1,2010-10-06 17:31:40,39.85,39.86,39.83,39.85,261819
2010-10-07,US1.JPM,1,2010-10-07 17:31:40,39.505,39.52,39.46,39.52,440758
2010-10-08,US1.JPM,1,2010-10-08 17:31:40,39.29,39.32,39.28,39.31,264235
2010-10-09,US1.JPM,1,2010-10-09 00:00:00,39.305,39.32,39.28,39.31,519257
2010-10-11,US1.JPM,1,2010-10-11 17:31:40,39.69,39.71,39.68,39.7,231325
2010-10-12,US1.JPM,1,2010-10-12 17:31:40,40.41,40.42,40.4,40.4,305370
2010-10-13,US1.JPM,1,2010-10-13 17:31:40,39.855,39.88,39.79,39.88,705904
2010-10-14,US1.JPM,1,2010-10-14 17:31:40,38.71,38.71,38.69,38.71,308625
2010-10-15,US1.JPM,1,2010-10-15 17:31:40,37.08,37.11,37.07,37.0925,992636
2010-10-16,US1.JPM,1,2010-10-16 00:00:00,37.1,37.19,37.09,37.16,1574708
2010-10-18,US1.JPM,1,2010-10-18 17:31:40,38.15,38.2,38.135,38.2,510830
2010-10-19,US1.JPM,1,2010-10-19 17:31:40,37.72,37.72,37.67,37.7001,755942
2010-10-20,US1.JPM,1,2010-10-20 17:31:40,38.08,38.13,38.07,38.12,262578
2010-10-21,US1.JPM,1,2010-10-21 17:31:40,37.69,37.7,37.68,37.69,243418
2010-10-22,US1.JPM,1,2010-10-22 17:31:40,37.66,37.68,37.65,37.675,150983
2010-10-23,US1.JPM,1,2010-10-23 00:00:00,37.68,37.72,37.67,37.72,439688
2010-10-25,US1.JPM,1,2010-10-25 17:31:40,37.02,37.03,37.0,37.01,478418
2010-10-26,US1.JPM,1,2010-10-26 17:31:40,37.15,37.15,37.14,37.1401,203752
2010-10-27,US1.JPM,1,2010-10-27 17:31:40,37.6,37.61,37.57,37.5903,302293
2010-10-28,US1.JPM,1,2010-10-28 17:31:40,37.52,37.53,37.49,37.5,259936
2010-10-29,US1.JPM,1,2010-10-29 17:31:40,37.6675,37.67,37.64,37.645,118886
2010-10-30,US1.JPM,1,2010-10-30 00:00:00,37.65,37.66,37.63,37.64,311867
2010-11-01,US1.JPM,1,2010-11-01 23:58:20,37.9,37.91,37.88,37.89,35139
2010-11-02,US1.JPM,1,2010-11-02 23:58:20,37.08,37.09,37.075,37.08,82617
2010-11-03,US1.JPM,1,2010-11-03 23:58:20,37.26,37.27,37.25,37.2689,40525
2010-11-04,US1.JPM,1,2010-11-04 23:58:20,38.135,38.17,38.13,38.17,113775
2010-11-05,US1.JPM,1,2010-11-05 23:58:20,41.225,41.26,41.17,41.19,413192
2010-11-08,US1.JPM,1,2010-11-08 17:31:40,40.49,40.51,40.49,40.5,207749
2010-11-09,US1.JPM,1,2010-11-09 17:31:40,39.93,39.94,39.87,39.88,610332
2010-11-10,US1.JPM,1,2010-11-10 17:31:40,40.58,40.62,40.58,40.62,444872
2010-11-11,US1.JPM,1,2010-11-11 17:31:40,40.09,40.12,40.07,40.08,308471
2010-11-12,US1.JPM,1,2010-11-12 17:31:40,39.61,39.62,39.58,39.58,161958
2010-11-13,US1.JPM,1,2010-11-13 00:00:00,39.585,39.61,39.56,39.6,412218
2010-11-15,US1.JPM,1,2010-11-15 17:31:40,40.14,40.15,40.09,40.105,345714
2010-11-16,US1.JPM,1,2010-11-16 17:31:40,39.93,39.97,39.84,39.84,1413499
2010-11-17,US1.JPM,1,2010-11-17 17:31:40,39.17,39.2,39.17,39.18,196877
2010-11-18,US1.JPM,1,2010-11-18 17:31:40,39.64,39.65,39.63,39.65,219807
2010-11-19,US1.JPM,1,2010-11-19 17:31:40,39.36,39.4,39.36,39.39,245673
2010-11-20,US1.JPM,1,2010-11-20 00:00:00,39.4,39.425,39.39,39.41,382512
2010-11-22,US1.JPM,1,2010-11-22 17:31:40,38.53,38.54,38.51,38.52,348729
2010-11-23,US1.JPM,1,2010-11-23 17:31:40,37.66,37.67,37.6,37.61,434449
2010-11-24,US1.JPM,1,2010-11-24 17:31:40,38.15,38.15,38.12,38.14,274156
2010-11-25,US1.JPM,1,2010-11-25 00:00:00,38.12,38.19,38.12,38.15,704268
2010-11-26,US1.JPM,1,2010-11-26 17:00:00,37.5,37.5,37.5,37.5,100
2010-11-29,US1.JPM,1,2010-11-29 17:31:40,37.95,37.95,37.9,37.9,249042
2010-11-30,US1.JPM,1,2010-11-30 17:31:40,37.47,37.49,37.43,37.44,316470
2010-12-01,US1.JPM,1,2010-12-01 17:31:40,38.12,38.17,38.11,38.16,586703
2010-12-02,US1.JPM,1,2010-12-02 17:31:40,39.35,39.35,39.27,39.28,790906
2010-12-03,US1.JPM,1,2010-12-03 17:31:40,39.645,39.67,39.64,39.67,352562
2010-12-04,US1.JPM,1,2010-12-04 00:00:00,39.67,39.67,39.62,39.62,717165
2010-12-06,US1.JPM,1,2010-12-06 17:31:40,39.9075,39.91,39.88,39.9,218661
2010-12-07,US1.JPM,1,2010-12-07 17:31:40,39.26,39.3,39.24,39.24,460388
2010-12-08,US1.JPM,1,2010-12-08 17:31:40,40.29,40.33,40.27,40.31,869918
2010-12-09,US1.JPM,1,2010-12-09 17:31:40,40.73,40.75,40.72,40.74,534891
2010-12-10,US1.JPM,1,2010-12-10 17:31:40,41.41,41.42,41.41,41.41,260663
2010-12-11,US1.JPM,1,2010-12-11 00:00:00,41.41,41.42,41.39,41.4,536690
2010-12-13,US1.JPM,1,2010-12-13 17:31:40,41.535,41.54,41.53,41.53,180266
2010-12-14,US1.JPM,1,2010-12-14 17:31:40,40.8,40.81,40.78,40.8,334357
2010-12-15,US1.JPM,1,2010-12-15 17:31:40,40.23,40.24,40.2,40.22,455312
2010-12-16,US1.JPM,1,2010-12-16 17:31:40,39.97,40.0,39.97,40.0,257876
2010-12-17,US1.JPM,1,2010-12-17 17:31:40,39.8,39.85,39.79,39.845,696132
2010-12-18,US1.JPM,1,2010-12-18 00:00:00,39.845,39.85,39.73,39.77,1180313
2010-12-20,US1.JPM,1,2010-12-20 17:31:40,39.95,39.99,39.95,39.99,140781
2010-12-21,US1.JPM,1,2010-12-21 17:31:40,40.97,40.97,40.95,40.9501,264508
2010-12-22,US1.JPM,1,2010-12-22 17:31:40,42.19,42.24,42.18,42.24,357955
2010-12-23,US1.JPM,1,2010-12-23 17:31:40,42.1,42.11,42.065,42.07,176786
2010-12-24,US1.JPM,1,2010-12-24 00:00:00,42.08,42.12,42.07,42.08,327539
2010-12-27,US1.JPM,1,2010-12-27 17:31:40,42.64,42.65,42.61,42.65,310217
2010-12-28,US1.JPM,1,2010-12-28 17:31:40,42.67,42.68,42.63,42.64,277577
2010-12-29,US1.JPM,1,2010-12-29 17:31:40,42.385,42.39,42.38,42.38,94506
2010-12-30,US1.JPM,1,2010-12-30 17:31:40,42.22,42.24,42.22,42.24,90924
2010-12-31,US1.JPM,1,2010-12-31 17:31:40,42.41,42.42,42.4,42.42,192959
2011-01-03,US1.JPM,1,2011-01-03 17:31:40,43.58,43.58,43.54,43.54,335907
2011-01-04,US1.JPM,1,2011-01-04 17:31:40,44.21,44.21,44.18,44.18,359588
2011-01-05,US1.JPM,1,2011-01-05 17:31:40,44.76,44.77,44.69,44.7,377620
2011-01-06,US1.JPM,1,2011-01-06 17:31:40,44.48,44.5,44.47,44.49,251656
2011-01-07,US1.JPM,1,2011-01-07 17:31:40,43.67,43.705,43.62,43.63,427969
2011-01-08,US1.JPM,1,2011-01-08 00:00:00,43.63,43.67,43.62,43.64,561643
2011-01-10,US1.JPM,1,2011-01-10 17:31:40,43.45,43.4799,43.43,43.44,190374
2011-01-11,US1.JPM,1,2011-01-11 17:31:40,43.635,43.64,43.59,43.6,259269
2011-01-12,US1.JPM,1,2011-01-12 17:31:40,44.7,44.74,44.68,44.72,271537
2011-01-13,US1.JPM,1,2011-01-13 17:31:40,44.47,44.47,44.45,44.45,349816
2011-01-14,US1.JPM,1,2011-01-14 17:31:40,44.74,44.85,44.61,44.85,1170854
2011-01-15,US1.JPM,1,2011-01-15 00:00:00,44.85,44.95,44.69,44.91,1434967
2011-01-18,US1.JPM,1,2011-01-18 17:31:40,44.7699,44.78,44.75,44.775,436972
2011-01-19,US1.JPM,1,2011-01-19 17:31:40,43.69,43.73,43.68,43.708,627740
2011-01-20,US1.JPM,1,2011-01-20 17:31:40,44.685,44.69,44.66,44.67,220384
2011-01-21,US1.JPM,1,2011-01-21 17:31:40,45.24,45.3,45.24,45.2896,642570
2011-01-22,US1.JPM,1,2011-01-22 00:00:00,45.2897,45.305,45.24,45.28,716845
2011-01-24,US1.JPM,1,2011-01-24 17:31:40,45.0,45.02,44.98,45.01,234443
2011-01-25,US1.JPM,1,2011-01-25 17:31:40,44.84,44.89,44.83,44.89,217500
2011-01-26,US1.JPM,1,2011-01-26 17:31:40,45.0,45.02,44.99,45.0,261419
2011-01-27,US1.JPM,1,2011-01-27 17:31:40,45.12,45.12,45.08,45.11,194767
2011-01-28,US1.JPM,1,2011-01-28 17:31:40,44.57,44.58,44.51,44.51,388057
2011-01-29,US1.JPM,1,2011-01-29 00:00:00,44.51,44.57,44.5,44.56,393474
2011-01-31,US1.JPM,1,2011-01-31 17:31:40,44.92,44.94,44.91,44.9399,172621
2011-02-01,US1.JPM,1,2011-02-01 17:31:40,45.9,45.91,45.87,45.91,378223
2011-02-02,US1.JPM,1,2011-02-02 17:31:40,45.47,45.49,45.46,45.46,140969
2011-02-03,US1.JPM,1,2011-02-03 17:31:40,45.482,45.49,45.46,45.47,103941
2011-02-04,US1.JPM,1,2011-02-04 17:31:40,44.6012,44.63,44.59,44.5999,368614
2011-02-05,US1.JPM,1,2011-02-05 00:00:00,44.6,44.62,44.57,44.6,330731
2011-02-07,US1.JPM,1,2011-02-07 17:31:40,45.515,45.53,45.5,45.51,501740
2011-02-08,US1.JPM,1,2011-02-08 17:31:40,45.77,45.77,45.75,45.7684,140559
2011-02-09,US1.JPM,1,2011-02-09 17:31:40,45.0599,45.09,45.05,45.09,394245
2011-02-10,US1.JPM,1,2011-02-10 17:31:40,45.46,45.51,45.46,45.49,343690
2011-02-11,US1.JPM,1,2011-02-11 17:31:40,46.59,46.6,46.58,46.585,272161
2011-02-12,US1.JPM,1,2011-02-12 00:00:00,46.585,46.59,46.57,46.58,427338
2011-02-14,US1.JPM,1,2011-02-14 17:31:40,46.535,46.54,46.53,46.535,176997
2011-02-15,US1.JPM,1,2011-02-15 17:31:40,46.78,46.81,46.78,46.805,226448
2011-02-16,US1.JPM,1,2011-02-16 17:31:40,47.87,47.9,47.86,47.89,359077
2011-02-17,US1.JPM,1,2011-02-17 17:31:40,47.82,47.82,47.81,47.815,67620
2011-02-18,US1.JPM,1,2011-02-18 17:31:40,47.9501,47.96,47.95,47.96,191817
2011-02-19,US1.JPM,1,2011-02-19 00:00:00,47.955,47.99,47.92,47.96,627412
2011-02-22,US1.JPM,1,2011-02-22 17:31:40,46.05,46.08,46.02,46.05,400515
2011-02-23,US1.JPM,1,2011-02-23 17:31:40,46.01,46.03,45.98,45.98,276852
2011-02-24,US1.JPM,1,2011-02-24 17:31:40,45.91,45.94,45.89,45.9,253764
2011-02-25,US1.JPM,1,2011-02-25 17:31:40,46.75,46.78,46.75,46.77,499968
2011-02-26,US1.JPM,1,2011-02-26 00:00:00,46.755,46.78,46.7,46.72,593751
2011-02-28,US1.JPM,1,2011-02-28 17:31:40,46.71,46.73,46.7,46.73,315925
2011-03-01,US1.JPM,1,2011-03-01 17:31:40,45.68,45.69,45.6,45.615,389828
2011-03-02,US1.JPM,1,2011-03-02 17:31:40,45.14,45.19,45.14,45.18,303554
2011-03-03,US1.JPM,1,2011-03-03 17:31:40,46.16,46.16,46.08,46.085,276664
2011-03-04,US1.JPM,1,2011-03-04 17:31:40,45.5,45.52,45.48,45.5,278719
2011-03-05,US1.JPM,1,2011-03-05 00:00:00,45.52,45.55,45.5,45.52,441895
2011-03-07,US1.JPM,1,2011-03-07 17:31:40,45.28,45.29,45.22,45.22,161181
2011-03-08,US1.JPM,1,2011-03-08 17:31:40,46.39,46.41,46.39,46.4,332145
2011-03-09,US1.JPM,1,2011-03-09 17:31:40,46.59,46.62,46.59,46.61,115738
2011-03-10,US1.JPM,1,2011-03-10 17:31:40,45.54,45.56,45.53,45.55,235749
2011-03-11,US1.JPM,1,2011-03-11 17:31:40,45.725,45.73,45.71,45.725,251844
2011-03-12,US1.JPM,1,2011-03-12 00:00:00,45.72,45.74,45.71,45.72,423407
2011-03-14,US1.JPM,1,2011-03-14 23:58:20,45.1,45.1101,45.08,45.107,80743
2011-03-15,US1.JPM,1,2011-03-15 23:58:20,44.31,44.33,44.24,44.26,122656
2011-03-16,US1.JPM,1,2011-03-16 23:58:20,44.28,44.29,44.27,44.28,24627
2011-03-17,US1.JPM,1,2011-03-17 23:58:20,44.22,44.28,44.21,44.28,99038
2011-03-18,US1.JPM,1,2011-03-18 23:58:20,44.89,44.902,44.865,44.9,88637
2011-03-21,US1.JPM,1,2011-03-21 23:58:20,45.891,45.9,45.872,45.9,46358
2011-03-22,US1.JPM,1,2011-03-22 23:58:20,45.515,45.53,45.5,45.5001,30196
2011-03-23,US1.JPM,1,2011-03-23 23:58:20,44.8,44.81,44.77,44.79,115139
2011-03-24,US1.JPM,1,2011-03-24 23:58:20,45.28,45.28,45.2499,45.2499,34934
2011-03-25,US1.JPM,1,2011-03-25 23:58:20,45.93,45.9625,45.91,45.91,215339
2011-03-28,US1.JPM,1,2011-03-28 17:31:40,45.98,45.99,45.98,45.98,124317
2011-03-29,US1.JPM,1,2011-03-29 17:31:40,45.98,46.01,45.98,46.01,132535
2011-03-30,US1.JPM,1,2011-03-30 17:31:40,46.435,46.44,46.42,46.43,146114
2011-03-31,US1.JPM,1,2011-03-31 17:31:40,46.13,46.15,46.13,46.13,204017
2011-04-01,US1.JPM,1,2011-04-01 17:31:40,46.34,46.37,46.34,46.37,220518
2011-04-02,US1.JPM,1,2011-04-02 00:00:00,46.345,46.38,46.34,46.36,406946
2011-04-04,US1.JPM,1,2011-04-04 17:31:40,46.29,46.31,46.28,46.3,131492
2011-04-05,US1.JPM,1,2011-04-05 17:31:40,46.59,46.61,46.59,46.59,235779
2011-04-06,US1.JPM,1,2011-04-06 17:31:40,47.63,47.66,47.62,47.65,264539
2011-04-07,US1.JPM,1,2011-04-07 17:31:40,47.37,47.39,47.37,47.38,145502
2011-04-08,US1.JPM,1,2011-04-08 17:31:40,46.84,46.84,46.82,46.84,403015
2011-04-09,US1.JPM,1,2011-04-09 00:00:00,46.84,46.86,46.82,46.82,413630
2011-04-11,US1.JPM,1,2011-04-11 17:31:40,46.862,46.87,46.86,46.8695,96551
2011-04-12,US1.JPM,1,2011-04-12 17:31:40,46.7,46.71,46.68,46.7,222175
2011-04-13,US1.JPM,1,2011-04-13 17:31:40,46.265,46.28,46.25,46.25,417257
2011-04-14,US1.JPM,1,2011-04-14 17:31:40,45.015,45.03,45.0,45.0,375284
2011-04-15,US1.JPM,1,2011-04-15 17:31:40,44.86,44.88,44.83,44.88,583666
2011-04-16,US1.JPM,1,2011-04-16 00:00:00,44.87,44.91,44.87,44.905,374967
2011-04-18,US1.JPM,1,2011-04-18 17:31:40,43.97,43.98,43.95,43.96,228497
2011-04-19,US1.JPM,1,2011-04-19 17:31:40,44.68,44.69,44.65,44.65,295643
2011-04-20,US1.JPM,1,2011-04-20 17:31:40,44.565,44.57,44.55,44.55,251157
2011-04-21,US1.JPM,1,2011-04-21 17:31:40,44.675,44.68,44.66,44.67,141624
2011-04-22,US1.JPM,1,2011-04-22 00:00:00,44.66,44.67,44.66,44.67,254799
2011-04-25,US1.JPM,1,2011-04-25 17:31:40,44.61,44.62,44.6,44.61,171552
2011-04-26,US1.JPM,1,2011-04-26 17:31:40,45.11,45.13,45.08,45.1292,389613
2011-04-27,US1.JPM,1,2011-04-27 17:31:40,45.45,45.51,45.44,45.505,235939
2011-04-28,US1.JPM,1,2011-04-28 17:31:40,45.865,45.88,45.85,45.87,198688
2011-04-29,US1.JPM,1,2011-04-29 17:31:40,45.64,45.65,45.63,45.65,108768
2011-04-30,US1.JPM,1,2011-04-30 00:00:00,45.65,45.65,45.63,45.64,247840
2011-05-02,US1.JPM,1,2011-05-02 17:31:40,45.24,45.26,45.17,45.19,746365
2011-05-03,US1.JPM,1,2011-05-03 17:31:40,45.91,45.92,45.87,45.9,282496
2011-05-04,US1.JPM,1,2011-05-04 17:31:40,45.51,45.53,45.5,45.51,142607
2011-05-05,US1.JPM,1,2011-05-05 17:31:40,45.1714,45.21,45.17,45.19,230835
2011-05-06,US1.JPM,1,2011-05-06 17:31:40,44.995,45.03,44.98,45.01,269173
2011-05-07,US1.JPM,1,2011-05-07 00:00:00,45.015,45.04,45.01,45.03,382950
2011-05-09,US1.JPM,1,2011-05-09 17:31:40,44.96,44.97,44.95,44.955,184022
2011-05-10,US1.JPM,1,2011-05-10 17:31:40,45.145,45.16,45.14,45.15,297176
2011-05-11,US1.JPM,1,2011-05-11 17:31:40,44.305,44.31,44.27,44.29,244289
2011-05-12,US1.JPM,1,2011-05-12 17:31:40,44.09,44.09,44.07,44.07,129283
2011-05-13,US1.JPM,1,2011-05-13 17:31:40,43.155,43.16,43.14,43.15,218668
2011-05-14,US1.JPM,1,2011-05-14 00:00:00,43.14,43.17,43.14,43.16,364665
2011-05-16,US1.JPM,1,2011-05-16 17:31:40,42.935,42.95,42.92,42.93,234092
2011-05-17,US1.JPM,1,2011-05-17 17:31:40,43.795,43.82,43.79,43.82,300086
2011-05-18,US1.JPM,1,2011-05-18 17:31:40,44.04,44.04,44.03,44.03,153074
2011-05-19,US1.JPM,1,2011-05-19 17:31:40,44.0,44.01,43.99,43.995,124784
2011-05-20,US1.JPM,1,2011-05-20 17:31:40,43.15,43.175,43.14,43.17,482414
2011-05-21,US1.JPM,1,2011-05-21 00:00:00,43.17,43.18,43.13,43.13,406080
2011-05-23,US1.JPM,1,2011-05-23 17:31:40,42.54,42.55,42.53,42.54,349641
2011-05-24,US1.JPM,1,2011-05-24 17:31:40,42.34,42.34,42.3,42.305,189787
2011-05-25,US1.JPM,1,2011-05-25 17:31:40,42.3,42.32,42.29,42.31,142256
2011-05-26,US1.JPM,1,2011-05-26 17:31:40,42.415,42.42,42.41,42.42,123806
2011-05-27,US1.JPM,1,2011-05-27 17:31:40,42.785,42.79,42.77,42.7702,119850
2011-05-28,US1.JPM,1,2011-05-28 00:00:00,42.77,42.79,42.77,42.79,280990
2011-05-31,US1.JPM,1,2011-05-31 17:31:40,43.21,43.22,43.18,43.185,274088
2011-06-01,US1.JPM,1,2011-06-01 17:31:40,41.8,41.81,41.78,41.78,445630
2011-06-02,US1.JPM,1,2011-06-02 17:31:40,41.57,41.6,41.57,41.58,161527
2011-06-03,US1.JPM,1,2011-06-03 17:31:40,41.59,41.62,41.58,41.605,375943
2011-06-04,US1.JPM,1,2011-06-04 00:00:00,41.6,41.61,41.57,41.58,379518
2011-06-06,US1.JPM,1,2011-06-06 17:31:40,40.595,40.61,40.555,40.56,506950
2011-06-07,US1.JPM,1,2011-06-07 17:31:40,40.69,40.7,40.65,40.65,404442
2011-06-08,US1.JPM,1,2011-06-08 17:31:40,40.39,40.4,40.38,40.4,235796
2011-06-09,US1.JPM,1,2011-06-09 17:31:40,41.03,41.03,41.01,41.01,245402
2011-06-10,US1.JPM,1,2011-06-10 17:31:40,41.12,41.13,41.06,41.08,274140
2011-06-11,US1.JPM,1,2011-06-11 00:00:00,41.08,41.09,41.05,41.06,620800
2011-06-13,US1.JPM,1,2011-06-13 17:31:40,41.73,41.73,41.68,41.715,294932
2011-06-14,US1.JPM,1,2011-06-14 17:31:40,41.59,41.61,41.58,41.605,258305
2011-06-15,US1.JPM,1,2011-06-15 17:31:40,40.72,40.73,40.7,40.7,330580
2011-06-16,US1.JPM,1,2011-06-16 17:31:40,40.3501,40.36,40.34,40.36,381336
2011-06-17,US1.JPM,1,2011-06-17 17:31:40,40.8,40.81,40.8,40.8,250752
2011-06-18,US1.JPM,1,2011-06-18 00:00:00,40.8,40.81,40.75,40.77,463832
2011-06-20,US1.JPM,1,2011-06-20 17:31:40,40.4899,40.49,40.45,40.4501,160967
2011-06-21,US1.JPM,1,2011-06-21 17:31:40,40.9093,40.91,40.9,40.91,187874
2011-06-22,US1.JPM,1,2011-06-22 17:31:40,40.72,40.72,40.69,40.69,166486
2011-06-23,US1.JPM,1,2011-06-23 17:31:40,40.0672,40.11,40.06,40.11,497147
2011-06-24,US1.JPM,1,2011-06-24 17:31:40,39.54,39.54,39.5,39.51,418466
2011-06-25,US1.JPM,1,2011-06-25 00:00:00,39.52,39.53,39.5,39.5001,1115082
2011-06-27,US1.JPM,1,2011-06-27 17:31:40,39.9,39.9,39.87,39.8993,272491
2011-06-28,US1.JPM,1,2011-06-28 17:31:40,39.5095,39.51,39.5,39.51,230938
2011-06-29,US1.JPM,1,2011-06-29 17:31:40,40.48,40.49,40.46,40.468,375418
2011-06-30,US1.JPM,1,2011-06-30 17:31:40,40.95,40.95,40.94,40.95,170502
2011-07-01,US1.JPM,1,2011-07-01 17:31:40,41.635,41.64,41.61,41.64,314335
2011-07-02,US1.JPM,1,2011-07-02 00:00:00,41.64,41.64,41.58,41.62,583966
2011-07-05,US1.JPM,1,2011-07-05 17:31:40,41.02,41.05,41.01,41.04,309632
2011-07-06,US1.JPM,1,2011-07-06 17:31:40,40.5201,40.54,40.51,40.535,247391
2011-07-07,US1.JPM,1,2011-07-07 17:31:40,41.31,41.34,41.3,41.335,336732
2011-07-08,US1.JPM,1,2011-07-08 17:31:40,40.77,40.77,40.75,40.75,195919
2011-07-09,US1.JPM,1,2011-07-09 00:00:00,40.75,40.76,40.74,40.74,310697
2011-07-11,US1.JPM,1,2011-07-11 17:31:40,39.44,39.46,39.43,39.43,369510
2011-07-12,US1.JPM,1,2011-07-12 17:31:40,39.42,39.43,39.41,39.43,257537
2011-07-13,US1.JPM,1,2011-07-13 17:31:40,39.62,39.64,39.62,39.635,183557
2011-07-14,US1.JPM,1,2011-07-14 17:31:40,40.36,40.37,40.34,40.34,571958
2011-07-15,US1.JPM,1,2011-07-15 17:31:40,40.0,40.01,39.99,39.998,301643
2011-07-16,US1.JPM,1,2011-07-16 00:00:00,39.99,40.01,39.98,40.0,777253
2011-07-18,US1.JPM,1,2011-07-18 17:31:40,39.82,39.84,39.81,39.815,425898
2011-07-19,US1.JPM,1,2011-07-19 17:31:40,40.34,40.35,40.34,40.35,251535
2011-07-20,US1.JPM,1,2011-07-20 17:31:40,40.9,40.93,40.9,40.91,467719
2011-07-21,US1.JPM,1,2011-07-21 17:31:40,42.275,42.29,42.26,42.265,423657
2011-07-22,US1.JPM,1,2011-07-22 17:31:40,42.14,42.17,42.14,42.17,194856
2011-07-23,US1.JPM,1,2011-07-23 00:00:00,42.17,42.17,42.14,42.17,234706
2011-07-25,US1.JPM,1,2011-07-25 17:31:40,41.66,41.69,41.65,41.68,351940
2011-07-26,US1.JPM,1,2011-07-26 17:31:40,41.435,41.44,41.43,41.4301,161800
2011-07-27,US1.JPM,1,2011-07-27 17:31:40,40.73,40.75,40.71,40.74,288191
2011-07-28,US1.JPM,1,2011-07-28 17:31:40,40.76,40.76,40.69,40.7,250519
2011-07-29,US1.JPM,1,2011-07-29 17:31:40,40.53,40.53,40.49,40.51,363369
2011-07-30,US1.JPM,1,2011-07-30 00:00:00,40.51,40.51,40.41,40.42,525848
2011-08-01,US1.JPM,1,2011-08-01 17:31:40,40.45,40.47,40.44,40.465,126728
2011-08-02,US1.JPM,1,2011-08-02 17:31:40,39.94,39.95,39.87,39.875,504709
2011-08-03,US1.JPM,1,2011-08-03 17:31:40,39.885,39.92,39.88,39.91,270205
2011-08-04,US1.JPM,1,2011-08-04 17:31:40,37.97,38.0,37.89,37.89,784159
2011-08-05,US1.JPM,1,2011-08-05 17:31:40,37.695,37.7,37.67,37.67,534792
2011-08-06,US1.JPM,1,2011-08-06 00:00:00,37.67,37.68,37.6,37.61,731849
2011-08-08,US1.JPM,1,2011-08-08 17:31:40,34.24,34.26,34.2,34.23,1356067
2011-08-09,US1.JPM,1,2011-08-09 17:31:40,36.14,36.29,36.1,36.29,1276315
2011-08-10,US1.JPM,1,2011-08-10 17:31:40,34.24,34.29,34.18,34.28,1151183
2011-08-11,US1.JPM,1,2011-08-11 17:31:40,36.84,36.86,36.69,36.715,1314417
2011-08-12,US1.JPM,1,2011-08-12 17:31:40,35.96,35.96,35.93,35.935,312500
2011-08-13,US1.JPM,1,2011-08-13 00:00:00,35.935,35.97,35.92,35.94,679714
2011-08-15,US1.JPM,1,2011-08-15 17:31:40,36.855,36.87,36.83,36.87,552916
2011-08-16,US1.JPM,1,2011-08-16 17:31:40,36.01,36.04,36.0,36.04,240201
2011-08-17,US1.JPM,1,2011-08-17 17:31:40,36.6,36.61,36.55,36.56,186626
2011-08-18,US1.JPM,1,2011-08-18 17:31:40,35.195,35.21,35.15,35.17,703959
2011-08-19,US1.JPM,1,2011-08-19 17:31:40,34.36,34.37,34.3,34.3,689073
2011-08-20,US1.JPM,1,2011-08-20 00:00:00,34.3,34.37,34.26,34.29,1073918
2011-08-22,US1.JPM,1,2011-08-22 17:31:40,33.41,33.41,33.37,33.37,657151
2011-08-23,US1.JPM,1,2011-08-23 17:31:40,34.69,34.8,34.68,34.79,931616
2011-08-24,US1.JPM,1,2011-08-24 17:31:40,35.8,35.83,35.79,35.8,404289
2011-08-25,US1.JPM,1,2011-08-25 17:31:40,35.72,35.74,35.7,35.71,254577
2011-08-26,US1.JPM,1,2011-08-26 17:31:40,36.13,36.17,36.1275,36.16,381101
2011-08-27,US1.JPM,1,2011-08-27 00:00:00,36.155,36.21,36.13,36.19,718205
2011-08-29,US1.JPM,1,2011-08-29 17:31:40,37.61,37.63,37.6,37.62,385088
2011-08-30,US1.JPM,1,2011-08-30 17:31:40,37.145,37.15,37.09,37.09,476492
2011-08-31,US1.JPM,1,2011-08-31 17:31:40,37.49,37.49,37.4,37.4215,394800
2011-09-01,US1.JPM,1,2011-09-01 17:31:40,36.34,36.35,36.3,36.31,514486
2011-09-02,US1.JPM,1,2011-09-02 17:31:40,34.71,34.71,34.65,34.66,561977
2011-09-03,US1.JPM,1,2011-09-03 00:00:00,34.65,34.67,34.63,34.64,934397
2011-09-06,US1.JPM,1,2011-09-06 17:31:40,33.43,33.5,33.41,33.49,554061
2011-09-07,US1.JPM,1,2011-09-07 17:31:40,34.805,34.83,34.79,34.82,603467
2011-09-08,US1.JPM,1,2011-09-08 17:31:40,33.55,33.56,33.53,33.539,454512
2011-09-09,US1.JPM,1,2011-09-09 17:31:40,32.11,32.14,32.11,32.11,800032
2011-09-10,US1.JPM,1,2011-09-10 00:00:00,32.11,32.12,32.04,32.07,1583626
2011-09-12,US1.JPM,1,2011-09-12 17:31:40,32.37,32.38,32.35,32.372,487562
2011-09-13,US1.JPM,1,2011-09-13 17:31:40,32.51,32.53,32.51,32.53,320098
2011-09-14,US1.JPM,1,2011-09-14 17:31:40,32.86,32.86,32.8,32.8,351610
2011-09-15,US1.JPM,1,2011-09-15 17:31:40,33.75,33.78,33.74,33.78,408456
2011-09-16,US1.JPM,1,2011-09-16 17:31:40,33.54,33.55,33.43,33.43,1129647
2011-09-17,US1.JPM,1,2011-09-17 00:00:00,33.435,33.47,33.43,33.45,1004044
2011-09-19,US1.JPM,1,2011-09-19 17:31:40,32.46,32.49,32.44,32.47,414244
2011-09-20,US1.JPM,1,2011-09-20 17:31:40,32.31,32.35,32.3,32.325,218228
2011-09-21,US1.JPM,1,2011-09-21 17:31:40,30.32,30.34,30.3,30.33,1198861
2011-09-22,US1.JPM,1,2011-09-22 17:31:40,29.31,29.38,29.3,29.305,753194
2011-09-23,US1.JPM,1,2011-09-23 17:31:40,29.54,29.58,29.53,29.57,504960
2011-09-24,US1.JPM,1,2011-09-24 00:00:00,29.57,29.61,29.56,29.57,792859
2011-09-26,US1.JPM,1,2011-09-26 17:31:40,31.79,31.81,31.75,31.78,1343875
2011-09-27,US1.JPM,1,2011-09-27 17:31:40,31.43,31.55,31.41,31.53,571532
2011-09-28,US1.JPM,1,2011-09-28 17:31:40,30.455,30.48,30.45,30.47,663391
2011-09-29,US1.JPM,1,2011-09-29 17:31:40,31.2,31.3,31.19,31.3,689741
2011-09-30,US1.JPM,1,2011-09-30 17:31:40,30.21,30.24,30.14,30.17,1023108
2011-10-01,US1.JPM,1,2011-10-01 00:00:00,30.17,30.18,30.12,30.12,1293867
2011-10-03,US1.JPM,1,2011-10-03 17:31:40,28.82,28.83,28.69,28.69,1216964
2011-10-04,US1.JPM,1,2011-10-04 17:31:40,30.17,30.43,30.035,30.43,1242161
2011-10-05,US1.JPM,1,2011-10-05 17:31:40,30.86,30.89,30.83,30.87,516704
2011-10-06,US1.JPM,1,2011-10-06 17:31:40,32.42,32.45,32.39,32.42,830852
2011-10-07,US1.JPM,1,2011-10-07 17:31:40,30.68,30.73,30.65,30.7,674873
2011-10-08,US1.JPM,1,2011-10-08 00:00:00,30.69,30.73,30.68,30.71,874361
2011-10-10,US1.JPM,1,2011-10-10 17:31:40,32.23,32.3,32.22,32.3,808179
2011-10-11,US1.JPM,1,2011-10-11 17:31:40,32.26,32.28,32.25,32.25,315182
2011-10-12,US1.JPM,1,2011-10-12 17:31:40,33.14,33.21,33.12,33.18,514418
2011-10-13,US1.JPM,1,2011-10-13 17:31:40,31.6,31.64,31.59,31.63,567715
2011-10-14,US1.JPM,1,2011-10-14 17:31:40,31.82,31.89,31.81,31.8776,698420
2011-10-15,US1.JPM,1,2011-10-15 00:00:00,31.88,31.91,31.84,31.89,1185298
2011-10-17,US1.JPM,1,2011-10-17 17:31:40,31.04,31.05,31.0,31.0,652533
2011-10-18,US1.JPM,1,2011-10-18 17:31:40,32.75,32.915,32.7,32.84,751039
2011-10-19,US1.JPM,1,2011-10-19 17:31:40,32.25,32.25,32.19,32.195,440386
2011-10-20,US1.JPM,1,2011-10-20 17:31:40,33.03,33.17,33.03,33.16,615219
2011-10-21,US1.JPM,1,2011-10-21 17:31:40,33.44,33.5,33.42,33.47,710635
2011-10-22,US1.JPM,1,2011-10-22 00:00:00,33.47,33.52,33.43,33.46,1247555
2011-10-24,US1.JPM,1,2011-10-24 17:31:40,34.58,34.6,34.555,34.6,628190
2011-10-25,US1.JPM,1,2011-10-25 17:31:40,33.39,33.4,33.36,33.36,632918
2011-10-26,US1.JPM,1,2011-10-26 17:31:40,34.16,34.24,34.15,34.24,395673
2011-10-27,US1.JPM,1,2011-10-27 17:31:40,36.92,37.0,36.91,36.99,635996
2011-10-28,US1.JPM,1,2011-10-28 17:31:40,36.69,36.74,36.68,36.69,350808
2011-10-29,US1.JPM,1,2011-10-29 00:00:00,36.68,36.74,36.68,36.7,480350
2011-10-31,US1.JPM,1,2011-10-31 17:31:40,34.85,34.86,34.81,34.81,558379
2011-11-01,US1.JPM,1,2011-11-01 17:31:40,32.6508,32.67,32.61,32.61,838969
2011-11-02,US1.JPM,1,2011-11-02 17:31:40,33.72,33.74,33.66,33.73,709566
2011-11-03,US1.JPM,1,2011-11-03 17:31:40,34.4,34.44,34.38,34.42,292141
2011-11-04,US1.JPM,1,2011-11-04 17:31:40,33.92,33.94,33.9,33.9,169432
2011-11-05,US1.JPM,1,2011-11-05 00:00:00,33.905,34.0,33.89,33.99,570014
2011-11-07,US1.JPM,1,2011-11-07 17:31:40,33.9998,34.05,33.99,34.04,54839
2011-11-08,US1.JPM,1,2011-11-08 17:31:40,34.932,34.94,34.8816,34.93,176119
2011-11-09,US1.JPM,1,2011-11-09 17:31:40,32.8699,32.87,32.81,32.82,98763
2011-11-10,US1.JPM,1,2011-11-10 17:31:40,32.6173,32.64,32.61,32.6105,21357
2011-11-11,US1.JPM,1,2011-11-11 17:31:40,33.22,33.22,33.17,33.17,56282
2011-11-12,US1.JPM,1,2011-11-12 02:46:40,33.315,33.37,33.27,33.28,1071189
2011-11-14,US1.JPM,1,2011-11-14 17:31:40,32.23,32.26,32.23,32.24,56187
2011-11-15,US1.JPM,1,2011-11-15 17:31:40,32.982,32.995,32.98,32.98,46115
2011-11-16,US1.JPM,1,2011-11-16 17:31:40,32.17,32.19,32.16,32.19,32158
2011-11-17,US1.JPM,1,2011-11-17 17:31:40,30.52,30.54,30.5,30.535,246946
2011-11-18,US1.JPM,1,2011-11-18 17:31:40,30.635,30.68,30.635,30.66,91364
2011-11-19,US1.JPM,1,2011-11-19 02:46:40,30.615,30.63,30.6,30.61,576879
2011-11-21,US1.JPM,1,2011-11-21 17:31:40,29.8673,29.87,29.84,29.86,70913
2011-11-22,US1.JPM,1,2011-11-22 17:31:40,29.505,29.55,29.5,29.54,108086
2011-11-23,US1.JPM,1,2011-11-23 17:31:40,28.565,28.5782,28.56,28.57,67701
2011-11-24,US1.JPM,1,2011-11-24 02:46:40,28.41,28.42,28.38,28.39,1019996
2011-11-25,US1.JPM,1,2011-11-25 17:00:00,28.45,28.45,28.45,28.45,1000
2011-11-26,US1.JPM,1,2011-11-26 01:36:40,28.5,28.5,28.5,28.5,100
2011-11-28,US1.JPM,1,2011-11-28 17:31:40,29.14,29.2,29.13,29.17,127870
2011-11-29,US1.JPM,1,2011-11-29 17:31:40,28.52,28.55,28.51,28.51,67267
2011-11-30,US1.JPM,1,2011-11-30 17:31:40,30.809,30.84,30.79,30.79,190609
2011-12-01,US1.JPM,1,2011-12-01 17:31:40,30.43,30.44,30.39,30.4,86124
2011-12-02,US1.JPM,1,2011-12-02 17:31:40,32.372,32.375,32.36,32.365,130525
2011-12-03,US1.JPM,1,2011-12-03 02:46:40,32.48,32.49,32.32,32.34,1832841
2011-12-05,US1.JPM,1,2011-12-05 17:31:40,33.555,33.56,33.54,33.545,239626
2011-12-06,US1.JPM,1,2011-12-06 17:31:40,33.38,33.39,33.34,33.356,127453
2011-12-07,US1.JPM,1,2011-12-07 17:31:40,33.591,33.6288,33.57,33.62,199607
2011-12-08,US1.JPM,1,2011-12-08 17:31:40,32.37,32.39,32.36,32.372,71260
2011-12-09,US1.JPM,1,2011-12-09 17:31:40,33.06,33.06,33.015,33.03,56846
2011-12-10,US1.JPM,1,2011-12-10 02:46:40,33.245,33.25,33.1,33.13,1081360
2011-12-12,US1.JPM,1,2011-12-12 17:31:40,31.86,31.89,31.85,31.885,58341
2011-12-13,US1.JPM,1,2011-12-13 17:31:40,31.43,31.48,31.42,31.46,81705
2011-12-14,US1.JPM,1,2011-12-14 17:31:40,31.42,31.42,31.41,31.41,97055
2011-12-15,US1.JPM,1,2011-12-15 17:31:40,31.965,31.97,31.915,31.92,49579
2011-12-16,US1.JPM,1,2011-12-16 17:31:40,31.94,31.96,31.932,31.95,55627
2011-12-17,US1.JPM,1,2011-12-17 02:46:40,31.895,31.96,31.89,31.9,1114775
2011-12-19,US1.JPM,1,2011-12-19 17:31:40,30.8335,30.84,30.8,30.8,92431
2011-12-20,US1.JPM,1,2011-12-20 17:31:40,32.29,32.2998,32.27,32.27,198871
2011-12-21,US1.JPM,1,2011-12-21 17:31:40,32.133,32.14,32.12,32.13,37490
2011-12-22,US1.JPM,1,2011-12-22 17:31:40,33.26,33.29,33.25,33.289,144662
2011-12-23,US1.JPM,1,2011-12-23 17:31:40,33.45,33.46,33.44,33.4409,35063
2011-12-24,US1.JPM,1,2011-12-24 02:46:40,33.58,33.6,33.56,33.57,592337
2011-12-27,US1.JPM,1,2011-12-27 17:31:40,33.158,33.17,33.13,33.17,60016
2011-12-28,US1.JPM,1,2011-12-28 17:31:40,32.74,32.76,32.73,32.76,34801
2011-12-29,US1.JPM,1,2011-12-29 17:31:40,33.21,33.23,33.21,33.22,20619
2011-12-30,US1.JPM,1,2011-12-30 17:31:40,33.24,33.24,33.23,33.235,21387
2011-12-31,US1.JPM,1,2011-12-31 02:46:40,33.26,33.27,33.24,33.25,376358
2012-01-03,US1.JPM,1,2012-01-03 17:31:40,35.185,35.19,35.15,35.15,116410
2012-01-04,US1.JPM,1,2012-01-04 17:31:40,35.09,35.09,35.07,35.07,31807
2012-01-05,US1.JPM,1,2012-01-05 17:31:40,35.735,35.7371,35.72,35.7202,59685
2012-01-06,US1.JPM,1,2012-01-06 17:31:40,35.33,35.335,35.32,35.32,39240
2012-01-07,US1.JPM,1,2012-01-07 02:46:40,35.33,35.37,35.32,35.36,496990
2012-01-09,US1.JPM,1,2012-01-09 17:31:40,35.155,35.16,35.15,35.16,21563
2012-01-10,US1.JPM,1,2012-01-10 17:31:40,36.15,36.175,36.145,36.175,73272
2012-01-11,US1.JPM,1,2012-01-11 17:31:40,36.4,36.405,36.38,36.3997,54481
2012-01-12,US1.JPM,1,2012-01-12 17:31:40,36.61,36.61,36.58,36.59,35853
2012-01-13,US1.JPM,1,2012-01-13 17:31:40,35.71,35.74,35.7,35.74,83334
2012-01-14,US1.JPM,1,2012-01-14 02:46:40,35.87,35.91,35.87,35.9,681203
2012-01-17,US1.JPM,1,2012-01-17 17:31:40,34.975,34.99,34.97,34.98,46962
2012-01-18,US1.JPM,1,2012-01-18 17:31:40,36.51,36.51,36.44,36.4402,119158
2012-01-19,US1.JPM,1,2012-01-19 17:31:40,36.78,36.78,36.76,36.765,34574
2012-01-20,US1.JPM,1,2012-01-20 17:31:40,37.081,37.1,37.07,37.09,102152
2012-01-21,US1.JPM,1,2012-01-21 02:46:40,37.23,37.37,37.225,37.37,1515633
2012-01-23,US1.JPM,1,2012-01-23 17:31:40,37.49,37.56,37.49,37.56,91692
2012-01-24,US1.JPM,1,2012-01-24 17:31:40,37.73,37.73,37.71,37.71,22146
2012-01-25,US1.JPM,1,2012-01-25 17:31:40,37.6,37.6,37.55,37.59,114997
2012-01-26,US1.JPM,1,2012-01-26 17:31:40,37.43,37.44,37.43,37.43,20592
2012-01-27,US1.JPM,1,2012-01-27 17:31:40,37.3502,37.39,37.33,37.35,141020
2012-01-28,US1.JPM,1,2012-01-28 02:46:40,37.295,37.3,37.2,37.24,683398
2012-01-30,US1.JPM,1,2012-01-30 17:31:40,37.08,37.09,37.07,37.0842,15939
2012-01-31,US1.JPM,1,2012-01-31 17:31:40,37.36,37.36,37.34,37.34,34327
2012-02-01,US1.JPM,1,2012-02-01 17:31:40,37.82,37.82,37.8,37.8,21816
2012-02-02,US1.JPM,1,2012-02-02 17:31:40,37.668,37.7,37.66,37.69,37744
2012-02-03,US1.JPM,1,2012-02-03 17:31:40,38.15,38.17,38.15,38.165,91554
2012-02-04,US1.JPM,1,2012-02-04 02:46:40,38.355,38.4,38.27,38.27,1545983
2012-02-06,US1.JPM,1,2012-02-06 17:31:40,38.16,38.16,38.15,38.16,7410
2012-02-07,US1.JPM,1,2012-02-07 17:31:40,37.9,37.91,37.89,37.905,43730
2012-02-08,US1.JPM,1,2012-02-08 17:31:40,38.29,38.29,38.28,38.2838,4950
2012-02-09,US1.JPM,1,2012-02-09 17:31:40,37.9686,37.969,37.9443,37.95,135863
2012-02-10,US1.JPM,1,2012-02-10 17:31:40,37.4201,37.43,37.41,37.4105,32229
2012-02-11,US1.JPM,1,2012-02-11 02:46:40,37.56,37.63,37.55,37.6,305667
2012-02-13,US1.JPM,1,2012-02-13 17:31:40,38.26,38.26,38.25,38.25,44531
2012-02-14,US1.JPM,1,2012-02-14 17:31:40,37.61,37.615,37.59,37.605,43600
2012-02-15,US1.JPM,1,2012-02-15 17:31:40,37.52,37.5277,37.5,37.51,29681
2012-02-16,US1.JPM,1,2012-02-16 17:31:40,37.98,37.98,37.97,37.975,10415
2012-02-17,US1.JPM,1,2012-02-17 17:31:40,38.47,38.47,38.45,38.46,30822
2012-02-18,US1.JPM,1,2012-02-18 02:46:40,38.49,38.49,38.47,38.49,445856
2012-02-21,US1.JPM,1,2012-02-21 17:31:40,38.5,38.5,38.48,38.49,20959
2012-02-22,US1.JPM,1,2012-02-22 17:31:40,37.97,37.97,37.95,37.9563,40214
2012-02-23,US1.JPM,1,2012-02-23 17:31:40,38.26,38.27,38.25,38.27,23691
2012-02-24,US1.JPM,1,2012-02-24 17:31:40,38.2501,38.26,38.24,38.26,55282
2012-02-25,US1.JPM,1,2012-02-25 02:46:40,38.265,38.29,38.26,38.29,211172
2012-02-27,US1.JPM,1,2012-02-27 17:31:40,38.915,38.92,38.91,38.91,6530
2012-02-28,US1.JPM,1,2012-02-28 17:31:40,39.21,39.215,39.19,39.2,52301
2012-02-29,US1.JPM,1,2012-02-29 17:31:40,39.64,39.65,39.6,39.62,105854
2012-03-01,US1.JPM,1,2012-03-01 17:31:40,40.29,40.29,40.26,40.26,33701
2012-03-02,US1.JPM,1,2012-03-02 17:31:40,40.5395,40.54,40.52,40.527,32857
2012-03-03,US1.JPM,1,2012-03-03 02:46:40,40.635,40.64,40.63,40.64,476788
2012-03-05,US1.JPM,1,2012-03-05 17:31:40,40.275,40.33,40.26,40.3,73345
2012-03-06,US1.JPM,1,2012-03-06 17:31:40,39.26,39.26,39.23,39.24,40634
2012-03-07,US1.JPM,1,2012-03-07 17:31:40,40.015,40.02,40.01,40.02,11234
2012-03-08,US1.JPM,1,2012-03-08 17:31:40,40.55,40.56,40.54,40.5413,151474
2012-03-09,US1.JPM,1,2012-03-09 17:31:40,41.03,41.1,41.02,41.09,273897
2012-03-10,US1.JPM,1,2012-03-10 02:46:40,41.0,41.06,41.0,41.05,609359
2012-03-12,US1.JPM,1,2012-03-12 17:31:40,40.545,40.56,40.54,40.555,183801
2012-03-13,US1.JPM,1,2012-03-13 17:31:40,43.44,43.5,43.35,43.37,1172622
2012-03-14,US1.JPM,1,2012-03-14 17:31:40,43.53,43.55,43.52,43.5487,221514
2012-03-15,US1.JPM,1,2012-03-15 17:31:40,44.65,44.7,44.65,44.7,408206
2012-03-16,US1.JPM,1,2012-03-16 17:31:40,44.51,44.53,44.5,44.52,312291
2012-03-17,US1.JPM,1,2012-03-17 00:00:00,44.53,44.58,44.52,44.57,478277
2012-03-19,US1.JPM,1,2012-03-19 17:31:40,44.985,44.99,44.98,44.985,162482
2012-03-20,US1.JPM,1,2012-03-20 17:31:40,45.33,45.37,45.33,45.37,190999
2012-03-21,US1.JPM,1,2012-03-21 17:31:40,45.18,45.18,45.15,45.1503,123364
2012-03-22,US1.JPM,1,2012-03-22 17:31:40,44.71,44.71,44.68,44.68,227247
2012-03-23,US1.JPM,1,2012-03-23 17:31:40,45.24,45.25,45.22,45.25,279941
2012-03-24,US1.JPM,1,2012-03-24 00:00:00,45.245,45.25,45.17,45.19,643805
2012-03-26,US1.JPM,1,2012-03-26 17:31:40,46.12,46.14,46.1,46.13,324615
2012-03-27,US1.JPM,1,2012-03-27 17:31:40,45.91,45.95,45.9,45.9401,219903
2012-03-28,US1.JPM,1,2012-03-28 17:31:40,46.27,46.28,46.24,46.25,206911
2012-03-29,US1.JPM,1,2012-03-29 17:31:40,45.715,45.73,45.7,45.71,169303
2012-03-30,US1.JPM,1,2012-03-30 17:31:40,45.93,45.94,45.92,45.92,206903
2012-03-31,US1.JPM,1,2012-03-31 00:00:00,45.93,45.96,45.92,45.94,460507
2012-04-02,US1.JPM,1,2012-04-02 17:31:40,46.16,46.17,46.12,46.12,212997
2012-04-03,US1.JPM,1,2012-04-03 17:31:40,45.435,45.45,45.42,45.445,124226
2012-04-04,US1.JPM,1,2012-04-04 17:31:40,44.48,44.5,44.47,44.48,284688
2012-04-05,US1.JPM,1,2012-04-05 17:31:40,44.355,44.36,44.34,44.35,204291
2012-04-06,US1.JPM,1,2012-04-06 00:00:00,44.345,44.35,44.32,44.3301,447907
2012-04-09,US1.JPM,1,2012-04-09 17:31:40,43.94,43.97,43.9,43.91,244538
2012-04-10,US1.JPM,1,2012-04-10 17:31:40,43.08,43.1,43.03,43.04,330904
2012-04-11,US1.JPM,1,2012-04-11 17:31:40,44.0,44.03,43.99,43.99,250970
2012-04-12,US1.JPM,1,2012-04-12 17:31:40,44.8,44.81,44.78,44.79,359019
2012-04-13,US1.JPM,1,2012-04-13 17:31:40,43.18,43.18,43.09,43.11,434205
2012-04-14,US1.JPM,1,2012-04-14 00:00:00,43.11,43.21,43.1,43.21,844758
2012-04-16,US1.JPM,1,2012-04-16 17:31:40,43.3701,43.38,43.35,43.38,246964
2012-04-17,US1.JPM,1,2012-04-17 17:31:40,43.95,43.96,43.93,43.94,287761
2012-04-18,US1.JPM,1,2012-04-18 17:31:40,43.34,43.36,43.33,43.35,221622
2012-04-19,US1.JPM,1,2012-04-19 17:31:40,43.19,43.22,43.18,43.19,142631
2012-04-20,US1.JPM,1,2012-04-20 17:31:40,42.78,42.79,42.74,42.74,364736
2012-04-21,US1.JPM,1,2012-04-21 00:00:00,42.74,42.76,42.74,42.745,719488
2012-04-23,US1.JPM,1,2012-04-23 17:31:40,42.9,42.9,42.85,42.855,134276
2012-04-24,US1.JPM,1,2012-04-24 17:31:40,43.26,43.3,43.26,43.291,236449
2012-04-25,US1.JPM,1,2012-04-25 17:31:40,43.15,43.16,43.13,43.14,340008
2012-04-26,US1.JPM,1,2012-04-26 17:31:40,43.75,43.76,43.72,43.75,323408
2012-04-27,US1.JPM,1,2012-04-27 17:31:40,43.39,43.41,43.36,43.375,648299
2012-04-28,US1.JPM,1,2012-04-28 00:00:00,43.37,43.42,43.35,43.355,818948
2012-04-30,US1.JPM,1,2012-04-30 17:31:40,42.92,42.97,42.92,42.961,316529
2012-05-01,US1.JPM,1,2012-05-01 17:31:40,43.79,43.79,43.75,43.76,232318
2012-05-02,US1.JPM,1,2012-05-02 17:31:40,43.23,43.23,43.22,43.22,103690
2012-05-03,US1.JPM,1,2012-05-03 17:31:40,43.03,43.03,42.99,42.993,140987
2012-05-04,US1.JPM,1,2012-05-04 17:31:40,41.79,41.8,41.73,41.73,471409
2012-05-05,US1.JPM,1,2012-05-05 00:00:00,41.73,41.76,41.71,41.72,565096
2012-05-07,US1.JPM,1,2012-05-07 17:31:40,41.81,41.81,41.76,41.8,217771
2012-05-08,US1.JPM,1,2012-05-08 17:31:40,41.46,41.47,41.4,41.4,172892
2012-05-09,US1.JPM,1,2012-05-09 17:31:40,40.7,40.71,40.69,40.69,176567
2012-05-10,US1.JPM,1,2012-05-10 17:31:40,40.62,40.65,40.62,40.64,316025
2012-05-11,US1.JPM,1,2012-05-11 17:31:40,36.95,36.96,36.94,36.96,925862
2012-05-12,US1.JPM,1,2012-05-12 00:00:00,36.96,36.99,36.94,36.96,1504475
2012-05-14,US1.JPM,1,2012-05-14 17:31:40,35.8301,35.84,35.8,35.8,486052
2012-05-15,US1.JPM,1,2012-05-15 17:31:40,36.25,36.26,36.25,36.25,443757
2012-05-16,US1.JPM,1,2012-05-16 17:31:40,35.54,35.55,35.5,35.51,649953
2012-05-17,US1.JPM,1,2012-05-17 17:31:40,33.95,33.95,33.92,33.94,698058
2012-05-18,US1.JPM,1,2012-05-18 17:31:40,33.48,33.48,33.46,33.46,402980
2012-05-19,US1.JPM,1,2012-05-19 00:00:00,33.47,33.52,33.46,33.49,690562
2012-05-21,US1.JPM,1,2012-05-21 17:31:40,32.56,32.56,32.54,32.555,698908
2012-05-22,US1.JPM,1,2012-05-22 17:31:40,34.03,34.04,33.95,34.03,553753
2012-05-23,US1.JPM,1,2012-05-23 17:31:40,34.27,34.28,34.26,34.2699,203960
2012-05-24,US1.JPM,1,2012-05-24 17:31:40,33.94,33.95,33.93,33.93,425882
2012-05-25,US1.JPM,1,2012-05-25 17:31:40,33.48,33.48,33.46,33.46,361077
2012-05-26,US1.JPM,1,2012-05-26 00:00:00,33.465,33.5,33.46,33.48,342341
2012-05-29,US1.JPM,1,2012-05-29 17:31:40,33.64,33.65,33.61,33.62,342683
2012-05-30,US1.JPM,1,2012-05-30 17:31:40,33.01,33.02,32.98,32.98,559202
2012-05-31,US1.JPM,1,2012-05-31 17:31:40,33.17,33.19,33.15,33.17,287768
2012-06-01,US1.JPM,1,2012-06-01 17:31:40,31.955,31.96,31.92,31.94,372696
2012-06-02,US1.JPM,1,2012-06-02 00:00:00,31.935,31.95,31.9,31.915,1087524
2012-06-04,US1.JPM,1,2012-06-04 17:31:40,31.038,31.04,31.01,31.01,402019
2012-06-05,US1.JPM,1,2012-06-05 17:31:40,31.97,31.99,31.95,31.98,386964
2012-06-06,US1.JPM,1,2012-06-06 17:31:40,32.93,32.95,32.93,32.945,280735
2012-06-07,US1.JPM,1,2012-06-07 17:31:40,32.89,32.91,32.88,32.88,303924
2012-06-08,US1.JPM,1,2012-06-08 17:31:40,33.63,33.66,33.63,33.66,444187
2012-06-09,US1.JPM,1,2012-06-09 00:00:00,33.66,33.67,33.64,33.66,931848
2012-06-11,US1.JPM,1,2012-06-11 17:31:40,32.8001,32.84,32.8,32.81,392208
2012-06-12,US1.JPM,1,2012-06-12 17:31:40,33.77,33.78,33.75,33.75,407079
2012-06-13,US1.JPM,1,2012-06-13 17:31:40,34.24,34.26,34.24,34.25,358870
2012-06-14,US1.JPM,1,2012-06-14 17:31:40,34.59,34.6,34.57,34.59,286710
2012-06-15,US1.JPM,1,2012-06-15 17:31:40,35.05,35.06,35.03,35.03,915332
2012-06-16,US1.JPM,1,2012-06-16 00:00:00,35.035,35.07,35.01,35.01,1560964
2012-06-18,US1.JPM,1,2012-06-18 17:31:40,34.59,34.61,34.58,34.61,138730
2012-06-19,US1.JPM,1,2012-06-19 17:31:40,35.41,35.42,35.39,35.4082,257513
2012-06-20,US1.JPM,1,2012-06-20 17:31:40,36.41,36.43,36.39,36.43,287272
2012-06-21,US1.JPM,1,2012-06-21 17:31:40,35.45,35.48,35.44,35.4401,456754
2012-06-22,US1.JPM,1,2012-06-22 17:31:40,36.2,36.2,36.17,36.17,358216
2012-06-23,US1.JPM,1,2012-06-23 00:00:00,36.17,36.18,36.08,36.09,1082675
2012-06-25,US1.JPM,1,2012-06-25 17:31:40,35.31,35.32,35.27,35.27,263542
2012-06-26,US1.JPM,1,2012-06-26 17:31:40,35.74,35.77,35.74,35.76,175443
2012-06-27,US1.JPM,1,2012-06-27 17:31:40,36.7216,36.75,36.72,36.745,223616
2012-06-28,US1.JPM,1,2012-06-28 17:31:40,35.89,35.9,35.82,35.83,423430
2012-06-29,US1.JPM,1,2012-06-29 17:31:40,35.69,35.72,35.68,35.71,565409
2012-06-30,US1.JPM,1,2012-06-30 00:00:00,35.705,35.75,35.7,35.73,807131
2012-07-02,US1.JPM,1,2012-07-02 17:31:40,36.255,36.27,36.25,36.265,233640
2012-07-03,US1.JPM,1,2012-07-03 17:31:40,35.78,35.8,35.78,35.8,2720
2012-07-05,US1.JPM,1,2012-07-05 17:31:40,34.36,34.39,34.36,34.37,321802
2012-07-06,US1.JPM,1,2012-07-06 17:31:40,33.95,33.96,33.93,33.93,206525
2012-07-07,US1.JPM,1,2012-07-07 00:00:00,33.93,33.94,33.9,33.9075,393941
2012-07-09,US1.JPM,1,2012-07-09 17:31:40,33.965,33.97,33.96,33.96,161163
2012-07-10,US1.JPM,1,2012-07-10 17:31:40,34.25,34.28,34.25,34.275,265994
2012-07-11,US1.JPM,1,2012-07-11 17:31:40,34.665,34.67,34.63,34.65,264393
2012-07-12,US1.JPM,1,2012-07-12 17:31:40,34.095,34.12,34.06,34.07,333286
2012-07-13,US1.JPM,1,2012-07-13 17:31:40,36.02,36.06,36.01,36.045,697780
2012-07-14,US1.JPM,1,2012-07-14 00:00:00,36.04,36.06,36.02,36.05,1160755
2012-07-16,US1.JPM,1,2012-07-16 17:31:40,35.07,35.07,35.02,35.04,341486
2012-07-17,US1.JPM,1,2012-07-17 17:31:40,34.93,34.96,34.92,34.95,306679
2012-07-18,US1.JPM,1,2012-07-18 17:31:40,34.93,34.95,34.92,34.94,244742
2012-07-19,US1.JPM,1,2012-07-19 17:31:40,34.45,34.46,34.44,34.455,329101
2012-07-20,US1.JPM,1,2012-07-20 17:31:40,33.91,33.92,33.9,33.9,331224
2012-07-21,US1.JPM,1,2012-07-21 00:00:00,33.9,33.91,33.9,33.9,674766
2012-07-23,US1.JPM,1,2012-07-23 17:31:40,34.48,34.49,34.445,34.455,443609
2012-07-24,US1.JPM,1,2012-07-24 17:31:40,34.77,34.8,34.77,34.795,253596
2012-07-25,US1.JPM,1,2012-07-25 17:31:40,35.17,35.18,35.14,35.14,145633
2012-07-26,US1.JPM,1,2012-07-26 17:31:40,35.81,35.82,35.79,35.8,228572
2012-07-27,US1.JPM,1,2012-07-27 17:31:40,36.9,36.91,36.87,36.91,354739
2012-07-28,US1.JPM,1,2012-07-28 00:00:00,36.91,36.91,36.89,36.899,597847
2012-07-30,US1.JPM,1,2012-07-30 17:31:40,36.0599,36.08,36.05,36.08,254126
2012-07-31,US1.JPM,1,2012-07-31 17:31:40,36.04,36.06,36.04,36.05,118056
2012-08-01,US1.JPM,1,2012-08-01 17:31:40,36.005,36.01,36.0,36.005,138453
2012-08-02,US1.JPM,1,2012-08-02 17:31:40,35.165,35.17,35.12,35.125,226177
2012-08-03,US1.JPM,1,2012-08-03 17:31:40,36.055,36.1,36.05,36.09,263865
2012-08-04,US1.JPM,1,2012-08-04 00:00:00,36.085,36.1,36.06,36.09,628245
2012-08-06,US1.JPM,1,2012-08-06 17:31:40,36.3,36.33,36.3,36.33,230677
2012-08-07,US1.JPM,1,2012-08-07 17:31:40,37.02,37.03,36.98,36.99,416910
2012-08-08,US1.JPM,1,2012-08-08 17:31:40,37.1,37.1,37.09,37.1,127259
2012-08-09,US1.JPM,1,2012-08-09 17:31:40,36.92,36.92,36.91,36.91,42628
2012-08-10,US1.JPM,1,2012-08-10 17:31:40,36.97,36.97,36.95,36.97,215294
2012-08-11,US1.JPM,1,2012-08-11 00:00:00,36.97,36.97,36.94,36.96,458400
2012-08-13,US1.JPM,1,2012-08-13 17:31:40,36.96,36.96,36.94,36.95,102350
2012-08-14,US1.JPM,1,2012-08-14 17:31:40,37.05,37.06,37.05,37.06,150767
2012-08-15,US1.JPM,1,2012-08-15 17:31:40,37.1,37.1,37.08,37.09,203125
2012-08-16,US1.JPM,1,2012-08-16 17:31:40,37.04,37.05,37.02,37.022,127885
2012-08-17,US1.JPM,1,2012-08-17 17:31:40,36.95,36.95,36.94,36.95,154499
2012-08-18,US1.JPM,1,2012-08-18 00:00:00,36.95,36.99,36.94,36.97,490613
2012-08-20,US1.JPM,1,2012-08-20 17:31:40,37.365,37.37,37.35,37.35,272302
2012-08-21,US1.JPM,1,2012-08-21 17:31:40,38.08,38.08,38.07,38.07,188132
2012-08-22,US1.JPM,1,2012-08-22 17:31:40,37.85,37.88,37.845,37.87,101300
2012-08-23,US1.JPM,1,2012-08-23 17:31:40,37.22,37.22,37.2,37.21,182221
2012-08-24,US1.JPM,1,2012-08-24 17:31:40,37.15,37.15,37.14,37.145,226721
2012-08-25,US1.JPM,1,2012-08-25 00:00:00,37.15,37.18,37.14,37.18,497761
2012-08-27,US1.JPM,1,2012-08-27 17:31:40,37.205,37.21,37.19,37.19,216062
2012-08-28,US1.JPM,1,2012-08-28 17:31:40,37.12,37.13,37.12,37.13,85065
2012-08-29,US1.JPM,1,2012-08-29 17:31:40,37.32,37.33,37.32,37.325,46045
2012-08-30,US1.JPM,1,2012-08-30 17:31:40,36.905,36.91,36.9,36.9,81494
2012-08-31,US1.JPM,1,2012-08-31 17:31:40,37.21,37.22,37.2,37.22,250542
2012-09-01,US1.JPM,1,2012-09-01 00:00:00,37.22,37.23,37.14,37.145,604946
2012-09-04,US1.JPM,1,2012-09-04 17:31:40,37.0,37.01,37.0,37.01,104641
2012-09-05,US1.JPM,1,2012-09-05 17:31:40,37.1,37.1,37.08,37.08,102662
2012-09-06,US1.JPM,1,2012-09-06 17:31:40,38.71,38.74,38.7,38.735,362881
2012-09-07,US1.JPM,1,2012-09-07 17:31:40,39.27,39.28,39.26,39.27,118176
2012-09-08,US1.JPM,1,2012-09-08 00:00:00,39.275,39.31,39.27,39.3,507708
2012-09-10,US1.JPM,1,2012-09-10 17:31:40,38.8,38.81,38.77,38.78,196629
2012-09-11,US1.JPM,1,2012-09-11 17:31:40,39.6,39.61,39.6,39.61,211906
2012-09-12,US1.JPM,1,2012-09-12 17:31:40,39.93,39.93,39.92,39.93,164822
2012-09-13,US1.JPM,1,2012-09-13 17:31:40,41.38,41.44,41.38,41.44,447672
2012-09-14,US1.JPM,1,2012-09-14 17:31:40,41.44,41.45,41.44,41.45,166783
2012-09-15,US1.JPM,1,2012-09-15 00:00:00,41.45,41.55,41.44,41.542,681661
2012-09-17,US1.JPM,1,2012-09-17 17:31:40,41.21,41.21,41.19,41.195,123664
2012-09-18,US1.JPM,1,2012-09-18 17:31:40,41.21,41.21,41.2,41.21,106496
2012-09-19,US1.JPM,1,2012-09-19 17:31:40,41.375,41.39,41.36,41.38,166110
2012-09-20,US1.JPM,1,2012-09-20 17:31:40,41.19,41.21,41.19,41.21,96208
2012-09-21,US1.JPM,1,2012-09-21 17:31:40,40.87,40.88,40.87,40.87,161914
2012-09-22,US1.JPM,1,2012-09-22 00:00:00,40.88,40.88,40.85,40.87,554179
2012-09-24,US1.JPM,1,2012-09-24 17:31:40,41.24,41.27,41.24,41.27,159267
2012-09-25,US1.JPM,1,2012-09-25 17:31:40,40.59,40.6,40.59,40.59,222958
2012-09-26,US1.JPM,1,2012-09-26 17:31:40,40.26,40.27,40.24,40.24,161800
2012-09-27,US1.JPM,1,2012-09-27 17:31:40,40.64,40.68,40.64,40.68,237237
2012-09-28,US1.JPM,1,2012-09-28 17:31:40,40.51,40.51,40.47,40.5,214459
2012-09-29,US1.JPM,1,2012-09-29 00:00:00,40.5,40.52,40.46,40.47,504392
2012-10-01,US1.JPM,1,2012-10-01 17:31:40,40.96,40.98,40.95,40.97,170455
2012-10-02,US1.JPM,1,2012-10-02 17:31:40,40.92,40.93,40.91,40.93,152256
2012-10-03,US1.JPM,1,2012-10-03 17:31:40,40.85,40.85,40.84,40.84,104214
2012-10-04,US1.JPM,1,2012-10-04 17:31:40,41.76,41.82,41.76,41.82,196839
2012-10-05,US1.JPM,1,2012-10-05 17:31:40,41.65,41.65,41.61,41.65,96297
2012-10-06,US1.JPM,1,2012-10-06 00:00:00,41.65,41.7,41.64,41.7,270828
2012-10-08,US1.JPM,1,2012-10-08 17:31:40,41.66,41.68,41.65,41.665,194324
2012-10-09,US1.JPM,1,2012-10-09 17:31:40,41.35,41.36,41.34,41.34,144893
2012-10-10,US1.JPM,1,2012-10-10 17:31:40,41.74,41.75,41.73,41.74,202906
2012-10-11,US1.JPM,1,2012-10-11 17:31:40,42.105,42.11,42.1,42.1,171985
2012-10-12,US1.JPM,1,2012-10-12 17:31:40,41.63,41.64,41.62,41.62,190540
2012-10-13,US1.JPM,1,2012-10-13 00:00:00,41.625,41.63,41.6,41.6,468288
2012-10-15,US1.JPM,1,2012-10-15 17:31:40,42.4,42.41,42.37,42.37,295732
2012-10-16,US1.JPM,1,2012-10-16 17:31:40,42.795,42.8,42.79,42.79,167689
2012-10-17,US1.JPM,1,2012-10-17 17:31:40,43.32,43.32,43.31,43.31,122670
2012-10-18,US1.JPM,1,2012-10-18 17:31:40,43.0,43.01,43.0,43.01,240308
2012-10-19,US1.JPM,1,2012-10-19 17:31:40,42.28,42.29,42.25,42.26,437527
2012-10-20,US1.JPM,1,2012-10-20 00:00:00,42.25,42.3,42.25,42.3,667086
2012-10-22,US1.JPM,1,2012-10-22 17:31:40,42.03,42.04,42.02,42.0383,150664
2012-10-23,US1.JPM,1,2012-10-23 17:31:40,41.39,41.41,41.37,41.38,154873
2012-10-24,US1.JPM,1,2012-10-24 17:31:40,41.72,41.73,41.71,41.73,180153
2012-10-25,US1.JPM,1,2012-10-25 17:31:40,41.65,41.68,41.64,41.68,117577
2012-10-26,US1.JPM,1,2012-10-26 17:31:40,41.1783,41.1783,41.11,41.12,321529
2012-10-27,US1.JPM,1,2012-10-27 00:00:00,41.115,41.19,41.11,41.16,546604
2012-10-31,US1.JPM,1,2012-10-31 17:31:40,41.68,41.72,41.67,41.71,170192
2012-11-01,US1.JPM,1,2012-11-01 17:31:40,42.85,42.85,42.83,42.845,285675
2012-11-02,US1.JPM,1,2012-11-02 17:31:40,42.47,42.49,42.47,42.49,115650
2012-11-03,US1.JPM,1,2012-11-03 00:00:00,42.49,42.5,42.42,42.43,328878
2012-11-05,US1.JPM,1,2012-11-05 17:31:40,42.16,42.165,42.14,42.16,17252
2012-11-06,US1.JPM,1,2012-11-06 17:31:40,42.89,42.915,42.89,42.9,31738
2012-11-07,US1.JPM,1,2012-11-07 17:31:40,40.699,40.735,40.69,40.71,127840
2012-11-08,US1.JPM,1,2012-11-08 17:31:40,40.65,40.66,40.65,40.6565,16276
2012-11-09,US1.JPM,1,2012-11-09 17:31:40,40.76,40.76,40.73,40.7325,27555
2012-11-10,US1.JPM,1,2012-11-10 02:46:40,40.58,40.65,40.57,40.61,595062
2012-11-12,US1.JPM,1,2012-11-12 17:31:40,40.62,40.63,40.62,40.63,3824
2012-11-13,US1.JPM,1,2012-11-13 17:31:40,40.27,40.28,40.265,40.2701,6855
2012-11-14,US1.JPM,1,2012-11-14 17:31:40,39.565,39.6,39.56,39.596,26741
2012-11-15,US1.JPM,1,2012-11-15 17:31:40,39.48,39.51,39.48,39.48,22689
2012-11-16,US1.JPM,1,2012-11-16 17:31:40,39.13,39.1601,39.126,39.155,83874
2012-11-17,US1.JPM,1,2012-11-17 02:46:40,39.55,39.59,39.53,39.59,653143
2012-11-19,US1.JPM,1,2012-11-19 17:31:40,40.61,40.63,40.6036,40.63,30855
2012-11-20,US1.JPM,1,2012-11-20 17:31:40,40.57,40.58,40.56,40.5799,21948
2012-11-21,US1.JPM,1,2012-11-21 17:31:40,40.67,40.67,40.66,40.67,2608
2012-11-22,US1.JPM,1,2012-11-22 02:46:40,40.69,40.73,40.68,40.73,187180
2012-11-23,US1.JPM,1,2012-11-23 17:30:00,41.08,41.08,41.08,41.08,1000
2012-11-24,US1.JPM,1,2012-11-24 00:25:00,41.05,41.05,41.05,41.05,100
2012-11-26,US1.JPM,1,2012-11-26 17:31:40,40.6474,40.65,40.64,40.64,19513
2012-11-27,US1.JPM,1,2012-11-27 17:31:40,40.89,40.89,40.88,40.89,14565
2012-11-28,US1.JPM,1,2012-11-28 17:31:40,40.63,40.6664,40.62,40.66,45218
2012-11-29,US1.JPM,1,2012-11-29 17:31:40,41.31,41.32,41.3,41.31,34553
2012-11-30,US1.JPM,1,2012-11-30 17:31:40,40.89,40.9,40.89,40.89,10877
2012-12-01,US1.JPM,1,2012-12-01 02:46:40,41.11,41.13,41.01,41.02,931678
2012-12-03,US1.JPM,1,2012-12-03 17:31:40,40.93,40.94,40.92,40.935,15989
2012-12-04,US1.JPM,1,2012-12-04 17:31:40,40.413,40.42,40.38,40.39,21506
2012-12-05,US1.JPM,1,2012-12-05 17:31:40,41.3,41.32,41.3,41.315,97274
2012-12-06,US1.JPM,1,2012-12-06 17:31:40,41.37,41.38,41.363,41.37,15063
2012-12-07,US1.JPM,1,2012-12-07 17:31:40,42.48,42.49,42.47,42.47,25905
2012-12-08,US1.JPM,1,2012-12-08 02:46:40,42.52,42.57,42.51,42.55,644977
2012-12-10,US1.JPM,1,2012-12-10 17:31:40,42.37,42.38,42.36,42.37,23606
2012-12-11,US1.JPM,1,2012-12-11 17:31:40,42.64,42.64,42.63,42.635,34489
2012-12-12,US1.JPM,1,2012-12-12 17:31:40,43.113,43.12,43.1,43.1,31865
2012-12-13,US1.JPM,1,2012-12-13 17:31:40,42.6701,42.68,42.67,42.678,22950
2012-12-14,US1.JPM,1,2012-12-14 17:31:40,42.82,42.83,42.82,42.827,15451
2012-12-15,US1.JPM,1,2012-12-15 02:46:40,42.765,42.82,42.751,42.82,462046
2012-12-17,US1.JPM,1,2012-12-17 17:31:40,43.14,43.15,43.12,43.15,40129
2012-12-18,US1.JPM,1,2012-12-18 17:31:40,43.62,43.63,43.6,43.63,25384
2012-12-19,US1.JPM,1,2012-12-19 17:31:40,43.46,43.5,43.45,43.5,77564
2012-12-20,US1.JPM,1,2012-12-20 17:31:40,44.39,44.41,44.39,44.401,67584
2012-12-21,US1.JPM,1,2012-12-21 17:31:40,44.045,44.06,44.04,44.05,18443
2012-12-22,US1.JPM,1,2012-12-22 02:46:40,43.95,44.01,43.93,44.01,527276
2012-12-24,US1.JPM,1,2012-12-24 17:03:20,43.85,43.85,43.85,43.85,920
2012-12-25,US1.JPM,1,2012-12-25 01:23:20,43.85,43.85,43.85,43.85,827
2012-12-26,US1.JPM,1,2012-12-26 17:31:40,44.07,44.087,44.05,44.055,35613
2012-12-27,US1.JPM,1,2012-12-27 17:31:40,43.32,43.345,43.29,43.3445,32708
2012-12-28,US1.JPM,1,2012-12-28 17:31:40,43.4501,43.46,43.45,43.46,13010
2012-12-29,US1.JPM,1,2012-12-29 02:46:40,43.3,43.31,43.24,43.245,676264
2012-12-31,US1.JPM,1,2012-12-31 17:31:40,43.7701,43.8,43.77,43.8,35245
2013-01-01,US1.JPM,1,2013-01-01 02:46:40,43.92,44.0,43.92,43.99,834653
2013-01-02,US1.JPM,1,2013-01-02 17:31:40,44.39,44.41,44.39,44.4099,38927
2013-01-03,US1.JPM,1,2013-01-03 17:31:40,44.57,44.58,44.57,44.58,17289
2013-01-04,US1.JPM,1,2013-01-04 17:31:40,45.14,45.15,45.12,45.145,107298
2013-01-05,US1.JPM,1,2013-01-05 02:46:40,45.35,45.37,45.32,45.34,730362
2013-01-07,US1.JPM,1,2013-01-07 17:31:40,45.31,45.33,45.3001,45.3036,62971
2013-01-08,US1.JPM,1,2013-01-08 17:31:40,45.3,45.3,45.29,45.295,6466
2013-01-09,US1.JPM,1,2013-01-09 17:31:40,45.18,45.1897,45.16,45.169,130773
2013-01-10,US1.JPM,1,2013-01-10 17:31:40,46.02,46.05,46.0136,46.05,34500
2013-01-11,US1.JPM,1,2013-01-11 17:31:40,45.915,45.92,45.91,45.915,20473
2013-01-12,US1.JPM,1,2013-01-12 02:46:40,46.1,46.14,46.09,46.13,281032
2013-01-14,US1.JPM,1,2013-01-14 17:31:40,45.89,45.8999,45.88,45.89,16819
2013-01-15,US1.JPM,1,2013-01-15 17:31:40,46.295,46.36,46.29,46.355,65843
2013-01-16,US1.JPM,1,2013-01-16 17:31:40,46.61,46.62,46.6,46.615,45988
2013-01-17,US1.JPM,1,2013-01-17 17:31:40,46.55,46.57,46.5418,46.565,59721
2013-01-18,US1.JPM,1,2013-01-18 17:31:40,46.4815,46.49,46.48,46.48,14634
2013-01-19,US1.JPM,1,2013-01-19 02:46:40,46.37,46.44,46.36,46.43,554237
2013-01-22,US1.JPM,1,2013-01-22 17:31:40,46.43,46.44,46.4202,46.44,13718
2013-01-23,US1.JPM,1,2013-01-23 17:31:40,46.37,46.38,46.36,46.38,31536
2013-01-24,US1.JPM,1,2013-01-24 17:31:40,46.36,46.36,46.34,46.345,14854
2013-01-25,US1.JPM,1,2013-01-25 17:31:40,47.0,47.01,47.0,47.005,24789
2013-01-26,US1.JPM,1,2013-01-26 02:46:40,47.05,47.14,47.05,47.14,645679
2013-01-28,US1.JPM,1,2013-01-28 17:31:40,46.7446,46.76,46.7446,46.7599,23706
2013-01-29,US1.JPM,1,2013-01-29 17:31:40,47.0255,47.03,47.02,47.029,22696
2013-01-30,US1.JPM,1,2013-01-30 17:31:40,47.23,47.25,47.22,47.25,58936
2013-01-31,US1.JPM,1,2013-01-31 17:31:40,47.19,47.19,47.17,47.17,15551
2013-02-01,US1.JPM,1,2013-02-01 17:31:40,47.835,47.8501,47.83,47.8501,48289
2013-02-02,US1.JPM,1,2013-02-02 02:46:40,47.835,47.85,47.83,47.85,416303
2013-02-04,US1.JPM,1,2013-02-04 17:31:40,47.77,47.8,47.76,47.79,45415
2013-02-05,US1.JPM,1,2013-02-05 17:31:40,48.69,48.69,48.66,48.665,28811
2013-02-06,US1.JPM,1,2013-02-06 17:31:40,48.49,48.52,48.482,48.515,82172
2013-02-07,US1.JPM,1,2013-02-07 17:31:40,48.26,48.3,48.26,48.298,25868
2013-02-08,US1.JPM,1,2013-02-08 17:31:40,48.6401,48.65,48.63,48.64,8384
2013-02-09,US1.JPM,1,2013-02-09 02:46:40,48.62,48.64,48.6,48.61,631724
2013-02-11,US1.JPM,1,2013-02-11 17:31:40,48.64,48.65,48.63,48.63,19642
2013-02-12,US1.JPM,1,2013-02-12 17:31:40,49.29,49.3,49.28,49.2899,35554
2013-02-13,US1.JPM,1,2013-02-13 17:31:40,48.6286,48.64,48.625,48.6379,22139
2013-02-14,US1.JPM,1,2013-02-14 17:31:40,49.23,49.23,49.22,49.23,7010
2013-02-15,US1.JPM,1,2013-02-15 17:31:40,48.69,48.7199,48.69,48.715,33861
2013-02-16,US1.JPM,1,2013-02-16 02:46:40,48.82,48.87,48.82,48.86,518309
2013-02-19,US1.JPM,1,2013-02-19 17:31:40,49.61,49.62,49.61,49.615,7831
2013-02-20,US1.JPM,1,2013-02-20 17:31:40,48.66,48.669,48.63,48.64,107214
2013-02-21,US1.JPM,1,2013-02-21 17:31:40,48.2299,48.235,48.2,48.23,105791
2013-02-22,US1.JPM,1,2013-02-22 17:31:40,48.68,48.71,48.67,48.69,88743
2013-02-23,US1.JPM,1,2013-02-23 02:46:40,48.88,48.91,48.86,48.91,499131
2013-02-25,US1.JPM,1,2013-02-25 17:31:40,48.5,48.5,48.45,48.45,64643
2013-02-26,US1.JPM,1,2013-02-26 17:31:40,47.68,47.73,47.67,47.72,101413
2013-02-27,US1.JPM,1,2013-02-27 17:31:40,49.32,49.33,49.3,49.3,40779
2013-02-28,US1.JPM,1,2013-02-28 17:31:40,49.28,49.2999,49.27,49.28,65969
2013-03-01,US1.JPM,1,2013-03-01 17:31:40,48.96,48.99,48.95,48.98,43259
2013-03-02,US1.JPM,1,2013-03-02 02:46:40,48.89,48.94,48.87,48.92,503790
2013-03-04,US1.JPM,1,2013-03-04 17:31:40,49.07,49.087,49.07,49.08,23243
2013-03-05,US1.JPM,1,2013-03-05 17:31:40,49.68,49.71,49.66,49.67,104169
2013-03-06,US1.JPM,1,2013-03-06 17:31:40,50.17,50.19,50.12,50.12,100569
2013-03-07,US1.JPM,1,2013-03-07 17:31:40,50.469,50.47,50.46,50.465,11166
2013-03-08,US1.JPM,1,2013-03-08 17:31:40,50.14,50.17,50.14,50.17,13980
2013-03-09,US1.JPM,1,2013-03-09 02:46:40,50.12,50.19,50.12,50.16,579111
2013-03-11,US1.JPM,1,2013-03-11 17:31:40,50.55,50.56,50.5,50.5,225954
2013-03-12,US1.JPM,1,2013-03-12 17:31:40,50.29,50.29,50.25,50.25,83812
2013-03-13,US1.JPM,1,2013-03-13 17:31:40,50.18,50.18,50.16,50.16,159542
2013-03-14,US1.JPM,1,2013-03-14 17:31:40,50.89,50.92,50.89,50.895,479371
2013-03-15,US1.JPM,1,2013-03-15 17:31:40,49.99,50.0,49.96,49.965,330666
2013-03-16,US1.JPM,1,2013-03-16 00:00:00,49.96,50.0,49.96,49.985,517339
2013-03-18,US1.JPM,1,2013-03-18 17:31:40,49.47,49.47,49.455,49.455,135855
2013-03-19,US1.JPM,1,2013-03-19 17:31:40,49.24,49.25,49.23,49.23,74421
2013-03-20,US1.JPM,1,2013-03-20 17:31:40,49.1,49.11,49.09,49.09,211934
2013-03-21,US1.JPM,1,2013-03-21 17:31:40,48.4,48.41,48.4,48.4,106978
2013-03-22,US1.JPM,1,2013-03-22 17:31:40,48.661,48.75,48.66,48.75,233142
2013-03-23,US1.JPM,1,2013-03-23 00:00:00,48.74,48.78,48.72,48.78,467955
2013-03-25,US1.JPM,1,2013-03-25 17:31:40,48.55,48.57,48.54,48.55,155363
2013-03-26,US1.JPM,1,2013-03-26 17:31:40,48.6,48.62,48.59,48.61,163201
2013-03-27,US1.JPM,1,2013-03-27 17:31:40,47.719,47.74,47.71,47.719,369957
2013-03-28,US1.JPM,1,2013-03-28 17:31:40,47.495,47.5,47.47,47.48,326643
2013-03-29,US1.JPM,1,2013-03-29 00:00:00,47.475,47.5,47.435,47.435,798473
2013-04-01,US1.JPM,1,2013-04-01 17:31:40,47.88,47.88,47.86,47.865,107506
2013-04-02,US1.JPM,1,2013-04-02 17:31:40,48.25,48.28,48.24,48.28,113104
2013-04-03,US1.JPM,1,2013-04-03 17:31:40,46.95,46.95,46.86,46.89,377390
2013-04-04,US1.JPM,1,2013-04-04 17:31:40,47.47,47.48,47.4601,47.475,122661
2013-04-05,US1.JPM,1,2013-04-05 17:31:40,47.97,47.98,47.94,47.945,151107
2013-04-06,US1.JPM,1,2013-04-06 00:00:00,47.95,47.95,47.9,47.91,361875
2013-04-08,US1.JPM,1,2013-04-08 17:31:40,48.55,48.57,48.54,48.555,209044
2013-04-09,US1.JPM,1,2013-04-09 17:31:40,48.74,48.74,48.69,48.695,168089
2013-04-10,US1.JPM,1,2013-04-10 17:31:40,49.225,49.23,49.2,49.2,162826
2013-04-11,US1.JPM,1,2013-04-11 17:31:40,49.32,49.38,49.31,49.38,352963
2013-04-12,US1.JPM,1,2013-04-12 17:31:40,48.97,48.99,48.97,48.99,178300
2013-04-13,US1.JPM,1,2013-04-13 00:00:00,48.985,49.01,48.98,49.0,478982
2013-04-15,US1.JPM,1,2013-04-15 17:31:40,48.11,48.12,48.02,48.02,330713
2013-04-16,US1.JPM,1,2013-04-16 17:31:40,48.44,48.48,48.43,48.48,293502
2013-04-17,US1.JPM,1,2013-04-17 17:31:40,46.925,46.93,46.87,46.88,336980
2013-04-18,US1.JPM,1,2013-04-18 17:31:40,46.7028,46.71,46.61,46.61,160675
2013-04-19,US1.JPM,1,2013-04-19 17:31:40,47.28,47.31,47.27,47.31,337399
2013-04-20,US1.JPM,1,2013-04-20 00:00:00,47.3,47.32,47.23,47.23,589871
2013-04-22,US1.JPM,1,2013-04-22 17:31:40,47.29,47.3,47.29,47.29,96269
2013-04-23,US1.JPM,1,2013-04-23 17:31:40,48.16,48.22,48.15,48.21,200969
2013-04-24,US1.JPM,1,2013-04-24 17:31:40,48.7,48.71,48.69,48.7,118875
2013-04-25,US1.JPM,1,2013-04-25 17:31:40,48.93,48.98,48.9,48.98,134338
2013-04-26,US1.JPM,1,2013-04-26 17:31:40,48.895,48.9,48.87,48.875,48543
2013-04-27,US1.JPM,1,2013-04-27 00:00:00,48.87,48.9,48.85,48.87,291412
2013-04-29,US1.JPM,1,2013-04-29 17:31:40,48.845,48.86,48.84,48.86,68845
2013-04-30,US1.JPM,1,2013-04-30 17:31:40,48.969,48.99,48.96,48.98,103128
2013-05-01,US1.JPM,1,2013-05-01 17:31:40,48.04,48.05,48.03,48.03,162362
2013-05-02,US1.JPM,1,2013-05-02 17:31:40,48.08,48.1,48.07,48.099,220763
2013-05-03,US1.JPM,1,2013-05-03 17:31:40,47.61,47.61,47.57,47.58,220494
2013-05-04,US1.JPM,1,2013-05-04 00:00:00,47.58,47.62,47.57,47.6,569592
2013-05-06,US1.JPM,1,2013-05-06 17:31:40,48.17,48.18,48.17,48.175,74142
2013-05-07,US1.JPM,1,2013-05-07 17:31:40,49.1,49.14,49.08,49.13,164303
2013-05-08,US1.JPM,1,2013-05-08 17:31:40,49.7175,49.75,49.71,49.74,388986
2013-05-09,US1.JPM,1,2013-05-09 17:31:40,49.005,49.01,48.99,48.995,163417
2013-05-10,US1.JPM,1,2013-05-10 17:31:40,48.92,48.93,48.91,48.92,106133
2013-05-11,US1.JPM,1,2013-05-11 00:00:00,48.91,48.96,48.9,48.94,628280
2013-05-13,US1.JPM,1,2013-05-13 17:31:40,49.66,49.68,49.66,49.66,167677
2013-05-14,US1.JPM,1,2013-05-14 17:31:40,50.21,50.22,50.19,50.195,204995
2013-05-15,US1.JPM,1,2013-05-15 17:31:40,51.055,51.06,51.05,51.05,103449
2013-05-16,US1.JPM,1,2013-05-16 17:31:40,50.97,50.97,50.95,50.97,159455
2013-05-17,US1.JPM,1,2013-05-17 17:31:40,52.24,52.242,52.2,52.23,237567
2013-05-18,US1.JPM,1,2013-05-18 00:00:00,52.23,52.3,52.22,52.3,765959
2013-05-20,US1.JPM,1,2013-05-20 17:31:40,52.301,52.31,52.28,52.29,167498
2013-05-21,US1.JPM,1,2013-05-21 17:31:40,53.08,53.09,53.02,53.025,239650
2013-05-22,US1.JPM,1,2013-05-22 17:31:40,53.64,53.65,53.61,53.625,193890
2013-05-23,US1.JPM,1,2013-05-23 17:31:40,53.36,53.37,53.34,53.365,108699
2013-05-24,US1.JPM,1,2013-05-24 17:31:40,53.53,53.58,53.52,53.58,74417
2013-05-25,US1.JPM,1,2013-05-25 00:00:00,53.575,53.66,53.575,53.65,352241
2013-05-28,US1.JPM,1,2013-05-28 17:31:40,54.58,54.63,54.56,54.61,449410
2013-05-29,US1.JPM,1,2013-05-29 17:31:40,54.73,54.74,54.71,54.74,125232
2013-05-30,US1.JPM,1,2013-05-30 17:31:40,55.64,55.67,55.64,55.66,183013
2013-05-31,US1.JPM,1,2013-05-31 17:31:40,54.7,54.71,54.65,54.7,540315
2013-06-01,US1.JPM,1,2013-06-01 00:00:00,54.7,54.71,54.6,54.61,776384
2013-06-03,US1.JPM,1,2013-06-03 17:31:40,54.42,54.47,54.41,54.46,210281
2013-06-04,US1.JPM,1,2013-06-04 17:31:40,54.03,54.04,53.98,53.98,229428
2013-06-05,US1.JPM,1,2013-06-05 17:31:40,53.09,53.11,52.97,52.97,247175
2013-06-06,US1.JPM,1,2013-06-06 17:31:40,53.43,53.48,53.42,53.475,227090
2013-06-07,US1.JPM,1,2013-06-07 17:31:40,54.4,54.4,54.34,54.4,477300
2013-06-08,US1.JPM,1,2013-06-08 00:00:00,54.395,54.4,54.27,54.28,553794
2013-06-10,US1.JPM,1,2013-06-10 17:31:40,54.32,54.35,54.32,54.35,99318
2013-06-11,US1.JPM,1,2013-06-11 17:31:40,53.48,53.49,53.47,53.475,77613
2013-06-12,US1.JPM,1,2013-06-12 17:31:40,53.195,53.2,53.17,53.1784,127046
2013-06-13,US1.JPM,1,2013-06-13 17:31:40,54.17,54.2,54.14,54.175,363058
2013-06-14,US1.JPM,1,2013-06-14 17:31:40,53.15,53.16,53.13,53.13,115406
2013-06-15,US1.JPM,1,2013-06-15 00:00:00,53.13,53.1684,53.1,53.11,477103
2013-06-17,US1.JPM,1,2013-06-17 17:31:40,53.85,53.89,53.83,53.88,147877
2013-06-18,US1.JPM,1,2013-06-18 17:31:40,54.05,54.05,54.0,54.02,88756
2013-06-19,US1.JPM,1,2013-06-19 17:31:40,53.6207,53.65,53.61,53.6415,171349
2013-06-20,US1.JPM,1,2013-06-20 17:31:40,52.605,52.61,52.56,52.56,241926
2013-06-21,US1.JPM,1,2013-06-21 17:31:40,52.03,52.035,51.975,51.975,394555
2013-06-22,US1.JPM,1,2013-06-22 00:00:00,51.975,52.03,51.96,52.03,740439
2013-06-24,US1.JPM,1,2013-06-24 17:31:40,50.98,50.99,50.93,50.935,195298
2013-06-25,US1.JPM,1,2013-06-25 17:31:40,52.21,52.24,52.13,52.165,289054
2013-06-26,US1.JPM,1,2013-06-26 17:31:40,52.55,52.55,52.54,52.55,150933
2013-06-27,US1.JPM,1,2013-06-27 17:31:40,53.17,53.18,53.125,53.135,132668
2013-06-28,US1.JPM,1,2013-06-28 17:31:40,52.93,52.97,52.91,52.965,154917
2013-06-29,US1.JPM,1,2013-06-29 00:00:00,52.96,52.97,52.77,52.77,451407
2013-07-01,US1.JPM,1,2013-07-01 17:31:40,52.58,52.59,52.51,52.5146,235210
2013-07-02,US1.JPM,1,2013-07-02 17:31:40,52.88,52.9,52.86,52.865,162884
2013-07-03,US1.JPM,1,2013-07-03 16:06:40,52.76,52.76,52.76,52.76,800
2013-07-05,US1.JPM,1,2013-07-05 17:31:40,53.94,53.98,53.94,53.97,172537
2013-07-06,US1.JPM,1,2013-07-06 00:00:00,53.97,54.0,53.96,53.98,453152
2013-07-08,US1.JPM,1,2013-07-08 17:31:40,54.73,54.74,54.69,54.69,135823
2013-07-09,US1.JPM,1,2013-07-09 17:31:40,54.9,54.95,54.89,54.95,103342
2013-07-10,US1.JPM,1,2013-07-10 17:31:40,54.805,54.84,54.8,54.82,116025
2013-07-11,US1.JPM,1,2013-07-11 17:31:40,55.21,55.215,55.19,55.207,199648
2013-07-12,US1.JPM,1,2013-07-12 17:31:40,54.94,54.95,54.92,54.93,297915
2013-07-13,US1.JPM,1,2013-07-13 00:00:00,54.93,55.0,54.93,54.95,659566
2013-07-15,US1.JPM,1,2013-07-15 17:31:40,54.91,54.92,54.9,54.905,100844
2013-07-16,US1.JPM,1,2013-07-16 17:31:40,54.99,55.0,54.982,54.99,66674
2013-07-17,US1.JPM,1,2013-07-17 17:31:40,55.26,55.29,55.24,55.24,289230
2013-07-18,US1.JPM,1,2013-07-18 17:31:40,56.315,56.35,56.31,56.3495,289718
2013-07-19,US1.JPM,1,2013-07-19 17:31:40,56.15,56.15,56.13,56.14,74746
2013-07-20,US1.JPM,1,2013-07-20 00:00:00,56.15,56.18,56.14,56.16,184162
2013-07-22,US1.JPM,1,2013-07-22 17:31:40,56.57,56.57,56.53,56.55,99875
2013-07-23,US1.JPM,1,2013-07-23 17:31:40,56.63,56.66,56.63,56.66,87158
2013-07-24,US1.JPM,1,2013-07-24 17:31:40,56.54,56.57,56.53,56.57,85615
2013-07-25,US1.JPM,1,2013-07-25 17:31:40,56.44,56.44,56.41,56.43,122798
2013-07-26,US1.JPM,1,2013-07-26 17:31:40,55.98,56.0,55.98,55.995,87348
2013-07-27,US1.JPM,1,2013-07-27 00:00:00,56.0,56.06,55.99,56.039,513179
2013-07-29,US1.JPM,1,2013-07-29 17:31:40,55.655,55.67,55.62,55.66,138320
2013-07-30,US1.JPM,1,2013-07-30 17:31:40,55.395,55.4,55.37,55.3974,174409
2013-07-31,US1.JPM,1,2013-07-31 17:31:40,55.76,55.77,55.72,55.73,218308
2013-08-01,US1.JPM,1,2013-08-01 17:31:40,56.51,56.53,56.4999,56.5,130300
2013-08-02,US1.JPM,1,2013-08-02 17:31:40,56.46,56.49,56.44,56.45,96023
2013-08-03,US1.JPM,1,2013-08-03 00:00:00,56.45,56.49,56.42,56.48,275541
2013-08-05,US1.JPM,1,2013-08-05 17:31:40,56.09,56.11,56.085,56.1,80588
2013-08-06,US1.JPM,1,2013-08-06 17:31:40,55.435,55.45,55.43,55.45,52575
2013-08-07,US1.JPM,1,2013-08-07 17:31:40,55.29,55.35,55.29,55.33,114545
2013-08-08,US1.JPM,1,2013-08-08 17:31:40,54.84,54.85,54.82,54.83,164430
2013-08-09,US1.JPM,1,2013-08-09 17:31:40,54.56,54.57,54.5225,54.53,126144
2013-08-10,US1.JPM,1,2013-08-10 00:00:00,54.53,54.55,54.5,54.53,232767
2013-08-12,US1.JPM,1,2013-08-12 17:31:40,54.13,54.14,54.085,54.109,185173
2013-08-13,US1.JPM,1,2013-08-13 17:31:40,54.29,54.3,54.28,54.295,108012
2013-08-14,US1.JPM,1,2013-08-14 17:31:40,54.21,54.23,54.16,54.18,111456
2013-08-15,US1.JPM,1,2013-08-15 17:31:40,53.32,53.32,53.31,53.315,115712
2013-08-16,US1.JPM,1,2013-08-16 17:31:40,53.35,53.36,53.33,53.33,107159
2013-08-17,US1.JPM,1,2013-08-17 00:00:00,53.33,53.33,53.28,53.29,269312
2013-08-19,US1.JPM,1,2013-08-19 17:31:40,51.825,51.84,51.82,51.84,287248
2013-08-20,US1.JPM,1,2013-08-20 17:31:40,52.12,52.16,52.11,52.13,354760
2013-08-21,US1.JPM,1,2013-08-21 17:31:40,51.71,51.71,51.68,51.69,129594
2013-08-22,US1.JPM,1,2013-08-22 17:31:40,52.25,52.27,52.24,52.26,158248
2013-08-23,US1.JPM,1,2013-08-23 17:31:40,52.377,52.38,52.35,52.355,113772
2013-08-24,US1.JPM,1,2013-08-24 00:00:00,52.355,52.37,52.32,52.33,230643
2013-08-26,US1.JPM,1,2013-08-26 17:31:40,51.875,51.88,51.84,51.85,161227
2013-08-27,US1.JPM,1,2013-08-27 17:31:40,50.63,50.64,50.58,50.59,261410
2013-08-28,US1.JPM,1,2013-08-28 17:31:40,50.615,50.63,50.59,50.62,155261
2013-08-29,US1.JPM,1,2013-08-29 17:31:40,50.72,50.73,50.71,50.725,73322
2013-08-30,US1.JPM,1,2013-08-30 17:31:40,50.47,50.51,50.47,50.505,117933
2013-08-31,US1.JPM,1,2013-08-31 00:00:00,50.5035,50.58,50.5,50.51,585068
2013-09-03,US1.JPM,1,2013-09-03 17:31:40,51.1,51.11,51.08,51.09,110213
2013-09-04,US1.JPM,1,2013-09-04 17:31:40,51.86,51.87,51.82,51.83,230165
2013-09-05,US1.JPM,1,2013-09-05 17:31:40,52.065,52.07,52.06,52.06,115035
2013-09-06,US1.JPM,1,2013-09-06 17:31:40,52.54,52.55,52.51,52.525,275240
2013-09-07,US1.JPM,1,2013-09-07 00:00:00,52.53,52.57,52.51,52.55,413797
2013-09-09,US1.JPM,1,2013-09-09 17:31:40,52.84,52.84,52.82,52.835,180840
2013-09-10,US1.JPM,1,2013-09-10 17:31:40,53.635,53.68,53.63,53.675,324689
2013-09-11,US1.JPM,1,2013-09-11 17:31:40,53.14,53.15,53.14,53.15,273830
2013-09-12,US1.JPM,1,2013-09-12 17:31:40,52.19,52.2,52.12,52.125,384627
2013-09-13,US1.JPM,1,2013-09-13 17:31:40,52.56,52.6,52.56,52.6,99012
2013-09-14,US1.JPM,1,2013-09-14 00:00:00,52.595,52.61,52.57,52.61,254681
2013-09-16,US1.JPM,1,2013-09-16 17:31:40,53.18,53.19,53.17,53.19,109438
2013-09-17,US1.JPM,1,2013-09-17 17:31:40,53.1,53.14,53.08,53.135,213979
2013-09-18,US1.JPM,1,2013-09-18 17:31:40,53.395,53.44,53.38,53.4225,364892
2013-09-19,US1.JPM,1,2013-09-19 17:31:40,52.75,52.76,52.75,52.76,198418
2013-09-20,US1.JPM,1,2013-09-20 17:31:40,52.93,52.94,52.88,52.885,177321
2013-09-21,US1.JPM,1,2013-09-21 00:00:00,52.88,52.89,52.845,52.88,412327
2013-09-23,US1.JPM,1,2013-09-23 17:31:40,51.44,51.46,51.43,51.44,400858
2013-09-24,US1.JPM,1,2013-09-24 17:31:40,50.385,50.39,50.3,50.31,579072
2013-09-25,US1.JPM,1,2013-09-25 17:31:40,51.67,51.67,51.595,51.605,445430
2013-09-26,US1.JPM,1,2013-09-26 17:31:40,51.875,51.88,51.85,51.86,155864
2013-09-27,US1.JPM,1,2013-09-27 17:31:40,52.28,52.3,52.28,52.29,145295
2013-09-28,US1.JPM,1,2013-09-28 00:00:00,52.29,52.3,52.24,52.25,567821
2013-09-30,US1.JPM,1,2013-09-30 17:31:40,51.64,51.69,51.63,51.68,301950
2013-10-01,US1.JPM,1,2013-10-01 17:31:40,51.865,51.89,51.86,51.865,127509
2013-10-02,US1.JPM,1,2013-10-02 17:31:40,51.96,51.99,51.95,51.98,237557
2013-10-03,US1.JPM,1,2013-10-03 17:31:40,51.955,51.955,51.89,51.925,207235
2013-10-04,US1.JPM,1,2013-10-04 17:31:40,52.56,52.62,52.55,52.62,278172
2013-10-05,US1.JPM,1,2013-10-05 00:00:00,52.61,52.68,52.61,52.65,582024
2013-10-07,US1.JPM,1,2013-10-07 17:31:40,51.965,51.97,51.95,51.96,189809
2013-10-08,US1.JPM,1,2013-10-08 17:31:40,50.955,51.01,50.95,51.0,215657
2013-10-09,US1.JPM,1,2013-10-09 17:31:40,50.78,50.82,50.78,50.81,194173
2013-10-10,US1.JPM,1,2013-10-10 17:31:40,52.26,52.33,52.23,52.32,306794
2013-10-11,US1.JPM,1,2013-10-11 17:31:40,52.48,52.52,52.47,52.5,264451
2013-10-12,US1.JPM,1,2013-10-12 00:00:00,52.5,52.56,52.47,52.52,502483
2013-10-14,US1.JPM,1,2013-10-14 17:31:40,52.7201,52.745,52.68,52.7,133473
2013-10-15,US1.JPM,1,2013-10-15 17:31:40,52.3862,52.39,52.35,52.35,137416
2013-10-16,US1.JPM,1,2013-10-16 17:31:40,54.035,54.04,54.03,54.03,176957
2013-10-17,US1.JPM,1,2013-10-17 17:31:40,54.26,54.28,54.22,54.24,195268
2013-10-18,US1.JPM,1,2013-10-18 17:31:40,54.35,54.36,54.32,54.345,276251
2013-10-19,US1.JPM,1,2013-10-19 00:00:00,54.345,54.35,54.29,54.3,512673
2013-10-21,US1.JPM,1,2013-10-21 17:31:40,54.21,54.27,54.21,54.26,191175
2013-10-22,US1.JPM,1,2013-10-22 17:31:40,53.7851,53.83,53.78,53.83,88292
2013-10-23,US1.JPM,1,2013-10-23 17:31:40,52.77,52.77,52.76,52.77,110455
2013-10-24,US1.JPM,1,2013-10-24 17:31:40,52.495,52.525,52.47,52.525,165951
2013-10-25,US1.JPM,1,2013-10-25 17:31:40,52.79,52.8,52.77,52.79,169164
2013-10-26,US1.JPM,1,2013-10-26 00:00:00,52.79,52.8,52.73,52.78,478661
2013-10-28,US1.JPM,1,2013-10-28 17:31:40,52.665,52.7,52.64,52.695,135947
2013-10-29,US1.JPM,1,2013-10-29 17:31:40,52.755,52.78,52.74,52.775,242073
2013-10-30,US1.JPM,1,2013-10-30 17:31:40,52.62,52.62,52.59,52.6,139572
2013-10-31,US1.JPM,1,2013-10-31 17:31:40,51.61,51.61,51.57,51.6,262702
2013-11-01,US1.JPM,1,2013-11-01 17:31:40,52.525,52.57,52.52,52.54,308754
2013-11-02,US1.JPM,1,2013-11-02 00:00:00,52.54,52.565,52.48,52.53,477255
2013-11-04,US1.JPM,1,2013-11-04 17:31:40,52.13,52.13,52.08,52.09,47610
2013-11-05,US1.JPM,1,2013-11-05 17:31:40,52.0,52.01,51.999,52.01,8701
2013-11-06,US1.JPM,1,2013-11-06 17:31:40,52.08,52.08,52.07,52.08,9988
2013-11-07,US1.JPM,1,2013-11-07 17:31:40,51.8425,51.87,51.84,51.8451,11503
2013-11-08,US1.JPM,1,2013-11-08 17:31:40,53.7,53.72,53.695,53.709,68597
2013-11-09,US1.JPM,1,2013-11-09 02:46:40,53.915,53.97,53.9,53.96,721667
2013-11-11,US1.JPM,1,2013-11-11 17:31:40,54.1249,54.13,54.12,54.13,8809
2013-11-12,US1.JPM,1,2013-11-12 17:31:40,53.98,54.0,53.98,53.9874,137911
2013-11-13,US1.JPM,1,2013-11-13 17:31:40,53.705,53.71,53.7,53.7,10837
2013-11-14,US1.JPM,1,2013-11-14 17:31:40,54.2563,54.258,54.235,54.25,25758
2013-11-15,US1.JPM,1,2013-11-15 17:31:40,54.72,54.72,54.67,54.67,82085
2013-11-16,US1.JPM,1,2013-11-16 02:46:40,54.83,54.88,54.82,54.87,243163
2013-11-18,US1.JPM,1,2013-11-18 17:31:40,55.7225,55.725,55.7,55.705,32294
2013-11-19,US1.JPM,1,2013-11-19 17:31:40,56.135,56.16,56.1,56.11,54095
2013-11-20,US1.JPM,1,2013-11-20 17:31:40,55.9512,55.9782,55.93,55.9326,36669
2013-11-21,US1.JPM,1,2013-11-21 17:31:40,57.255,57.29,57.25,57.285,59118
2013-11-22,US1.JPM,1,2013-11-22 17:31:40,57.3951,57.4,57.37,57.37,24174
2013-11-23,US1.JPM,1,2013-11-23 02:46:40,57.45,57.45,57.38,57.43,478446
2013-11-25,US1.JPM,1,2013-11-25 17:31:40,57.94,57.95,57.93,57.931,51481
2013-11-26,US1.JPM,1,2013-11-26 17:31:40,57.39,57.41,57.39,57.4,25132
2013-11-27,US1.JPM,1,2013-11-27 17:31:40,57.5201,57.525,57.5046,57.5046,9120
2013-11-28,US1.JPM,1,2013-11-28 02:46:40,57.53,57.53,57.47,57.49,190562
2013-11-29,US1.JPM,1,2013-11-29 15:56:40,57.22,57.22,57.22,57.22,1555
2013-11-30,US1.JPM,1,2013-11-30 01:15:00,57.3,57.3,57.3,57.3,175
2013-12-02,US1.JPM,1,2013-12-02 17:31:40,57.31,57.3101,57.2901,57.3,28318
2013-12-03,US1.JPM,1,2013-12-03 17:31:40,56.52,56.559,56.5199,56.559,109285
2013-12-04,US1.JPM,1,2013-12-04 17:31:40,57.1,57.12,57.0925,57.12,13719
2013-12-05,US1.JPM,1,2013-12-05 17:31:40,55.97,55.99,55.96,55.9899,10459
2013-12-06,US1.JPM,1,2013-12-06 17:31:40,56.24,56.255,56.23,56.25,42102
2013-12-07,US1.JPM,1,2013-12-07 02:46:40,56.01,56.07,56.01,56.05,371019
2013-12-09,US1.JPM,1,2013-12-09 17:31:40,56.455,56.46,56.44,56.44,16253
2013-12-10,US1.JPM,1,2013-12-10 17:31:40,56.81,56.818,56.79,56.792,9874
2013-12-11,US1.JPM,1,2013-12-11 17:31:40,56.25,56.26,56.23,56.2347,193727
2013-12-12,US1.JPM,1,2013-12-12 17:31:40,56.55,56.57,56.5401,56.57,23866
2013-12-13,US1.JPM,1,2013-12-13 17:31:40,56.31,56.34,56.3,56.34,15499
2013-12-14,US1.JPM,1,2013-12-14 02:46:40,56.225,56.23,56.14,56.17,275995
2013-12-16,US1.JPM,1,2013-12-16 17:31:40,56.73,56.73,56.71,56.71,27750
2013-12-17,US1.JPM,1,2013-12-17 17:31:40,55.92,55.92,55.91,55.92,9858
2013-12-18,US1.JPM,1,2013-12-18 17:31:40,56.735,56.79,56.72,56.7652,84073
2013-12-19,US1.JPM,1,2013-12-19 17:31:40,57.265,57.29,57.26,57.29,20043
2013-12-20,US1.JPM,1,2013-12-20 17:31:40,57.965,57.99,57.95,57.9734,78180
2013-12-21,US1.JPM,1,2013-12-21 02:46:40,57.75,57.78,57.74,57.76,412196
2013-12-23,US1.JPM,1,2013-12-23 17:31:40,58.38,58.38,58.36,58.37,16952
2013-12-24,US1.JPM,1,2013-12-24 13:50:00,58.27,58.27,58.27,58.27,100
2013-12-25,US1.JPM,1,2013-12-25 00:58:20,58.3,58.3,58.3,58.3,100
2013-12-26,US1.JPM,1,2013-12-26 17:31:40,58.11,58.11,58.1003,58.1075,2350
2013-12-27,US1.JPM,1,2013-12-27 17:31:40,58.145,58.15,58.14,58.1449,5613
2013-12-28,US1.JPM,1,2013-12-28 02:46:40,58.135,58.14,58.13,58.14,171481
2013-12-30,US1.JPM,1,2013-12-30 17:31:40,57.85,57.859,57.84,57.859,38158
2013-12-31,US1.JPM,1,2013-12-31 17:31:40,58.33,58.35,58.32,58.3257,55501
