Date,Ticker,Per,Open,High,Low,Close,Vol
2010-01-01 00:40:00,NQ-100-FUT,1,1858.75,1858.75,1858.75,1858.75,0
2010-01-04 23:58:20,NQ-100-FUT,1,1882.0,1882.0,1881.5,1881.5,218
2010-01-05 23:58:20,NQ-100-FUT,1,1884.25,1884.25,1884.0,1884.25,28
2010-01-06 23:58:20,NQ-100-FUT,1,1884.75,1884.75,1884.25,1884.75,98
2010-01-07 23:58:20,NQ-100-FUT,1,1877.75,1877.75,1877.5,1877.75,40
2010-01-08 23:58:20,NQ-100-FUT,1,1869.25,1869.5,1869.25,1869.5,33
2010-01-09 00:36:40,NQ-100-FUT,1,1890.0,1890.0,1890.0,1890.0,0
2010-01-11 23:58:20,NQ-100-FUT,1,1893.25,1893.5,1893.0,1893.25,334
2010-01-12 23:58:20,NQ-100-FUT,1,1872.25,1872.5,1872.25,1872.25,64
2010-01-13 23:58:20,NQ-100-FUT,1,1866.5,1866.5,1866.25,1866.5,102
2010-01-14 23:58:20,NQ-100-FUT,1,1880.75,1881.0,1880.25,1880.25,154
2010-01-15 23:58:20,NQ-100-FUT,1,1885.5,1885.75,1885.25,1885.25,165
2010-01-16 00:36:40,NQ-100-FUT,1,1862.25,1862.25,1862.25,1862.25,0
2010-01-18 23:58:20,NQ-100-FUT,1,1866.0,1867.25,1866.0,1866.0,170
2010-01-19 23:58:20,NQ-100-FUT,1,1866.5,1866.75,1866.0,1866.75,30
2010-01-20 23:58:20,NQ-100-FUT,1,1879.0,1879.0,1878.25,1878.5,154
2010-01-21 23:58:20,NQ-100-FUT,1,1871.5,1871.75,1871.5,1871.75,120
2010-01-22 23:58:20,NQ-100-FUT,1,1845.0,1845.0,1843.75,1843.75,209
2010-01-23 00:35:00,NQ-100-FUT,1,1797.75,1797.75,1797.75,1797.75,0
2010-01-25 23:58:20,NQ-100-FUT,1,1809.0,1809.25,1808.75,1809.0,224
2010-01-26 23:58:20,NQ-100-FUT,1,1797.5,1798.0,1797.25,1797.75,76
2010-01-27 23:58:20,NQ-100-FUT,1,1797.25,1798.0,1797.25,1797.5,223
2010-01-28 23:58:20,NQ-100-FUT,1,1804.0,1804.5,1803.75,1804.25,116
2010-01-29 23:58:20,NQ-100-FUT,1,1785.0,1785.0,1784.25,1785.0,509
2010-01-30 00:43:20,NQ-100-FUT,1,1739.25,1739.25,1739.25,1739.25,0
2010-02-01 23:58:20,NQ-100-FUT,1,1745.5,1746.0,1744.5,1744.75,470
2010-02-02 23:58:20,NQ-100-FUT,1,1759.0,1759.5,1759.0,1759.25,246
2010-02-03 23:58:20,NQ-100-FUT,1,1766.0,1766.0,1764.5,1764.75,734
2010-02-04 23:58:20,NQ-100-FUT,1,1771.25,1771.5,1771.25,1771.5,107
2010-02-05 23:58:20,NQ-100-FUT,1,1736.0,1736.75,1736.0,1736.75,439
2010-02-06 00:36:40,NQ-100-FUT,1,1745.0,1745.0,1745.0,1745.0,0
2010-02-08 23:58:20,NQ-100-FUT,1,1746.5,1748.25,1746.25,1748.0,155
2010-02-09 23:58:20,NQ-100-FUT,1,1751.75,1752.25,1751.75,1752.0,232
2010-02-10 23:58:20,NQ-100-FUT,1,1751.75,1751.75,1750.5,1751.25,309
2010-02-11 23:58:20,NQ-100-FUT,1,1745.5,1745.75,1745.5,1745.75,39
2010-02-12 23:58:20,NQ-100-FUT,1,1756.25,1756.25,1754.0,1754.75,312
2010-02-13 00:35:00,NQ-100-FUT,1,1783.25,1783.25,1783.25,1783.25,0
2010-02-15 23:58:20,NQ-100-FUT,1,1780.5,1780.75,1780.25,1780.75,59
2010-02-16 23:58:20,NQ-100-FUT,1,1789.25,1790.0,1789.25,1789.25,124
2010-02-17 23:58:20,NQ-100-FUT,1,1806.25,1806.75,1806.0,1806.75,125
2010-02-18 23:51:40,NQ-100-FUT,1,1809.75,1809.75,1809.75,1809.75,1
2010-02-19 23:58:20,NQ-100-FUT,1,1816.5,1816.5,1815.75,1816.0,297
2010-02-20 00:35:00,NQ-100-FUT,1,1819.25,1819.25,1819.25,1819.25,0
2010-02-21 17:30:00,NQ-100-FUT,1,1825.25,1825.25,1825.25,1825.25,3
2010-02-22 23:51:40,NQ-100-FUT,1,1819.25,1819.25,1819.25,1819.25,1
2010-02-23 23:58:20,NQ-100-FUT,1,1799.5,1799.5,1799.5,1799.5,18
2010-02-24 23:56:40,NQ-100-FUT,1,1813.0,1813.0,1813.0,1813.0,3
2010-02-25 23:58:20,NQ-100-FUT,1,1792.75,1793.0,1792.25,1793.0,216
2010-02-26 23:58:20,NQ-100-FUT,1,1811.25,1811.75,1811.25,1811.5,78
2010-02-27 00:36:40,NQ-100-FUT,1,1818.5,1818.5,1818.5,1818.5,0
2010-03-01 23:58:20,NQ-100-FUT,1,1826.5,1826.5,1826.0,1826.25,80
2010-03-02 23:58:20,NQ-100-FUT,1,1849.25,1850.0,1849.25,1849.75,159
2010-03-03 23:58:20,NQ-100-FUT,1,1854.5,1854.5,1854.25,1854.25,63
2010-03-04 23:58:20,NQ-100-FUT,1,1854.75,1854.75,1854.5,1854.5,32
2010-03-05 23:58:20,NQ-100-FUT,1,1869.25,1870.0,1869.25,1869.5,105
2010-03-06 00:36:40,NQ-100-FUT,1,1885.5,1885.5,1885.5,1885.5,0
2010-03-08 23:58:20,NQ-100-FUT,1,1888.25,1888.25,1887.75,1888.0,114
2010-03-09 23:58:20,NQ-100-FUT,1,1884.5,1884.5,1884.25,1884.25,25
2010-03-10 23:58:20,NQ-100-FUT,1,1903.25,1903.5,1903.0,1903.5,118
2010-03-11 23:58:20,NQ-100-FUT,1,1909.5,1909.5,1909.5,1909.5,4
2010-03-12 23:58:20,NQ-100-FUT,1,1928.25,1928.25,1928.0,1928.25,133
2010-03-13 00:38:20,NQ-100-FUT,1,1924.25,1924.25,1924.25,1924.25,0
2010-03-15 23:58:20,NQ-100-FUT,1,1916.75,1916.75,1915.25,1916.25,100
2010-03-16 23:58:20,NQ-100-FUT,1,1920.0,1920.75,1919.75,1920.5,189
2010-03-17 23:58:20,NQ-100-FUT,1,1935.75,1936.0,1935.5,1935.5,123
2010-03-18 23:58:20,NQ-100-FUT,1,1936.5,1936.75,1936.25,1936.25,81
2010-03-19 23:58:20,NQ-100-FUT,1,1931.5,1932.0,1931.5,1931.5,93
2010-03-22 23:58:20,NQ-100-FUT,1,1940.0,1941.75,1940.0,1940.25,451
2010-03-23 23:58:20,NQ-100-FUT,1,1951.25,1951.75,1950.5,1950.75,305
2010-03-24 23:58:20,NQ-100-FUT,1,1952.5,1952.75,1952.0,1952.25,287
2010-03-25 23:58:20,NQ-100-FUT,1,1963.75,1964.5,1963.5,1964.0,147
2010-03-26 23:58:20,NQ-100-FUT,1,1960.5,1960.5,1960.0,1960.5,226
2010-03-29 23:58:20,NQ-100-FUT,1,1957.75,1958.0,1957.25,1957.75,85
2010-03-30 23:58:20,NQ-100-FUT,1,1963.75,1964.0,1963.5,1964.0,73
2010-03-31 23:58:20,NQ-100-FUT,1,1959.5,1959.5,1959.25,1959.5,52
2010-04-01 23:58:20,NQ-100-FUT,1,1964.0,1964.25,1963.5,1963.5,196
2010-04-02 23:50:00,NQ-100-FUT,1,1952.25,1952.25,1952.0,1952.0,2
2010-04-05 23:58:20,NQ-100-FUT,1,1959.5,1960.0,1959.25,1959.75,80
2010-04-06 23:58:20,NQ-100-FUT,1,1967.75,1968.0,1967.75,1968.0,52
2010-04-07 23:58:20,NQ-100-FUT,1,1977.5,1977.5,1977.0,1977.25,83
2010-04-08 23:58:20,NQ-100-FUT,1,1970.0,1970.75,1969.75,1970.0,227
2010-04-09 23:58:20,NQ-100-FUT,1,1980.5,1981.0,1980.5,1981.0,101
2010-04-10 00:35:00,NQ-100-FUT,1,1992.0,1992.0,1992.0,1992.0,0
2010-04-12 23:58:20,NQ-100-FUT,1,1992.75,1992.75,1992.25,1992.25,27
2010-04-13 23:58:20,NQ-100-FUT,1,1990.5,1990.75,1990.5,1990.5,13
2010-04-14 23:58:20,NQ-100-FUT,1,2013.0,2013.0,2012.5,2012.5,193
2010-04-15 23:58:20,NQ-100-FUT,1,2024.75,2025.0,2024.75,2025.0,165
2010-04-16 23:58:20,NQ-100-FUT,1,2027.75,2028.25,2027.5,2027.75,421
2010-04-17 00:40:00,NQ-100-FUT,1,2009.75,2009.75,2009.75,2009.75,0
2010-04-19 23:58:20,NQ-100-FUT,1,2005.75,2006.25,2005.75,2006.0,108
2010-04-20 23:58:20,NQ-100-FUT,1,2020.0,2020.25,2020.0,2020.0,218
2010-04-21 23:58:20,NQ-100-FUT,1,2034.5,2034.75,2034.25,2034.75,127
2010-04-22 23:58:20,NQ-100-FUT,1,2013.0,2013.25,2012.75,2013.25,41
2010-04-23 23:58:20,NQ-100-FUT,1,2042.5,2042.5,2042.0,2042.25,138
2010-04-24 00:38:20,NQ-100-FUT,1,2053.0,2053.0,2053.0,2053.0,0
2010-04-26 23:58:20,NQ-100-FUT,1,2052.75,2053.0,2052.75,2052.75,43
2010-04-27 23:58:20,NQ-100-FUT,1,2039.0,2039.0,2038.5,2038.5,157
2010-04-28 23:58:20,NQ-100-FUT,1,2016.25,2016.25,2015.25,2015.5,154
2010-04-29 23:58:20,NQ-100-FUT,1,2019.0,2019.0,2018.5,2018.75,140
2010-04-30 23:58:20,NQ-100-FUT,1,2039.75,2040.5,2039.75,2040.0,326
2010-05-01 00:38:20,NQ-100-FUT,1,1998.5,1998.5,1998.5,1998.5,0
2010-05-03 23:58:20,NQ-100-FUT,1,2008.0,2008.0,2007.25,2007.25,141
2010-05-04 23:58:20,NQ-100-FUT,1,2004.25,2004.5,2003.5,2003.5,233
2010-05-05 23:58:20,NQ-100-FUT,1,1948.75,1949.5,1948.75,1949.0,229
2010-05-06 23:58:20,NQ-100-FUT,1,1946.0,1946.5,1945.75,1945.75,262
2010-05-07 23:58:20,NQ-100-FUT,1,1886.5,1886.5,1882.5,1883.5,355
2010-05-08 00:36:40,NQ-100-FUT,1,1848.5,1848.5,1848.5,1848.5,0
2010-05-10 23:58:20,NQ-100-FUT,1,1922.75,1923.75,1922.0,1922.75,179
2010-05-11 23:58:20,NQ-100-FUT,1,1922.0,1923.75,1922.0,1923.25,301
2010-05-12 23:55:00,NQ-100-FUT,1,1944.5,1944.5,1944.5,1944.5,4
2010-05-13 23:58:20,NQ-100-FUT,1,1967.0,1967.25,1966.5,1966.75,50
2010-05-14 23:58:20,NQ-100-FUT,1,1930.0,1930.0,1929.25,1929.25,466
2010-05-15 03:18:20,NQ-100-FUT,1,1909.75,1909.75,1909.75,1909.75,0
2010-05-17 23:58:20,NQ-100-FUT,1,1910.25,1911.0,1909.75,1910.0,155
2010-05-18 23:58:20,NQ-100-FUT,1,1927.25,1927.5,1927.0,1927.25,50
2010-05-19 23:58:20,NQ-100-FUT,1,1882.5,1882.75,1882.5,1882.75,86
2010-05-20 23:58:20,NQ-100-FUT,1,1836.0,1836.25,1835.0,1835.5,150
2010-05-21 23:58:20,NQ-100-FUT,1,1776.5,1776.75,1775.5,1776.0,488
2010-05-22 00:36:40,NQ-100-FUT,1,1819.25,1819.25,1819.25,1819.25,0
2010-05-24 23:58:20,NQ-100-FUT,1,1820.5,1821.25,1819.75,1820.5,256
2010-05-25 23:58:20,NQ-100-FUT,1,1772.5,1773.25,1772.5,1772.75,134
2010-05-26 23:58:20,NQ-100-FUT,1,1827.0,1828.25,1826.5,1827.75,496
2010-05-27 23:58:20,NQ-100-FUT,1,1832.25,1832.75,1832.0,1832.5,105
2010-05-28 23:58:20,NQ-100-FUT,1,1865.0,1866.0,1864.75,1865.75,58
2010-05-29 00:40:00,NQ-100-FUT,1,1852.0,1852.0,1852.0,1852.0,0
2010-05-31 23:56:40,NQ-100-FUT,1,1864.0,1864.0,1864.0,1864.0,2
2010-06-01 23:58:20,NQ-100-FUT,1,1846.5,1846.5,1846.0,1846.0,81
2010-06-02 23:58:20,NQ-100-FUT,1,1844.5,1845.0,1844.25,1844.5,194
2010-06-03 23:58:20,NQ-100-FUT,1,1881.5,1882.0,1881.25,1882.0,210
2010-06-04 23:58:20,NQ-100-FUT,1,1854.75,1855.25,1854.5,1855.25,153
2010-06-05 00:35:00,NQ-100-FUT,1,1834.25,1834.25,1834.25,1834.25,0
2010-06-07 23:58:20,NQ-100-FUT,1,1839.0,1839.5,1839.0,1839.5,85
2010-06-08 23:58:20,NQ-100-FUT,1,1802.25,1803.0,1802.25,1802.75,61
2010-06-09 23:58:20,NQ-100-FUT,1,1806.5,1806.5,1806.0,1806.25,113
2010-06-10 23:58:20,NQ-100-FUT,1,1798.5,1798.75,1798.25,1798.5,50
2010-06-11 23:58:20,NQ-100-FUT,1,1810.25,1810.75,1809.75,1810.0,195
2010-06-12 00:41:40,NQ-100-FUT,1,1842.5,1842.5,1842.5,1842.5,0
2010-06-14 23:58:20,NQ-100-FUT,1,1860.5,1861.0,1859.75,1861.0,235
2010-06-15 23:58:20,NQ-100-FUT,1,1854.75,1855.25,1854.5,1855.0,47
2010-06-16 23:58:20,NQ-100-FUT,1,1888.5,1889.25,1888.5,1889.0,138
2010-06-17 23:58:20,NQ-100-FUT,1,1914.0,1914.0,1913.75,1914.0,54
2010-06-18 23:58:20,NQ-100-FUT,1,1914.0,1914.5,1913.75,1914.25,534
2010-06-19 00:36:40,NQ-100-FUT,1,1909.5,1909.5,1909.5,1909.5,0
2010-06-21 23:58:20,NQ-100-FUT,1,1934.25,1935.5,1934.25,1935.25,157
2010-06-22 23:58:20,NQ-100-FUT,1,1903.75,1903.75,1903.25,1903.75,111
2010-06-23 23:58:20,NQ-100-FUT,1,1884.0,1884.0,1883.5,1883.75,177
2010-06-24 23:58:20,NQ-100-FUT,1,1866.0,1866.75,1865.75,1866.5,158
2010-06-25 23:58:20,NQ-100-FUT,1,1850.0,1850.25,1849.75,1850.25,63
2010-06-26 00:35:00,NQ-100-FUT,1,1839.25,1839.25,1839.25,1839.25,0
2010-06-28 23:58:20,NQ-100-FUT,1,1841.25,1841.25,1841.0,1841.0,102
2010-06-29 23:58:20,NQ-100-FUT,1,1807.0,1807.0,1806.0,1806.0,56
2010-06-30 23:58:20,NQ-100-FUT,1,1763.25,1763.25,1762.25,1762.5,201
2010-07-01 23:58:20,NQ-100-FUT,1,1739.5,1741.0,1739.5,1740.75,159
2010-07-02 23:58:20,NQ-100-FUT,1,1738.75,1739.25,1738.5,1738.5,356
2010-07-03 00:35:00,NQ-100-FUT,1,1721.25,1721.25,1721.25,1721.25,0
2010-07-05 23:58:20,NQ-100-FUT,1,1723.5,1723.75,1723.5,1723.5,23
2010-07-06 23:58:20,NQ-100-FUT,1,1752.0,1752.5,1752.0,1752.25,89
2010-07-07 23:58:20,NQ-100-FUT,1,1735.75,1736.75,1735.5,1736.75,191
2010-07-08 23:58:20,NQ-100-FUT,1,1797.75,1798.25,1797.5,1798.25,158
2010-07-09 23:58:20,NQ-100-FUT,1,1795.5,1795.75,1795.0,1795.25,67
2010-07-10 00:38:20,NQ-100-FUT,1,1811.5,1811.5,1811.5,1811.5,0
2010-07-12 23:58:20,NQ-100-FUT,1,1811.5,1812.0,1811.5,1812.0,99
2010-07-13 23:58:20,NQ-100-FUT,1,1834.75,1834.75,1834.0,1834.5,235
2010-07-14 23:58:20,NQ-100-FUT,1,1846.0,1846.0,1845.25,1845.75,285
2010-07-15 23:58:20,NQ-100-FUT,1,1850.25,1850.5,1849.0,1849.25,191
2010-07-16 23:58:20,NQ-100-FUT,1,1845.0,1845.5,1844.75,1845.5,136
2010-07-17 00:35:00,NQ-100-FUT,1,1802.0,1802.0,1802.0,1802.0,0
2010-07-19 23:58:20,NQ-100-FUT,1,1806.75,1807.5,1806.5,1807.25,257
2010-07-20 23:58:20,NQ-100-FUT,1,1792.25,1792.5,1791.5,1791.75,291
2010-07-21 23:58:20,NQ-100-FUT,1,1859.25,1859.25,1858.5,1859.0,243
2010-07-22 23:58:20,NQ-100-FUT,1,1839.0,1839.0,1837.5,1837.5,171
2010-07-23 23:58:20,NQ-100-FUT,1,1850.25,1850.5,1850.0,1850.25,148
2010-07-24 00:35:00,NQ-100-FUT,1,1873.75,1873.75,1873.75,1873.75,0
2010-07-26 23:58:20,NQ-100-FUT,1,1874.0,1874.25,1873.5,1874.0,439
2010-07-27 23:58:20,NQ-100-FUT,1,1897.25,1897.5,1897.0,1897.0,66
2010-07-28 23:58:20,NQ-100-FUT,1,1886.25,1886.25,1883.0,1884.25,668
2010-07-29 23:58:20,NQ-100-FUT,1,1881.75,1882.0,1881.75,1882.0,11
2010-07-30 23:58:20,NQ-100-FUT,1,1841.0,1841.5,1840.5,1841.25,585
2010-07-31 00:36:40,NQ-100-FUT,1,1862.25,1862.25,1862.25,1862.25,0
2010-08-02 23:58:20,NQ-100-FUT,1,1884.5,1884.75,1884.25,1884.5,230
2010-08-03 23:58:20,NQ-100-FUT,1,1894.75,1895.0,1894.25,1894.25,103
2010-08-04 23:58:20,NQ-100-FUT,1,1897.5,1897.75,1897.25,1897.25,143
2010-08-05 23:58:20,NQ-100-FUT,1,1900.75,1900.75,1899.25,1899.25,259
2010-08-06 23:58:20,NQ-100-FUT,1,1881.75,1882.25,1881.75,1882.25,190
2010-08-07 00:41:40,NQ-100-FUT,1,1902.5,1902.5,1902.5,1902.5,0
2010-08-09 23:58:20,NQ-100-FUT,1,1909.0,1909.5,1909.0,1909.25,109
2010-08-10 23:58:20,NQ-100-FUT,1,1897.0,1897.25,1897.0,1897.0,101
2010-08-11 23:58:20,NQ-100-FUT,1,1865.25,1865.75,1865.0,1865.5,200
2010-08-12 23:58:20,NQ-100-FUT,1,1814.0,1815.5,1814.0,1815.5,399
2010-08-13 23:58:20,NQ-100-FUT,1,1822.25,1822.75,1822.0,1822.5,148
2010-08-14 00:35:00,NQ-100-FUT,1,1815.25,1815.25,1815.25,1815.25,0
2010-08-16 23:58:20,NQ-100-FUT,1,1809.0,1809.0,1808.5,1808.75,200
2010-08-17 23:58:20,NQ-100-FUT,1,1834.25,1835.0,1834.25,1834.25,206
2010-08-18 23:58:20,NQ-100-FUT,1,1841.75,1842.0,1841.5,1841.75,248
2010-08-19 23:58:20,NQ-100-FUT,1,1840.25,1841.25,1840.0,1841.0,159
2010-08-20 23:58:20,NQ-100-FUT,1,1820.5,1820.75,1820.25,1820.25,325
2010-08-21 00:35:00,NQ-100-FUT,1,1825.5,1825.5,1825.5,1825.5,0
2010-08-23 23:58:20,NQ-100-FUT,1,1835.75,1835.75,1835.5,1835.75,76
2010-08-24 23:58:20,NQ-100-FUT,1,1787.75,1788.0,1787.5,1787.75,176
2010-08-25 23:58:20,NQ-100-FUT,1,1760.75,1761.5,1760.5,1761.25,282
2010-08-26 23:58:20,NQ-100-FUT,1,1798.0,1798.0,1797.75,1798.0,166
2010-08-27 23:58:20,NQ-100-FUT,1,1783.25,1783.5,1782.75,1783.0,200
2010-08-28 00:45:00,NQ-100-FUT,1,1789.25,1789.25,1789.25,1789.25,0
2010-08-30 23:58:20,NQ-100-FUT,1,1783.75,1783.75,1783.5,1783.5,42
2010-08-31 23:58:20,NQ-100-FUT,1,1764.25,1765.0,1764.25,1764.75,224
2010-09-01 23:58:20,NQ-100-FUT,1,1792.25,1792.25,1792.0,1792.0,195
2010-09-02 23:58:20,NQ-100-FUT,1,1821.75,1822.0,1821.5,1821.5,230
2010-09-03 23:58:20,NQ-100-FUT,1,1857.0,1857.0,1856.75,1856.75,327
2010-09-04 00:38:20,NQ-100-FUT,1,1867.0,1867.0,1867.0,1867.0,0
2010-09-06 23:58:20,NQ-100-FUT,1,1877.0,1877.25,1876.75,1876.75,22
2010-09-07 23:58:20,NQ-100-FUT,1,1863.0,1863.0,1862.75,1863.0,166
2010-09-08 23:58:20,NQ-100-FUT,1,1862.75,1863.25,1862.75,1863.25,85
2010-09-09 23:58:20,NQ-100-FUT,1,1893.25,1893.5,1893.0,1893.25,112
2010-09-10 23:58:20,NQ-100-FUT,1,1886.0,1886.25,1886.0,1886.25,59
2010-09-11 00:38:20,NQ-100-FUT,1,1889.75,1889.75,1889.75,1889.75,0
2010-09-13 23:58:20,NQ-100-FUT,1,1904.75,1904.75,1904.0,1904.0,195
2010-09-14 23:58:20,NQ-100-FUT,1,1914.5,1914.75,1914.25,1914.5,142
2010-09-15 23:58:20,NQ-100-FUT,1,1919.5,1920.0,1919.25,1919.75,202
2010-09-16 23:58:20,NQ-100-FUT,1,1934.25,1934.75,1934.25,1934.5,64
2010-09-17 23:58:20,NQ-100-FUT,1,1958.5,1960.0,1958.5,1959.75,740
2010-09-18 00:36:40,NQ-100-FUT,1,1952.75,1952.75,1952.75,1952.75,0
2010-09-20 23:58:20,NQ-100-FUT,1,1959.75,1959.75,1959.25,1959.75,179
2010-09-21 23:58:20,NQ-100-FUT,1,1986.0,1986.5,1986.0,1986.5,176
2010-09-22 23:58:20,NQ-100-FUT,1,1976.25,1976.25,1975.25,1975.75,276
2010-09-23 23:58:20,NQ-100-FUT,1,1968.5,1968.75,1967.5,1967.5,373
2010-09-24 23:58:20,NQ-100-FUT,1,2002.25,2002.25,2001.25,2001.25,221
2010-09-25 00:36:40,NQ-100-FUT,1,2018.25,2018.25,2018.25,2018.25,0
2010-09-27 23:58:20,NQ-100-FUT,1,2021.5,2021.75,2021.25,2021.25,84
2010-09-28 23:58:20,NQ-100-FUT,1,2017.0,2017.0,2016.5,2017.0,147
2010-09-29 23:58:20,NQ-100-FUT,1,2004.75,2005.25,2004.75,2005.0,92
2010-09-30 23:58:20,NQ-100-FUT,1,2021.25,2021.75,2021.0,2021.5,329
2010-10-01 23:58:20,NQ-100-FUT,1,2011.5,2011.5,2011.0,2011.5,248
2010-10-02 00:36:40,NQ-100-FUT,1,1994.5,1994.5,1994.5,1994.5,0
2010-10-04 23:58:20,NQ-100-FUT,1,1989.25,1989.5,1988.75,1989.0,260
2010-10-05 23:58:20,NQ-100-FUT,1,1995.5,1996.0,1995.5,1995.5,65
2010-10-06 23:58:20,NQ-100-FUT,1,2015.75,2016.5,2015.75,2016.5,186
2010-10-07 23:58:20,NQ-100-FUT,1,2016.75,2017.25,2016.5,2016.5,254
2010-10-08 23:58:20,NQ-100-FUT,1,2012.5,2012.5,2011.25,2011.25,166
2010-10-09 00:35:00,NQ-100-FUT,1,2020.75,2020.75,2020.75,2020.75,0
2010-10-11 23:58:20,NQ-100-FUT,1,2024.75,2025.5,2024.75,2025.0,106
2010-10-12 23:58:20,NQ-100-FUT,1,2023.0,2023.25,2022.5,2022.75,159
2010-10-13 23:58:20,NQ-100-FUT,1,2051.25,2052.0,2051.25,2051.75,133
2010-10-14 23:58:20,NQ-100-FUT,1,2054.75,2055.0,2054.5,2055.0,120
2010-10-15 23:58:20,NQ-100-FUT,1,2077.0,2078.25,2077.0,2078.25,440
2010-10-16 00:36:40,NQ-100-FUT,1,2095.0,2095.0,2095.0,2095.0,0
2010-10-18 23:58:20,NQ-100-FUT,1,2093.75,2094.5,2093.5,2094.25,196
2010-10-19 23:58:20,NQ-100-FUT,1,2061.25,2061.25,2060.5,2061.0,383
2010-10-20 23:58:20,NQ-100-FUT,1,2073.75,2074.0,2073.25,2073.25,237
2010-10-21 23:58:20,NQ-100-FUT,1,2095.0,2096.0,2095.0,2095.25,108
2010-10-22 23:58:20,NQ-100-FUT,1,2088.5,2088.75,2088.25,2088.5,152
2010-10-23 00:35:00,NQ-100-FUT,1,2104.0,2104.0,2104.0,2104.0,0
2010-10-25 23:58:20,NQ-100-FUT,1,2112.0,2112.25,2112.0,2112.25,139
2010-10-26 23:58:20,NQ-100-FUT,1,2101.0,2101.25,2101.0,2101.0,119
2010-10-27 23:58:20,NQ-100-FUT,1,2108.75,2108.75,2108.0,2108.0,261
2010-10-28 23:58:20,NQ-100-FUT,1,2133.0,2133.25,2132.75,2133.25,220
2010-10-29 23:58:20,NQ-100-FUT,1,2125.75,2126.0,2125.75,2126.0,21
2010-10-30 00:40:00,NQ-100-FUT,1,2122.0,2122.0,2122.0,2122.0,0
2010-11-01 23:58:20,NQ-100-FUT,1,2141.5,2141.75,2139.5,2140.5,1253
2010-11-02 23:51:40,NQ-100-FUT,1,2133.25,2133.25,2133.25,2133.25,4
2010-11-03 23:58:20,NQ-100-FUT,1,2147.5,2148.0,2147.5,2147.75,448
2010-11-04 23:58:20,NQ-100-FUT,1,2181.25,2182.75,2180.75,2182.25,1417
2010-11-05 23:58:20,NQ-100-FUT,1,2182.5,2183.25,2181.75,2182.0,863
2010-11-08 23:58:20,NQ-100-FUT,1,2178.75,2179.25,2178.5,2179.25,89
2010-11-09 23:58:20,NQ-100-FUT,1,2194.0,2194.5,2194.0,2194.25,62
2010-11-10 23:58:20,NQ-100-FUT,1,2175.75,2176.25,2175.75,2176.0,170
2010-11-11 23:58:20,NQ-100-FUT,1,2151.75,2152.0,2151.25,2151.25,154
2010-11-12 23:58:20,NQ-100-FUT,1,2160.25,2160.75,2160.25,2160.75,51
2010-11-13 00:41:40,NQ-100-FUT,1,2133.75,2133.75,2133.75,2133.75,0
2010-11-15 23:58:20,NQ-100-FUT,1,2148.25,2148.25,2147.75,2147.75,94
2010-11-16 23:58:20,NQ-100-FUT,1,2110.0,2110.75,2110.0,2110.5,135
2010-11-17 23:58:20,NQ-100-FUT,1,2094.0,2095.0,2094.0,2095.0,365
2010-11-18 23:58:20,NQ-100-FUT,1,2122.0,2122.0,2122.0,2122.0,156
2010-11-19 23:58:20,NQ-100-FUT,1,2129.0,2129.0,2128.0,2129.0,517
2010-11-20 00:38:20,NQ-100-FUT,1,2134.0,2134.0,2134.0,2134.0,0
2010-11-22 23:58:20,NQ-100-FUT,1,2125.0,2126.0,2125.0,2126.0,86
2010-11-23 23:58:20,NQ-100-FUT,1,2132.0,2133.0,2132.0,2132.0,172
2010-11-24 23:58:20,NQ-100-FUT,1,2137.0,2137.0,2137.0,2137.0,199
2010-11-25 23:58:20,NQ-100-FUT,1,2158.0,2158.0,2158.0,2158.0,13
2010-11-26 23:58:20,NQ-100-FUT,1,2149.0,2149.0,2148.0,2148.0,50
2010-11-29 23:58:20,NQ-100-FUT,1,2144.0,2144.0,2143.0,2143.0,156
2010-11-30 23:58:20,NQ-100-FUT,1,2122.0,2123.0,2122.0,2122.0,204
2010-12-01 23:58:20,NQ-100-FUT,1,2147.0,2148.0,2147.0,2147.0,154
2010-12-02 23:58:20,NQ-100-FUT,1,2165.0,2166.0,2165.0,2165.0,175
2010-12-03 23:58:20,NQ-100-FUT,1,2175.0,2175.0,2174.0,2174.0,164
2010-12-04 00:25:00,NQ-100-FUT,1,2189.0,2189.0,2188.0,2188.0,499
2010-12-06 23:58:20,NQ-100-FUT,1,2191.0,2191.0,2191.0,2191.0,74
2010-12-07 23:58:20,NQ-100-FUT,1,2215.0,2215.0,2215.0,2215.0,130
2010-12-08 23:58:20,NQ-100-FUT,1,2196.0,2196.0,2195.0,2196.0,30
2010-12-09 23:58:20,NQ-100-FUT,1,2211.0,2211.0,2210.0,2210.0,20
2010-12-10 23:58:20,NQ-100-FUT,1,2204.0,2204.0,2204.0,2204.0,67
2010-12-11 00:36:40,NQ-100-FUT,1,2215.0,2215.0,2215.0,2215.0,0
2010-12-13 23:58:20,NQ-100-FUT,1,2224.0,2225.0,2224.0,2224.0,89
2010-12-14 23:58:20,NQ-100-FUT,1,2211.0,2211.0,2211.0,2211.0,247
2010-12-15 23:58:20,NQ-100-FUT,1,2209.0,2210.0,2209.0,2209.0,117
2010-12-16 23:58:20,NQ-100-FUT,1,2204.0,2205.0,2204.0,2204.0,126
2010-12-17 23:58:20,NQ-100-FUT,1,2222.0,2222.0,2221.0,2221.0,206
2010-12-18 00:36:40,NQ-100-FUT,1,2213.0,2213.0,2213.0,2213.0,0
2010-12-20 23:58:20,NQ-100-FUT,1,2224.0,2224.0,2223.0,2223.0,82
2010-12-21 23:58:20,NQ-100-FUT,1,2230.0,2230.0,2230.0,2230.0,180
2010-12-22 23:56:40,NQ-100-FUT,1,2233.0,2233.0,2233.0,2233.0,41
2010-12-23 23:58:20,NQ-100-FUT,1,2230.0,2230.0,2230.0,2230.0,52
2010-12-24 00:40:00,NQ-100-FUT,1,2231.0,2231.0,2231.0,2231.0,0
2010-12-27 23:58:20,NQ-100-FUT,1,2225.0,2225.0,2224.0,2224.0,118
2010-12-28 23:58:20,NQ-100-FUT,1,2234.0,2234.0,2233.0,2233.0,91
2010-12-29 23:58:20,NQ-100-FUT,1,2231.0,2231.0,2231.0,2231.0,39
2010-12-30 23:58:20,NQ-100-FUT,1,2230.0,2230.0,2230.0,2230.0,79
2010-12-31 23:58:20,NQ-100-FUT,1,2223.0,2223.0,2223.0,2223.0,3
2011-01-01 00:40:00,NQ-100-FUT,1,2216.0,2216.0,2216.0,2216.0,0
2011-01-03 23:58:20,NQ-100-FUT,1,2239.0,2239.0,2238.0,2239.0,240
2011-01-05 23:58:20,NQ-100-FUT,1,2243.0,2244.0,2243.0,2243.0,393
2011-01-06 23:58:20,NQ-100-FUT,1,2273.0,2273.0,2272.0,2272.0,111
2011-01-07 23:58:20,NQ-100-FUT,1,2280.0,2280.0,2280.0,2280.0,158
2011-01-08 00:26:40,NQ-100-FUT,1,2273.0,2273.0,2273.0,2273.0,3
2011-01-10 23:58:20,NQ-100-FUT,1,2269.0,2269.0,2268.0,2268.0,245
2011-01-11 23:58:20,NQ-100-FUT,1,2293.0,2294.0,2293.0,2294.0,296
2011-01-12 23:58:20,NQ-100-FUT,1,2298.0,2298.0,2298.0,2298.0,62
2011-01-13 23:58:20,NQ-100-FUT,1,2303.0,2303.0,2303.0,2303.0,55
2011-01-14 23:58:20,NQ-100-FUT,1,2303.0,2304.0,2303.0,2303.0,101
2011-01-15 00:26:40,NQ-100-FUT,1,2322.0,2322.0,2322.0,2322.0,10
2011-01-17 23:58:20,NQ-100-FUT,1,2294.0,2295.0,2294.0,2295.0,181
2011-01-18 23:58:20,NQ-100-FUT,1,2303.0,2303.0,2303.0,2303.0,132
2011-01-19 23:58:20,NQ-100-FUT,1,2334.0,2334.0,2333.0,2334.0,303
2011-01-20 23:58:20,NQ-100-FUT,1,2292.0,2292.0,2291.0,2292.0,200
2011-01-21 23:58:20,NQ-100-FUT,1,2299.0,2300.0,2299.0,2299.0,601
2011-01-22 00:35:00,NQ-100-FUT,1,2269.0,2269.0,2269.0,2269.0,0
2011-01-24 23:58:20,NQ-100-FUT,1,2270.0,2270.0,2270.0,2270.0,113
2011-01-25 23:58:20,NQ-100-FUT,1,2288.0,2289.0,2288.0,2289.0,97
2011-01-26 23:58:20,NQ-100-FUT,1,2306.0,2306.0,2306.0,2306.0,71
2011-01-27 23:58:20,NQ-100-FUT,1,2322.0,2322.0,2321.0,2322.0,133
2011-01-28 23:58:20,NQ-100-FUT,1,2327.0,2327.0,2327.0,2327.0,61
2011-01-29 00:40:00,NQ-100-FUT,1,2268.0,2268.0,2268.0,2268.0,0
2011-01-31 23:58:20,NQ-100-FUT,1,2273.0,2274.0,2273.0,2274.0,163
2011-02-01 23:58:20,NQ-100-FUT,1,2296.0,2296.0,2295.0,2296.0,192
2011-02-02 23:58:20,NQ-100-FUT,1,2315.0,2316.0,2315.0,2316.0,145
2011-02-03 23:58:20,NQ-100-FUT,1,2316.0,2316.0,2316.0,2316.0,11
2011-02-04 23:58:20,NQ-100-FUT,1,2323.0,2323.0,2323.0,2323.0,71
2011-02-05 00:35:00,NQ-100-FUT,1,2338.0,2338.0,2338.0,2338.0,0
2011-02-07 23:58:20,NQ-100-FUT,1,2341.0,2341.0,2341.0,2341.0,7
2011-02-08 23:58:20,NQ-100-FUT,1,2346.0,2346.0,2346.0,2346.0,50
2011-02-09 23:58:20,NQ-100-FUT,1,2357.0,2358.0,2357.0,2357.0,55
2011-02-10 23:58:20,NQ-100-FUT,1,2343.0,2343.0,2341.0,2341.0,200
2011-02-11 23:58:20,NQ-100-FUT,1,2356.0,2356.0,2356.0,2356.0,78
2011-02-12 00:36:40,NQ-100-FUT,1,2378.0,2378.0,2378.0,2378.0,0
2011-02-14 23:58:20,NQ-100-FUT,1,2378.0,2379.0,2378.0,2379.0,69
2011-02-15 23:56:40,NQ-100-FUT,1,2378.0,2378.0,2378.0,2378.0,287
2011-02-16 23:58:20,NQ-100-FUT,1,2388.0,2389.0,2388.0,2389.0,119
2011-02-17 23:58:20,NQ-100-FUT,1,2387.0,2387.0,2386.0,2386.0,626
2011-02-18 23:58:20,NQ-100-FUT,1,2398.0,2399.0,2398.0,2398.0,301
2011-02-19 00:35:00,NQ-100-FUT,1,2395.0,2395.0,2395.0,2395.0,0
2011-02-21 23:58:20,NQ-100-FUT,1,2382.0,2382.0,2382.0,2382.0,4
2011-02-22 23:58:20,NQ-100-FUT,1,2361.0,2361.0,2360.0,2360.0,205
2011-02-23 23:58:20,NQ-100-FUT,1,2323.0,2323.0,2323.0,2323.0,71
2011-02-24 23:58:20,NQ-100-FUT,1,2309.0,2311.0,2309.0,2310.0,330
2011-02-25 23:58:20,NQ-100-FUT,1,2326.0,2326.0,2325.0,2326.0,268
2011-02-26 00:40:00,NQ-100-FUT,1,2346.0,2346.0,2346.0,2346.0,0
2011-02-28 23:58:20,NQ-100-FUT,1,2355.0,2356.0,2355.0,2355.0,153
2011-03-01 23:58:20,NQ-100-FUT,1,2360.0,2360.0,2360.0,2360.0,157
2011-03-02 23:58:20,NQ-100-FUT,1,2314.0,2315.0,2313.0,2313.0,240
2011-03-03 23:58:20,NQ-100-FUT,1,2347.0,2348.0,2347.0,2348.0,198
2011-03-04 23:58:20,NQ-100-FUT,1,2369.0,2369.0,2369.0,2369.0,154
2011-03-05 00:40:00,NQ-100-FUT,1,2360.0,2360.0,2360.0,2360.0,0
2011-03-07 23:58:20,NQ-100-FUT,1,2370.0,2371.0,2370.0,2371.0,124
2011-03-08 23:58:20,NQ-100-FUT,1,2325.0,2325.0,2325.0,2325.0,127
2011-03-09 23:58:20,NQ-100-FUT,1,2328.0,2329.0,2328.0,2328.0,139
2011-03-10 23:58:20,NQ-100-FUT,1,2293.0,2294.0,2293.0,2293.0,39
2011-03-11 23:58:20,NQ-100-FUT,1,2275.0,2277.0,2275.0,2276.0,355
2011-03-12 00:40:00,NQ-100-FUT,1,2303.0,2303.0,2303.0,2303.0,0
2011-03-14 23:58:20,NQ-100-FUT,1,2291.0,2292.0,2289.0,2291.0,732
2011-03-15 23:58:20,NQ-100-FUT,1,2234.0,2234.0,2232.0,2234.0,544
2011-03-16 23:58:20,NQ-100-FUT,1,2246.0,2246.0,2244.0,2244.0,330
2011-03-17 23:51:40,NQ-100-FUT,1,2219.0,2219.0,2219.0,2219.0,11
2011-03-18 23:58:20,NQ-100-FUT,1,2226.0,2228.0,2225.0,2228.0,911
2011-03-21 23:58:20,NQ-100-FUT,1,2265.0,2265.0,2264.0,2264.0,741
2011-03-22 23:58:20,NQ-100-FUT,1,2259.0,2260.0,2259.0,2260.0,266
2011-03-23 23:58:20,NQ-100-FUT,1,2238.0,2239.0,2238.0,2238.0,264
2011-03-24 23:58:20,NQ-100-FUT,1,2282.0,2282.0,2281.0,2281.0,392
2011-03-25 23:58:20,NQ-100-FUT,1,2316.0,2316.0,2316.0,2316.0,348
2011-03-28 23:58:20,NQ-100-FUT,1,2324.0,2324.0,2324.0,2324.0,95
2011-03-29 23:58:20,NQ-100-FUT,1,2297.0,2297.0,2296.0,2296.0,112
2011-03-30 23:58:20,NQ-100-FUT,1,2334.0,2335.0,2334.0,2335.0,185
2011-03-31 23:58:20,NQ-100-FUT,1,2330.0,2330.0,2330.0,2330.0,174
2011-04-01 23:58:20,NQ-100-FUT,1,2349.0,2350.0,2349.0,2350.0,130
2011-04-02 00:35:00,NQ-100-FUT,1,2339.0,2339.0,2339.0,2339.0,0
2011-04-04 23:58:20,NQ-100-FUT,1,2347.0,2347.0,2346.0,2346.0,66
2011-04-05 23:58:20,NQ-100-FUT,1,2328.0,2328.0,2328.0,2328.0,70
2011-04-06 23:58:20,NQ-100-FUT,1,2343.0,2343.0,2342.0,2342.0,265
2011-04-07 23:58:20,NQ-100-FUT,1,2328.0,2329.0,2328.0,2329.0,62
2011-04-08 23:58:20,NQ-100-FUT,1,2339.0,2339.0,2339.0,2339.0,160
2011-04-09 00:35:00,NQ-100-FUT,1,2318.0,2318.0,2318.0,2318.0,0
2011-04-11 23:58:20,NQ-100-FUT,1,2327.0,2327.0,2327.0,2327.0,73
2011-04-12 23:58:20,NQ-100-FUT,1,2300.0,2300.0,2300.0,2300.0,104
2011-04-13 23:58:20,NQ-100-FUT,1,2309.0,2309.0,2309.0,2309.0,216
2011-04-14 23:58:20,NQ-100-FUT,1,2296.0,2297.0,2296.0,2296.0,207
2011-04-15 23:58:20,NQ-100-FUT,1,2302.0,2304.0,2302.0,2303.0,110
2011-04-16 00:35:00,NQ-100-FUT,1,2310.0,2310.0,2310.0,2310.0,0
2011-04-18 23:58:20,NQ-100-FUT,1,2277.0,2278.0,2276.0,2277.0,526
2011-04-19 23:58:20,NQ-100-FUT,1,2294.0,2295.0,2294.0,2294.0,145
2011-04-20 23:58:20,NQ-100-FUT,1,2341.0,2342.0,2341.0,2341.0,225
2011-04-21 23:58:20,NQ-100-FUT,1,2377.0,2377.0,2377.0,2377.0,81
2011-04-22 00:36:40,NQ-100-FUT,1,2376.0,2376.0,2376.0,2376.0,0
2011-04-25 23:58:20,NQ-100-FUT,1,2377.0,2377.0,2376.0,2377.0,1643
2011-04-26 23:58:20,NQ-100-FUT,1,2387.0,2387.0,2387.0,2387.0,154
2011-04-27 23:58:20,NQ-100-FUT,1,2399.0,2400.0,2399.0,2399.0,53
2011-04-28 23:58:20,NQ-100-FUT,1,2404.0,2404.0,2403.0,2403.0,210
2011-04-29 23:58:20,NQ-100-FUT,1,2402.0,2402.0,2402.0,2402.0,23
2011-04-30 00:40:00,NQ-100-FUT,1,2401.0,2401.0,2401.0,2401.0,0
2011-05-02 23:58:20,NQ-100-FUT,1,2408.0,2408.0,2408.0,2408.0,283
2011-05-03 23:58:20,NQ-100-FUT,1,2397.0,2398.0,2397.0,2397.0,51
2011-05-04 23:58:20,NQ-100-FUT,1,2389.0,2390.0,2389.0,2390.0,167
2011-05-05 23:58:20,NQ-100-FUT,1,2373.0,2374.0,2372.0,2373.0,699
2011-05-06 23:58:20,NQ-100-FUT,1,2399.0,2399.0,2398.0,2398.0,411
2011-05-07 00:35:00,NQ-100-FUT,1,2374.0,2374.0,2374.0,2374.0,0
2011-05-09 23:58:20,NQ-100-FUT,1,2383.0,2383.0,2383.0,2383.0,159
2011-05-10 23:58:20,NQ-100-FUT,1,2393.0,2393.0,2393.0,2393.0,153
2011-05-11 23:58:20,NQ-100-FUT,1,2405.0,2406.0,2405.0,2406.0,206
2011-05-12 23:58:20,NQ-100-FUT,1,2382.0,2383.0,2382.0,2383.0,271
2011-05-13 23:58:20,NQ-100-FUT,1,2403.0,2403.0,2402.0,2402.0,105
2011-05-14 00:36:40,NQ-100-FUT,1,2370.0,2370.0,2370.0,2370.0,0
2011-05-16 23:58:20,NQ-100-FUT,1,2367.0,2368.0,2367.0,2368.0,250
2011-05-17 23:58:20,NQ-100-FUT,1,2329.0,2329.0,2328.0,2328.0,213
2011-05-18 23:58:20,NQ-100-FUT,1,2340.0,2340.0,2339.0,2339.0,202
2011-05-19 23:58:20,NQ-100-FUT,1,2370.0,2370.0,2370.0,2370.0,11
2011-05-20 23:58:20,NQ-100-FUT,1,2365.0,2365.0,2363.0,2363.0,368
2011-05-21 00:36:40,NQ-100-FUT,1,2344.0,2344.0,2344.0,2344.0,0
2011-05-23 23:58:20,NQ-100-FUT,1,2320.0,2320.0,2319.0,2319.0,131
2011-05-24 23:58:20,NQ-100-FUT,1,2322.0,2323.0,2322.0,2322.0,443
2011-05-25 23:58:20,NQ-100-FUT,1,2298.0,2298.0,2297.0,2298.0,243
2011-05-26 23:58:20,NQ-100-FUT,1,2306.0,2306.0,2306.0,2306.0,156
2011-05-27 23:58:20,NQ-100-FUT,1,2327.0,2328.0,2327.0,2328.0,313
2011-05-28 00:36:40,NQ-100-FUT,1,2333.0,2333.0,2333.0,2333.0,0
2011-05-30 23:58:20,NQ-100-FUT,1,2336.0,2336.0,2336.0,2336.0,12
2011-05-31 23:58:20,NQ-100-FUT,1,2358.0,2358.0,2357.0,2358.0,209
2011-06-01 23:58:20,NQ-100-FUT,1,2366.0,2366.0,2366.0,2366.0,153
2011-06-02 23:58:20,NQ-100-FUT,1,2327.0,2328.0,2327.0,2328.0,206
2011-06-03 23:58:20,NQ-100-FUT,1,2303.0,2303.0,2302.0,2302.0,291
2011-06-04 00:40:00,NQ-100-FUT,1,2288.0,2288.0,2288.0,2288.0,0
2011-06-06 23:58:20,NQ-100-FUT,1,2290.0,2291.0,2290.0,2291.0,65
2011-06-07 23:58:20,NQ-100-FUT,1,2283.0,2283.0,2283.0,2283.0,57
2011-06-08 23:58:20,NQ-100-FUT,1,2266.0,2266.0,2265.0,2265.0,91
2011-06-09 23:58:20,NQ-100-FUT,1,2251.0,2251.0,2251.0,2251.0,49
2011-06-10 23:58:20,NQ-100-FUT,1,2244.0,2244.0,2243.0,2244.0,106
2011-06-11 00:41:40,NQ-100-FUT,1,2218.0,2218.0,2218.0,2218.0,0
2011-06-13 23:58:20,NQ-100-FUT,1,2223.0,2223.0,2222.0,2223.0,41
2011-06-14 23:58:20,NQ-100-FUT,1,2240.0,2240.0,2239.0,2240.0,219
2011-06-15 23:58:20,NQ-100-FUT,1,2225.0,2225.0,2224.0,2225.0,152
2011-06-16 23:58:20,NQ-100-FUT,1,2204.0,2205.0,2204.0,2205.0,162
2011-06-17 23:58:20,NQ-100-FUT,1,2213.0,2213.0,2212.0,2212.0,260
2011-06-18 00:41:40,NQ-100-FUT,1,2190.0,2190.0,2190.0,2190.0,0
2011-06-20 23:58:20,NQ-100-FUT,1,2185.0,2185.0,2184.0,2184.0,198
2011-06-21 23:58:20,NQ-100-FUT,1,2208.0,2209.0,2208.0,2209.0,307
2011-06-22 23:58:20,NQ-100-FUT,1,2239.0,2239.0,2238.0,2238.0,144
2011-06-23 23:58:20,NQ-100-FUT,1,2208.0,2208.0,2208.0,2208.0,155
2011-06-24 23:58:20,NQ-100-FUT,1,2244.0,2244.0,2243.0,2244.0,215
2011-06-25 00:35:00,NQ-100-FUT,1,2208.0,2208.0,2208.0,2208.0,0
2011-06-27 23:58:20,NQ-100-FUT,1,2211.0,2211.0,2210.0,2211.0,234
2011-06-28 23:58:20,NQ-100-FUT,1,2256.0,2256.0,2255.0,2255.0,194
2011-06-29 23:58:20,NQ-100-FUT,1,2286.0,2286.0,2283.0,2284.0,894
2011-06-30 23:58:20,NQ-100-FUT,1,2299.0,2299.0,2298.0,2298.0,100
2011-07-01 23:58:20,NQ-100-FUT,1,2322.0,2322.0,2322.0,2322.0,54
2011-07-02 00:38:20,NQ-100-FUT,1,2355.0,2355.0,2355.0,2355.0,0
2011-07-04 23:58:20,NQ-100-FUT,1,2357.0,2357.0,2356.0,2357.0,59
2011-07-05 23:58:20,NQ-100-FUT,1,2359.0,2359.0,2358.0,2359.0,138
2011-07-06 23:58:20,NQ-100-FUT,1,2365.0,2365.0,2365.0,2365.0,77
2011-07-07 23:58:20,NQ-100-FUT,1,2393.0,2393.0,2393.0,2393.0,76
2011-07-08 23:58:20,NQ-100-FUT,1,2388.0,2388.0,2386.0,2386.0,528
2011-07-09 00:26:40,NQ-100-FUT,1,2409.0,2409.0,2409.0,2409.0,6
2011-07-11 23:58:20,NQ-100-FUT,1,2380.0,2380.0,2380.0,2380.0,141
2011-07-12 23:58:20,NQ-100-FUT,1,2361.0,2362.0,2361.0,2361.0,320
2011-07-13 23:58:20,NQ-100-FUT,1,2357.0,2357.0,2356.0,2357.0,229
2011-07-14 23:58:20,NQ-100-FUT,1,2358.0,2358.0,2357.0,2358.0,123
2011-07-15 23:58:20,NQ-100-FUT,1,2351.0,2352.0,2351.0,2351.0,301
2011-07-16 00:26:40,NQ-100-FUT,1,2356.0,2356.0,2356.0,2356.0,22
2011-07-18 23:58:20,NQ-100-FUT,1,2343.0,2344.0,2343.0,2343.0,88
2011-07-19 23:58:20,NQ-100-FUT,1,2365.0,2365.0,2363.0,2363.0,282
2011-07-20 23:58:20,NQ-100-FUT,1,2409.0,2409.0,2409.0,2409.0,44
2011-07-21 23:58:20,NQ-100-FUT,1,2389.0,2390.0,2389.0,2389.0,206
2011-07-22 23:58:20,NQ-100-FUT,1,2400.0,2400.0,2400.0,2400.0,106
2011-07-23 00:26:40,NQ-100-FUT,1,2428.0,2428.0,2428.0,2428.0,1
2011-07-25 23:58:20,NQ-100-FUT,1,2409.0,2409.0,2408.0,2409.0,140
2011-07-26 23:58:20,NQ-100-FUT,1,2423.0,2424.0,2423.0,2424.0,123
2011-07-27 23:58:20,NQ-100-FUT,1,2411.0,2411.0,2411.0,2411.0,331
2011-07-28 23:58:20,NQ-100-FUT,1,2365.0,2365.0,2365.0,2365.0,38
2011-07-29 23:58:20,NQ-100-FUT,1,2353.0,2354.0,2353.0,2353.0,43
2011-07-30 00:26:40,NQ-100-FUT,1,2364.0,2364.0,2363.0,2364.0,13
2011-08-01 23:58:20,NQ-100-FUT,1,2384.0,2385.0,2384.0,2385.0,235
2011-08-02 23:58:20,NQ-100-FUT,1,2334.0,2334.0,2333.0,2333.0,251
2011-08-03 23:58:20,NQ-100-FUT,1,2294.0,2295.0,2294.0,2294.0,223
2011-08-04 23:58:20,NQ-100-FUT,1,2281.0,2281.0,2279.0,2280.0,308
2011-08-05 23:58:20,NQ-100-FUT,1,2231.0,2232.0,2230.0,2232.0,366
2011-08-06 00:26:40,NQ-100-FUT,1,2191.0,2191.0,2190.0,2190.0,44
2011-08-08 23:58:20,NQ-100-FUT,1,2130.0,2132.0,2130.0,2131.0,192
2011-08-09 23:58:20,NQ-100-FUT,1,2082.0,2084.0,2082.0,2083.0,193
2011-08-10 23:58:20,NQ-100-FUT,1,2112.0,2112.0,2110.0,2111.0,298
2011-08-11 23:58:20,NQ-100-FUT,1,2093.0,2095.0,2091.0,2095.0,439
2011-08-12 23:58:20,NQ-100-FUT,1,2178.0,2178.0,2176.0,2177.0,451
2011-08-13 00:26:40,NQ-100-FUT,1,2178.0,2178.0,2178.0,2178.0,3
2011-08-15 23:58:20,NQ-100-FUT,1,2187.0,2187.0,2186.0,2186.0,95
2011-08-16 23:58:20,NQ-100-FUT,1,2191.0,2191.0,2190.0,2190.0,146
2011-08-17 23:58:20,NQ-100-FUT,1,2195.0,2196.0,2195.0,2196.0,134
2011-08-18 23:58:20,NQ-100-FUT,1,2121.0,2123.0,2121.0,2123.0,372
2011-08-19 23:58:20,NQ-100-FUT,1,2053.0,2054.0,2052.0,2052.0,369
2011-08-20 00:26:40,NQ-100-FUT,1,2044.0,2044.0,2043.0,2043.0,16
2011-08-22 23:58:20,NQ-100-FUT,1,2083.0,2083.0,2082.0,2083.0,23
2011-08-23 23:58:20,NQ-100-FUT,1,2056.0,2056.0,2054.0,2055.0,314
2011-08-24 23:58:20,NQ-100-FUT,1,2124.0,2124.0,2124.0,2124.0,130
2011-08-25 23:58:20,NQ-100-FUT,1,2140.0,2142.0,2139.0,2141.0,204
2011-08-26 23:58:20,NQ-100-FUT,1,2098.0,2099.0,2098.0,2098.0,113
2011-08-27 00:26:40,NQ-100-FUT,1,2166.0,2166.0,2166.0,2166.0,1
2011-08-29 23:58:20,NQ-100-FUT,1,2187.0,2187.0,2186.0,2186.0,244
2011-08-30 23:58:20,NQ-100-FUT,1,2212.0,2212.0,2210.0,2210.0,321
2011-08-31 23:58:20,NQ-100-FUT,1,2247.0,2248.0,2247.0,2248.0,292
2011-09-01 23:58:20,NQ-100-FUT,1,2248.0,2248.0,2247.0,2247.0,316
2011-09-02 23:58:20,NQ-100-FUT,1,2181.0,2182.0,2181.0,2181.0,104
2011-09-03 00:26:40,NQ-100-FUT,1,2166.0,2166.0,2165.0,2166.0,5
2011-09-05 23:58:20,NQ-100-FUT,1,2132.0,2132.0,2132.0,2132.0,25
2011-09-06 23:55:00,NQ-100-FUT,1,2118.0,2118.0,2118.0,2118.0,0
2011-09-07 23:58:20,NQ-100-FUT,1,2196.0,2196.0,2196.0,2196.0,0
2011-09-08 23:58:20,NQ-100-FUT,1,2208.0,2208.0,2208.0,2208.0,0
2011-09-09 23:58:20,NQ-100-FUT,1,2195.0,2195.0,2193.0,2193.0,0
2011-09-10 00:38:20,NQ-100-FUT,1,2164.0,2164.0,2164.0,2164.0,0
2011-09-11 01:05:00,NQ-100-FUT,1,2164.0,2164.0,2164.0,2164.0,0
2011-09-12 23:58:20,NQ-100-FUT,1,2133.0,2134.0,2133.0,2134.0,0
2011-09-13 23:58:20,NQ-100-FUT,1,2195.0,2196.0,2195.0,2196.0,0
2011-09-14 23:58:20,NQ-100-FUT,1,2230.0,2230.0,2229.0,2229.0,0
2011-09-15 23:58:20,NQ-100-FUT,1,2272.0,2272.0,2272.0,2272.0,0
2011-09-16 23:58:20,NQ-100-FUT,1,2286.0,2286.0,2286.0,2286.0,0
2011-09-17 00:38:20,NQ-100-FUT,1,2307.0,2307.0,2307.0,2307.0,0
2011-09-18 01:05:00,NQ-100-FUT,1,2307.0,2307.0,2307.0,2307.0,0
2011-09-19 23:58:20,NQ-100-FUT,1,2270.0,2270.0,2270.0,2270.0,0
2011-09-20 23:58:20,NQ-100-FUT,1,2315.0,2315.0,2314.0,2314.0,0
2011-09-21 23:58:20,NQ-100-FUT,1,2302.0,2302.0,2302.0,2302.0,0
2011-09-22 23:58:20,NQ-100-FUT,1,2197.0,2197.0,2195.0,2195.0,0
2011-09-23 23:58:20,NQ-100-FUT,1,2165.0,2166.0,2165.0,2165.0,0
2011-09-24 00:36:40,NQ-100-FUT,1,2202.0,2202.0,2202.0,2202.0,0
2011-09-25 01:05:00,NQ-100-FUT,1,2202.0,2202.0,2202.0,2202.0,0
2011-09-26 23:58:20,NQ-100-FUT,1,2208.0,2208.0,2207.0,2208.0,0
2011-09-27 23:58:20,NQ-100-FUT,1,2264.0,2265.0,2264.0,2265.0,0
2011-09-28 23:58:20,NQ-100-FUT,1,2260.0,2260.0,2258.0,2258.0,0
2011-09-29 23:58:20,NQ-100-FUT,1,2258.0,2258.0,2257.0,2257.0,0
2011-09-30 23:58:20,NQ-100-FUT,1,2163.0,2163.0,2162.0,2162.0,0
2011-10-01 00:41:40,NQ-100-FUT,1,2135.0,2135.0,2135.0,2135.0,0
2011-10-02 01:06:40,NQ-100-FUT,1,2135.0,2135.0,2135.0,2135.0,0
2011-10-03 23:58:20,NQ-100-FUT,1,2118.0,2118.0,2117.0,2117.0,0
2011-10-04 23:58:20,NQ-100-FUT,1,2058.0,2058.0,2058.0,2058.0,0
2011-10-05 23:58:20,NQ-100-FUT,1,2120.0,2120.0,2120.0,2120.0,0
2011-10-06 23:58:20,NQ-100-FUT,1,2173.0,2173.0,2173.0,2173.0,0
2011-10-07 23:58:20,NQ-100-FUT,1,2211.0,2211.0,2210.0,2210.0,0
2011-10-08 00:38:20,NQ-100-FUT,1,2202.0,2202.0,2202.0,2202.0,0
2011-10-09 01:05:00,NQ-100-FUT,1,2202.0,2202.0,2202.0,2202.0,0
2011-10-10 23:58:20,NQ-100-FUT,1,2232.0,2232.0,2232.0,2232.0,0
2011-10-11 23:58:20,NQ-100-FUT,1,2270.0,2270.0,2270.0,2270.0,0
2011-10-12 23:58:20,NQ-100-FUT,1,2314.0,2315.0,2314.0,2315.0,0
2011-10-13 23:58:20,NQ-100-FUT,1,2297.0,2297.0,2297.0,2297.0,0
2011-10-14 23:58:20,NQ-100-FUT,1,2356.0,2356.0,2356.0,2356.0,0
2011-10-15 00:26:40,NQ-100-FUT,1,2368.0,2368.0,2367.0,2367.0,0
2011-10-16 01:05:00,NQ-100-FUT,1,2367.0,2367.0,2367.0,2367.0,0
2011-10-17 23:58:20,NQ-100-FUT,1,2350.0,2350.0,2350.0,2350.0,0
2011-10-18 23:58:20,NQ-100-FUT,1,2333.0,2333.0,2332.0,2332.0,0
2011-10-19 23:58:20,NQ-100-FUT,1,2343.0,2343.0,2343.0,2343.0,0
2011-10-20 23:58:20,NQ-100-FUT,1,2312.0,2312.0,2311.0,2311.0,0
2011-10-21 23:58:20,NQ-100-FUT,1,2327.0,2328.0,2327.0,2327.0,0
2011-10-22 00:36:40,NQ-100-FUT,1,2334.0,2334.0,2334.0,2334.0,0
2011-10-23 01:05:00,NQ-100-FUT,1,2334.0,2334.0,2334.0,2334.0,0
2011-10-24 23:58:20,NQ-100-FUT,1,2339.0,2339.0,2338.0,2338.0,0
2011-10-25 23:58:20,NQ-100-FUT,1,2370.0,2370.0,2369.0,2369.0,0
2011-10-26 23:58:20,NQ-100-FUT,1,2345.0,2346.0,2345.0,2346.0,0
2011-10-27 23:58:20,NQ-100-FUT,1,2384.0,2384.0,2384.0,2384.0,0
2011-10-28 23:58:20,NQ-100-FUT,1,2385.0,2385.0,2385.0,2385.0,0
2011-10-29 00:38:20,NQ-100-FUT,1,2397.0,2397.0,2397.0,2397.0,0
2011-10-30 01:05:00,NQ-100-FUT,1,2397.0,2397.0,2397.0,2397.0,0
2011-10-31 23:58:20,NQ-100-FUT,1,2374.0,2374.0,2374.0,2374.0,0
2011-11-01 23:58:20,NQ-100-FUT,1,2303.0,2303.0,2303.0,2303.0,0
2011-11-02 23:58:20,NQ-100-FUT,1,2318.0,2319.0,2318.0,2319.0,0
2011-11-03 23:58:20,NQ-100-FUT,1,2334.0,2334.0,2333.0,2333.0,0
2011-11-04 23:58:20,NQ-100-FUT,1,2348.0,2348.0,2348.0,2348.0,0
2011-11-05 00:36:40,NQ-100-FUT,1,2351.0,2351.0,2351.0,2351.0,0
2011-11-06 16:05:00,NQ-100-FUT,1,2351.0,2351.0,2351.0,2351.0,0
2011-11-07 23:58:20,NQ-100-FUT,1,2341.0,2341.0,2341.0,2341.0,0
2011-11-08 23:58:20,NQ-100-FUT,1,2390.0,2390.0,2389.0,2389.0,0
2011-11-09 23:58:20,NQ-100-FUT,1,2349.0,2349.0,2348.0,2348.0,0
2011-11-10 23:58:20,NQ-100-FUT,1,2339.0,2339.0,2339.0,2339.0,0
2011-11-11 23:58:20,NQ-100-FUT,1,2327.0,2327.0,2327.0,2327.0,0
2011-11-12 03:31:40,NQ-100-FUT,1,2350.0,2350.0,2350.0,2350.0,0
2011-11-13 01:05:00,NQ-100-FUT,1,2350.0,2350.0,2350.0,2350.0,0
2011-11-14 23:58:20,NQ-100-FUT,1,2347.0,2347.0,2347.0,2347.0,0
2011-11-15 23:58:20,NQ-100-FUT,1,2326.0,2326.0,2326.0,2326.0,0
2011-11-16 23:58:20,NQ-100-FUT,1,2353.0,2353.0,2352.0,2352.0,0
2011-11-17 23:58:20,NQ-100-FUT,1,2306.0,2307.0,2306.0,2307.0,0
2011-11-18 23:58:20,NQ-100-FUT,1,2279.0,2279.0,2279.0,2279.0,0
2011-11-19 03:28:20,NQ-100-FUT,1,2250.0,2250.0,2250.0,2250.0,0
2011-11-20 01:05:00,NQ-100-FUT,1,2250.0,2250.0,2250.0,2250.0,0
2011-11-21 23:58:20,NQ-100-FUT,1,2226.0,2226.0,2226.0,2226.0,0
2011-11-22 23:58:20,NQ-100-FUT,1,2202.0,2203.0,2202.0,2203.0,0
2011-11-23 23:58:20,NQ-100-FUT,1,2197.0,2197.0,2197.0,2197.0,0
2011-11-24 23:58:20,NQ-100-FUT,1,2180.0,2180.0,2180.0,2180.0,0
2011-11-25 23:58:20,NQ-100-FUT,1,2147.0,2147.0,2147.0,2147.0,0
2011-11-26 00:26:40,NQ-100-FUT,1,2148.0,2148.0,2148.0,2148.0,0
2011-11-27 01:05:00,NQ-100-FUT,1,2148.0,2148.0,2148.0,2148.0,0
2011-11-28 23:58:20,NQ-100-FUT,1,2200.0,2200.0,2200.0,2200.0,0
2011-11-29 23:58:20,NQ-100-FUT,1,2228.0,2229.0,2228.0,2229.0,0
2011-11-30 23:58:20,NQ-100-FUT,1,2260.0,2260.0,2260.0,2260.0,0
2011-12-01 23:58:20,NQ-100-FUT,1,2300.0,2300.0,2300.0,2300.0,0
2011-12-02 23:58:20,NQ-100-FUT,1,2339.0,2340.0,2339.0,2340.0,0
2011-12-03 03:23:20,NQ-100-FUT,1,2303.0,2303.0,2303.0,2303.0,0
2011-12-04 01:05:00,NQ-100-FUT,1,2303.0,2303.0,2303.0,2303.0,0
2011-12-05 23:58:20,NQ-100-FUT,1,2334.0,2334.0,2334.0,2334.0,0
2011-12-06 23:58:20,NQ-100-FUT,1,2330.0,2330.0,2329.0,2329.0,0
2011-12-07 23:58:20,NQ-100-FUT,1,2315.0,2316.0,2315.0,2315.0,0
2011-12-08 23:58:20,NQ-100-FUT,1,2324.0,2324.0,2324.0,2324.0,0
2011-12-09 23:58:20,NQ-100-FUT,1,2291.0,2291.0,2291.0,2291.0,0
2011-12-10 03:28:20,NQ-100-FUT,1,2319.0,2319.0,2319.0,2319.0,0
2011-12-11 00:26:40,NQ-100-FUT,1,2319.0,2319.0,2319.0,2319.0,0
2011-12-12 23:58:20,NQ-100-FUT,1,2300.0,2300.0,2300.0,2300.0,0
2011-12-13 23:58:20,NQ-100-FUT,1,2306.0,2306.0,2305.0,2305.0,0
2011-12-14 23:58:20,NQ-100-FUT,1,2260.0,2260.0,2260.0,2260.0,0
2011-12-15 23:58:20,NQ-100-FUT,1,2246.0,2246.0,2246.0,2246.0,0
2011-12-16 23:58:20,NQ-100-FUT,1,2242.0,2243.0,2242.0,2243.0,0
2011-12-17 03:13:20,NQ-100-FUT,1,2233.0,2233.0,2233.0,2233.0,0
2011-12-18 01:05:00,NQ-100-FUT,1,2233.0,2233.0,2233.0,2233.0,0
2011-12-19 23:58:20,NQ-100-FUT,1,2247.0,2248.0,2247.0,2248.0,0
2011-12-20 23:58:20,NQ-100-FUT,1,2234.0,2234.0,2233.0,2233.0,0
2011-12-21 23:58:20,NQ-100-FUT,1,2259.0,2260.0,2259.0,2260.0,0
2011-12-22 23:58:20,NQ-100-FUT,1,2253.0,2253.0,2253.0,2253.0,0
2011-12-23 23:58:20,NQ-100-FUT,1,2270.0,2270.0,2270.0,2270.0,0
2011-12-24 03:25:00,NQ-100-FUT,1,2279.0,2279.0,2279.0,2279.0,0
2011-12-25 01:05:00,NQ-100-FUT,1,2279.0,2279.0,2279.0,2279.0,0
2011-12-26 02:21:40,NQ-100-FUT,1,2279.0,2279.0,2279.0,2279.0,0
2011-12-27 23:58:20,NQ-100-FUT,1,2280.0,2280.0,2280.0,2280.0,0
2011-12-28 23:58:20,NQ-100-FUT,1,2290.0,2290.0,2290.0,2290.0,0
2011-12-29 23:58:20,NQ-100-FUT,1,2263.0,2263.0,2263.0,2263.0,0
2011-12-30 23:58:20,NQ-100-FUT,1,2278.0,2278.0,2278.0,2278.0,0
2011-12-31 03:26:40,NQ-100-FUT,1,2275.0,2275.0,2275.0,2275.0,0
2012-01-01 01:05:00,NQ-100-FUT,1,2275.0,2275.0,2275.0,2275.0,0
2012-01-02 00:26:40,NQ-100-FUT,1,2275.0,2275.0,2275.0,2275.0,0
2012-01-03 23:58:20,NQ-100-FUT,1,2310.0,2310.0,2310.0,2310.0,0
2012-01-04 23:58:20,NQ-100-FUT,1,2311.0,2311.0,2311.0,2311.0,0
2012-01-05 23:58:20,NQ-100-FUT,1,2328.0,2328.0,2328.0,2328.0,0
2012-01-06 23:58:20,NQ-100-FUT,1,2346.0,2346.0,2345.0,2345.0,0
2012-01-07 03:25:00,NQ-100-FUT,1,2352.0,2352.0,2352.0,2352.0,0
2012-01-08 01:05:00,NQ-100-FUT,1,2352.0,2352.0,2352.0,2352.0,0
2012-01-09 23:58:20,NQ-100-FUT,1,2362.0,2362.0,2361.0,2361.0,0
2012-01-10 23:58:20,NQ-100-FUT,1,2369.0,2369.0,2369.0,2369.0,0
2012-01-11 23:58:20,NQ-100-FUT,1,2356.0,2356.0,2355.0,2355.0,0
2012-01-12 23:58:20,NQ-100-FUT,1,2377.0,2377.0,2377.0,2377.0,0
2012-01-13 23:58:20,NQ-100-FUT,1,2378.0,2378.0,2378.0,2378.0,0
2012-01-14 03:25:00,NQ-100-FUT,1,2374.0,2374.0,2374.0,2374.0,0
2012-01-15 01:05:00,NQ-100-FUT,1,2374.0,2374.0,2374.0,2374.0,0
2012-01-16 23:58:20,NQ-100-FUT,1,2376.0,2376.0,2376.0,2376.0,0
2012-01-17 23:58:20,NQ-100-FUT,1,2396.0,2396.0,2396.0,2396.0,0
2012-01-18 23:58:20,NQ-100-FUT,1,2399.0,2400.0,2399.0,2400.0,0
2012-01-19 23:58:20,NQ-100-FUT,1,2432.0,2432.0,2432.0,2432.0,0
2012-01-20 23:58:20,NQ-100-FUT,1,2427.0,2427.0,2427.0,2427.0,0
2012-01-21 03:23:20,NQ-100-FUT,1,2435.0,2435.0,2435.0,2435.0,0
2012-01-22 01:05:00,NQ-100-FUT,1,2435.0,2435.0,2435.0,2435.0,0
2012-01-23 23:58:20,NQ-100-FUT,1,2437.0,2437.0,2436.0,2436.0,0
2012-01-24 23:58:20,NQ-100-FUT,1,2427.0,2427.0,2426.0,2427.0,0
2012-01-25 23:58:20,NQ-100-FUT,1,2453.0,2454.0,2453.0,2454.0,0
2012-01-26 23:58:20,NQ-100-FUT,1,2466.0,2467.0,2466.0,2467.0,0
2012-01-27 23:58:20,NQ-100-FUT,1,2458.0,2459.0,2458.0,2458.0,0
2012-01-28 03:26:40,NQ-100-FUT,1,2456.0,2456.0,2456.0,2456.0,0
2012-01-29 03:26:40,NQ-100-FUT,1,2456.0,2456.0,2456.0,2456.0,0
2012-01-30 23:58:20,NQ-100-FUT,1,2440.0,2440.0,2440.0,2440.0,0
2012-01-31 23:58:20,NQ-100-FUT,1,2472.0,2472.0,2472.0,2472.0,0
2012-02-01 23:58:20,NQ-100-FUT,1,2476.0,2476.0,2476.0,2476.0,0
2012-02-02 23:58:20,NQ-100-FUT,1,2486.0,2486.0,2486.0,2486.0,0
2012-02-03 23:58:20,NQ-100-FUT,1,2498.0,2498.0,2498.0,2498.0,0
2012-02-04 03:23:20,NQ-100-FUT,1,2523.0,2523.0,2523.0,2523.0,0
2012-02-05 01:05:00,NQ-100-FUT,1,2523.0,2523.0,2523.0,2523.0,0
2012-02-06 23:58:20,NQ-100-FUT,1,2515.0,2515.0,2515.0,2515.0,0
2012-02-07 23:58:20,NQ-100-FUT,1,2519.0,2519.0,2519.0,2519.0,0
2012-02-08 23:58:20,NQ-100-FUT,1,2534.0,2534.0,2534.0,2534.0,0
2012-02-09 23:58:20,NQ-100-FUT,1,2549.0,2549.0,2549.0,2549.0,0
2012-02-10 23:58:20,NQ-100-FUT,1,2539.0,2540.0,2539.0,2540.0,0
2012-02-11 03:11:40,NQ-100-FUT,1,2549.75,2550.0,2548.75,2549.25,796
2012-02-12 06:00:00,NQ-100-FUT,1,2549.0,2549.0,2549.0,2549.0,0
2012-02-13 23:58:20,NQ-100-FUT,1,2565.0,2565.0,2565.0,2565.0,0
2012-02-14 23:58:20,NQ-100-FUT,1,2567.0,2568.0,2567.0,2568.0,0
2012-02-15 23:58:20,NQ-100-FUT,1,2588.0,2588.0,2588.0,2588.0,0
2012-02-16 23:58:20,NQ-100-FUT,1,2554.0,2554.0,2554.0,2554.0,0
2012-02-17 23:58:20,NQ-100-FUT,1,2594.0,2594.0,2594.0,2594.0,0
2012-02-18 06:00:00,NQ-100-FUT,1,2582.0,2582.0,2582.0,2582.0,0
2012-02-19 06:00:00,NQ-100-FUT,1,2582.0,2582.0,2582.0,2582.0,0
2012-02-20 23:58:20,NQ-100-FUT,1,2597.0,2597.0,2597.0,2597.0,0
2012-02-21 23:58:20,NQ-100-FUT,1,2584.0,2584.0,2584.0,2584.0,0
2012-02-22 23:58:20,NQ-100-FUT,1,2585.0,2585.0,2585.0,2585.0,0
2012-02-23 23:58:20,NQ-100-FUT,1,2586.0,2587.0,2586.0,2587.0,0
2012-02-24 23:58:20,NQ-100-FUT,1,2603.0,2603.0,2603.0,2603.0,0
2012-02-25 06:00:00,NQ-100-FUT,1,2602.0,2602.0,2602.0,2602.0,0
2012-02-26 06:00:00,NQ-100-FUT,1,2602.0,2602.0,2602.0,2602.0,0
2012-02-27 23:58:20,NQ-100-FUT,1,2591.0,2591.0,2591.0,2591.0,0
2012-02-28 23:58:20,NQ-100-FUT,1,2618.0,2618.0,2618.0,2618.0,0
2012-02-29 23:58:20,NQ-100-FUT,1,2637.0,2637.0,2637.0,2637.0,0
2012-03-01 23:58:20,NQ-100-FUT,1,2635.0,2635.0,2635.0,2635.0,0
2012-03-02 23:58:20,NQ-100-FUT,1,2638.0,2638.0,2638.0,2638.0,0
2012-03-03 06:00:00,NQ-100-FUT,1,2644.0,2644.0,2644.0,2644.0,0
2012-03-04 13:58:20,NQ-100-FUT,1,2644.0,2644.0,2644.0,2644.0,0
2012-03-05 23:58:20,NQ-100-FUT,1,2638.0,2638.0,2638.0,2638.0,0
2012-03-06 23:58:20,NQ-100-FUT,1,2596.0,2596.0,2596.0,2596.0,0
2012-03-07 23:58:20,NQ-100-FUT,1,2602.0,2603.0,2602.0,2602.0,0
2012-03-08 23:58:20,NQ-100-FUT,1,2621.0,2621.0,2621.0,2621.0,0
2012-03-09 23:58:20,NQ-100-FUT,1,2635.0,2635.0,2635.0,2635.0,0
2012-03-10 06:00:00,NQ-100-FUT,1,2644.0,2644.0,2644.0,2644.0,0
2012-03-11 14:00:00,NQ-100-FUT,1,2644.0,2644.0,2644.0,2644.0,0
2012-03-12 23:58:20,NQ-100-FUT,1,2641.0,2641.0,2641.0,2641.0,0
2012-03-13 23:58:20,NQ-100-FUT,1,2659.0,2659.0,2659.0,2659.0,0
2012-03-14 23:58:20,NQ-100-FUT,1,2695.0,2695.0,2695.0,2695.0,0
2012-03-15 23:58:20,NQ-100-FUT,1,2711.0,2712.0,2711.0,2712.0,0
2012-03-16 23:58:20,NQ-100-FUT,1,2717.0,2718.0,2717.0,2718.0,0
2012-03-17 06:00:00,NQ-100-FUT,1,2709.0,2709.0,2709.0,2709.0,0
2012-03-18 13:58:20,NQ-100-FUT,1,2709.0,2709.0,2709.0,2709.0,0
2012-03-19 23:58:20,NQ-100-FUT,1,2711.0,2711.0,2711.0,2711.0,0
2012-03-20 23:58:20,NQ-100-FUT,1,2715.0,2715.0,2715.0,2715.0,0
2012-03-21 23:58:20,NQ-100-FUT,1,2734.0,2734.0,2734.0,2734.0,0
2012-03-22 23:58:20,NQ-100-FUT,1,2719.0,2719.0,2719.0,2719.0,0
2012-03-23 23:58:20,NQ-100-FUT,1,2732.0,2732.0,2732.0,2732.0,0
2012-03-24 06:00:00,NQ-100-FUT,1,2729.0,2729.0,2729.0,2729.0,0
2012-03-25 14:00:00,NQ-100-FUT,1,2729.0,2729.0,2729.0,2729.0,0
2012-03-26 23:58:20,NQ-100-FUT,1,2746.0,2746.0,2746.0,2746.0,0
2012-03-27 23:58:20,NQ-100-FUT,1,2776.0,2776.0,2775.0,2775.0,0
2012-03-28 23:58:20,NQ-100-FUT,1,2780.0,2780.0,2780.0,2780.0,0
2012-03-29 23:58:20,NQ-100-FUT,1,2754.0,2754.0,2752.0,2752.0,0
2012-03-30 23:58:20,NQ-100-FUT,1,2770.0,2770.0,2770.0,2770.0,0
2012-03-31 06:00:00,NQ-100-FUT,1,2751.0,2751.0,2751.0,2751.0,0
2012-04-01 14:00:00,NQ-100-FUT,1,2751.0,2751.0,2751.0,2751.0,0
2012-04-02 23:58:20,NQ-100-FUT,1,2749.0,2749.0,2748.0,2748.0,0
2012-04-03 23:58:20,NQ-100-FUT,1,2782.0,2783.0,2782.0,2783.0,0
2012-04-04 23:58:20,NQ-100-FUT,1,2757.0,2758.0,2757.0,2757.0,0
2012-04-05 23:58:20,NQ-100-FUT,1,2735.0,2736.0,2735.0,2736.0,0
2012-04-06 23:51:40,NQ-100-FUT,1,2759.0,2759.0,2759.0,2759.0,0
2012-04-07 06:00:00,NQ-100-FUT,1,2754.0,2754.0,2754.0,2754.0,0
2012-04-08 13:58:20,NQ-100-FUT,1,2754.0,2754.0,2754.0,2754.0,0
2012-04-09 23:58:20,NQ-100-FUT,1,2724.0,2725.0,2724.0,2724.0,0
2012-04-10 23:58:20,NQ-100-FUT,1,2737.0,2737.0,2737.0,2737.0,0
2012-04-11 23:58:20,NQ-100-FUT,1,2715.0,2715.0,2715.0,2715.0,0
2012-04-12 23:58:20,NQ-100-FUT,1,2710.0,2710.0,2709.0,2710.0,0
2012-04-13 23:58:20,NQ-100-FUT,1,2727.0,2728.0,2727.0,2728.0,0
2012-04-14 06:00:00,NQ-100-FUT,1,2694.0,2694.0,2694.0,2694.0,0
2012-04-15 13:58:20,NQ-100-FUT,1,2694.0,2694.0,2694.0,2694.0,0
2012-04-16 23:58:20,NQ-100-FUT,1,2709.0,2709.0,2708.0,2709.0,0
2012-04-17 23:58:20,NQ-100-FUT,1,2675.0,2675.0,2675.0,2675.0,0
2012-04-18 23:58:20,NQ-100-FUT,1,2710.0,2710.0,2710.0,2710.0,0
2012-04-19 23:58:20,NQ-100-FUT,1,2699.0,2700.0,2699.0,2700.0,0
2012-04-20 23:58:20,NQ-100-FUT,1,2695.0,2695.0,2695.0,2695.0,0
2012-04-21 06:00:00,NQ-100-FUT,1,2674.0,2674.0,2674.0,2674.0,0
2012-04-22 13:58:20,NQ-100-FUT,1,2674.0,2674.0,2674.0,2674.0,0
2012-04-23 23:58:20,NQ-100-FUT,1,2650.0,2650.0,2650.0,2650.0,0
2012-04-24 23:58:20,NQ-100-FUT,1,2646.0,2646.0,2646.0,2646.0,0
2012-04-25 23:58:20,NQ-100-FUT,1,2687.0,2687.0,2687.0,2687.0,0
2012-04-26 23:58:20,NQ-100-FUT,1,2702.0,2702.0,2702.0,2702.0,0
2012-04-27 23:58:20,NQ-100-FUT,1,2732.0,2733.0,2732.0,2733.0,0
2012-04-28 06:55:00,NQ-100-FUT,1,2737.0,2737.0,2737.0,2737.0,0
2012-04-29 13:58:20,NQ-100-FUT,1,2737.0,2737.0,2737.0,2737.0,0
2012-04-30 23:58:20,NQ-100-FUT,1,2728.0,2729.0,2728.0,2729.0,0
2012-05-01 23:58:20,NQ-100-FUT,1,2718.0,2718.0,2718.0,2718.0,0
2012-05-02 23:58:20,NQ-100-FUT,1,2706.0,2706.0,2706.0,2706.0,0
2012-05-03 23:58:20,NQ-100-FUT,1,2731.0,2731.0,2731.0,2731.0,0
2012-05-04 23:58:20,NQ-100-FUT,1,2682.0,2682.0,2682.0,2682.0,0
2012-05-05 06:01:40,NQ-100-FUT,1,2626.0,2626.0,2626.0,2626.0,0
2012-05-06 13:58:20,NQ-100-FUT,1,2626.0,2626.0,2626.0,2626.0,0
2012-05-07 23:58:20,NQ-100-FUT,1,2620.0,2621.0,2620.0,2621.0,0
2012-05-08 23:58:20,NQ-100-FUT,1,2618.0,2619.0,2618.0,2619.0,0
2012-05-09 23:58:20,NQ-100-FUT,1,2598.0,2598.0,2598.0,2598.0,0
2012-05-10 23:58:20,NQ-100-FUT,1,2632.0,2632.0,2631.0,2631.0,0
2012-05-11 23:58:20,NQ-100-FUT,1,2601.0,2601.0,2601.0,2601.0,0
2012-05-12 06:00:00,NQ-100-FUT,1,2611.0,2611.0,2611.0,2611.0,0
2012-05-13 13:58:20,NQ-100-FUT,1,2611.0,2611.0,2611.0,2611.0,0
2012-05-14 23:58:20,NQ-100-FUT,1,2590.0,2590.0,2590.0,2590.0,0
2012-05-15 23:58:20,NQ-100-FUT,1,2596.0,2596.0,2596.0,2596.0,0
2012-05-16 23:58:20,NQ-100-FUT,1,2591.0,2591.0,2591.0,2591.0,0
2012-05-17 23:58:20,NQ-100-FUT,1,2561.0,2562.0,2561.0,2562.0,0
2012-05-18 23:58:20,NQ-100-FUT,1,2511.0,2512.0,2511.0,2512.0,0
2012-05-19 06:00:00,NQ-100-FUT,1,2468.0,2468.0,2468.0,2468.0,0
2012-05-20 13:58:20,NQ-100-FUT,1,2468.0,2468.0,2468.0,2468.0,0
2012-05-21 23:58:20,NQ-100-FUT,1,2479.0,2480.0,2479.0,2480.0,0
2012-05-22 23:58:20,NQ-100-FUT,1,2547.0,2548.0,2547.0,2548.0,0
2012-05-23 23:58:20,NQ-100-FUT,1,2521.0,2521.0,2520.0,2520.0,0
2012-05-24 23:58:20,NQ-100-FUT,1,2552.0,2553.0,2552.0,2553.0,0
2012-05-25 23:58:20,NQ-100-FUT,1,2532.0,2532.0,2531.0,2531.0,0
2012-05-26 06:00:00,NQ-100-FUT,1,2524.0,2524.0,2524.0,2524.0,0
2012-05-27 06:00:00,NQ-100-FUT,1,2524.0,2524.0,2524.0,2524.0,0
2012-05-28 23:58:20,NQ-100-FUT,1,2534.0,2535.0,2534.0,2535.0,0
2012-05-29 23:58:20,NQ-100-FUT,1,2547.0,2547.0,2547.0,2547.0,0
2012-05-30 23:58:20,NQ-100-FUT,1,2535.0,2535.0,2535.0,2535.0,0
2012-05-31 23:58:20,NQ-100-FUT,1,2536.0,2536.0,2536.0,2536.0,0
2012-06-01 23:58:20,NQ-100-FUT,1,2484.0,2484.0,2484.0,2484.0,0
2012-06-02 06:00:00,NQ-100-FUT,1,2455.0,2455.0,2455.0,2455.0,0
2012-06-03 14:00:00,NQ-100-FUT,1,2455.0,2455.0,2455.0,2455.0,0
2012-06-04 23:58:20,NQ-100-FUT,1,2464.0,2464.0,2463.0,2463.0,0
2012-06-05 23:58:20,NQ-100-FUT,1,2468.0,2468.0,2468.0,2468.0,0
2012-06-06 23:58:20,NQ-100-FUT,1,2508.0,2508.0,2508.0,2508.0,0
2012-06-07 23:58:20,NQ-100-FUT,1,2560.0,2561.0,2560.0,2561.0,0
2012-06-08 23:58:20,NQ-100-FUT,1,2525.0,2525.0,2525.0,2525.0,0
2012-06-09 06:00:00,NQ-100-FUT,1,2557.0,2557.0,2557.0,2557.0,0
2012-06-10 14:00:00,NQ-100-FUT,1,2557.0,2557.0,2557.0,2557.0,0
2012-06-11 23:58:20,NQ-100-FUT,1,2570.0,2570.0,2570.0,2570.0,0
2012-06-12 23:58:20,NQ-100-FUT,1,2526.0,2526.0,2524.0,2524.0,0
2012-06-13 23:58:20,NQ-100-FUT,1,2534.0,2534.0,2533.0,2533.0,0
2012-06-14 23:58:20,NQ-100-FUT,1,2524.0,2525.0,2524.0,2525.0,0
2012-06-15 23:58:20,NQ-100-FUT,1,2539.0,2539.0,2538.0,2538.0,0
2012-06-16 06:00:00,NQ-100-FUT,1,2564.0,2564.0,2564.0,2564.0,0
2012-06-17 13:58:20,NQ-100-FUT,1,2564.0,2564.0,2564.0,2564.0,0
2012-06-18 23:58:20,NQ-100-FUT,1,2554.0,2554.0,2554.0,2554.0,0
2012-06-19 23:58:20,NQ-100-FUT,1,2600.0,2600.0,2600.0,2600.0,0
2012-06-20 23:58:20,NQ-100-FUT,1,2618.0,2618.0,2618.0,2618.0,0
2012-06-21 23:58:20,NQ-100-FUT,1,2616.0,2616.0,2615.0,2615.0,0
2012-06-22 23:58:20,NQ-100-FUT,1,2561.0,2561.0,2561.0,2561.0,0
2012-06-23 06:00:00,NQ-100-FUT,1,2574.0,2574.0,2574.0,2574.0,0
2012-06-24 13:58:20,NQ-100-FUT,1,2574.0,2574.0,2574.0,2574.0,0
2012-06-25 23:58:20,NQ-100-FUT,1,2558.0,2558.0,2558.0,2558.0,0
2012-06-26 23:58:20,NQ-100-FUT,1,2533.0,2533.0,2533.0,2533.0,0
2012-06-27 23:58:20,NQ-100-FUT,1,2551.0,2551.0,2551.0,2551.0,0
2012-06-28 23:58:20,NQ-100-FUT,1,2541.0,2541.0,2540.0,2540.0,0
2012-06-29 23:58:20,NQ-100-FUT,1,2575.0,2575.0,2575.0,2575.0,0
2012-06-30 06:00:00,NQ-100-FUT,1,2610.0,2610.0,2610.0,2610.0,0
2012-07-01 13:58:20,NQ-100-FUT,1,2610.0,2610.0,2610.0,2610.0,0
2012-07-02 23:58:20,NQ-100-FUT,1,2615.0,2615.0,2614.0,2614.0,0
2012-07-03 23:58:20,NQ-100-FUT,1,2619.0,2619.0,2619.0,2619.0,0
2012-07-04 23:58:20,NQ-100-FUT,1,2635.0,2635.0,2635.0,2635.0,0
2012-07-05 23:58:20,NQ-100-FUT,1,2636.0,2636.0,2636.0,2636.0,0
2012-07-06 23:58:20,NQ-100-FUT,1,2633.0,2633.0,2633.0,2633.0,0
2012-07-07 06:00:00,NQ-100-FUT,1,2609.0,2609.0,2609.0,2609.0,0
2012-07-08 13:58:20,NQ-100-FUT,1,2609.0,2609.0,2609.0,2609.0,0
2012-07-09 23:58:20,NQ-100-FUT,1,2606.0,2606.0,2606.0,2606.0,0
2012-07-10 23:58:20,NQ-100-FUT,1,2618.0,2618.0,2618.0,2618.0,0
2012-07-11 23:58:20,NQ-100-FUT,1,2577.0,2578.0,2577.0,2578.0,0
2012-07-12 23:58:20,NQ-100-FUT,1,2545.0,2545.0,2545.0,2545.0,0
2012-07-13 23:58:20,NQ-100-FUT,1,2547.0,2547.0,2547.0,2547.0,0
2012-07-14 06:00:00,NQ-100-FUT,1,2577.0,2577.0,2577.0,2577.0,0
2012-07-15 14:00:00,NQ-100-FUT,1,2577.0,2577.0,2577.0,2577.0,0
2012-07-16 23:58:20,NQ-100-FUT,1,2574.0,2575.0,2574.0,2575.0,0
2012-07-17 23:58:20,NQ-100-FUT,1,2587.0,2587.0,2587.0,2587.0,0
2012-07-18 23:58:20,NQ-100-FUT,1,2580.0,2580.0,2579.0,2579.0,0
2012-07-19 23:58:20,NQ-100-FUT,1,2639.0,2639.0,2639.0,2639.0,0
2012-07-20 23:58:20,NQ-100-FUT,1,2644.0,2644.0,2643.0,2643.0,0
2012-07-21 06:00:00,NQ-100-FUT,1,2613.0,2613.0,2613.0,2613.0,0
2012-07-22 13:58:20,NQ-100-FUT,1,2613.0,2613.0,2613.0,2613.0,0
2012-07-23 23:58:20,NQ-100-FUT,1,2572.0,2572.0,2572.0,2572.0,0
2012-07-24 23:58:20,NQ-100-FUT,1,2587.0,2588.0,2587.0,2588.0,0
2012-07-25 23:58:20,NQ-100-FUT,1,2544.0,2544.0,2543.0,2543.0,0
2012-07-26 23:58:20,NQ-100-FUT,1,2576.0,2576.0,2576.0,2576.0,0
2012-07-27 23:58:20,NQ-100-FUT,1,2596.0,2596.0,2595.0,2595.0,0
2012-07-28 06:00:00,NQ-100-FUT,1,2642.0,2642.0,2642.0,2642.0,0
2012-07-29 14:00:00,NQ-100-FUT,1,2642.0,2642.0,2642.0,2642.0,0
2012-07-30 23:58:20,NQ-100-FUT,1,2647.0,2647.0,2646.0,2646.0,0
2012-07-31 23:58:20,NQ-100-FUT,1,2638.0,2639.0,2638.0,2639.0,0
2012-08-01 23:58:20,NQ-100-FUT,1,2654.0,2654.0,2654.0,2654.0,0
2012-08-02 23:58:20,NQ-100-FUT,1,2604.0,2605.0,2604.0,2605.0,0
2012-08-03 23:58:20,NQ-100-FUT,1,2658.0,2659.0,2658.0,2659.0,0
2012-08-04 06:00:00,NQ-100-FUT,1,2671.0,2671.0,2671.0,2671.0,0
2012-08-05 14:00:00,NQ-100-FUT,1,2671.0,2671.0,2671.0,2671.0,0
2012-08-06 23:58:20,NQ-100-FUT,1,2682.0,2682.0,2681.0,2682.0,0
2012-08-07 23:58:20,NQ-100-FUT,1,2702.0,2702.0,2701.0,2701.0,0
2012-08-08 23:58:20,NQ-100-FUT,1,2704.0,2705.0,2704.0,2705.0,0
2012-08-09 23:58:20,NQ-100-FUT,1,2709.0,2710.0,2709.0,2710.0,0
2012-08-10 23:58:20,NQ-100-FUT,1,2710.0,2710.0,2709.0,2710.0,0
2012-08-11 06:00:00,NQ-100-FUT,1,2721.0,2721.0,2721.0,2721.0,0
2012-08-12 14:00:00,NQ-100-FUT,1,2721.0,2721.0,2721.0,2721.0,0
2012-08-13 23:58:20,NQ-100-FUT,1,2719.0,2720.0,2719.0,2720.0,0
2012-08-14 23:58:20,NQ-100-FUT,1,2739.0,2739.0,2738.0,2738.0,0
2012-08-15 23:58:20,NQ-100-FUT,1,2726.0,2726.0,2726.0,2726.0,0
2012-08-16 23:58:20,NQ-100-FUT,1,2746.0,2746.0,2746.0,2746.0,0
2012-08-17 23:58:20,NQ-100-FUT,1,2771.0,2771.0,2771.0,2771.0,0
2012-08-18 06:00:00,NQ-100-FUT,1,2776.0,2776.0,2776.0,2776.0,0
2012-08-19 13:58:20,NQ-100-FUT,1,2776.0,2776.0,2776.0,2776.0,0
2012-08-20 23:58:20,NQ-100-FUT,1,2779.0,2780.0,2779.0,2780.0,0
2012-08-21 23:58:20,NQ-100-FUT,1,2791.0,2791.0,2791.0,2791.0,0
2012-08-22 23:58:20,NQ-100-FUT,1,2765.0,2766.0,2765.0,2766.0,0
2012-08-23 23:58:20,NQ-100-FUT,1,2773.0,2773.0,2773.0,2773.0,0
2012-08-24 23:58:20,NQ-100-FUT,1,2757.0,2757.0,2756.0,2756.0,0
2012-08-25 06:00:00,NQ-100-FUT,1,2775.0,2775.0,2775.0,2775.0,0
2012-08-26 14:00:00,NQ-100-FUT,1,2775.0,2775.0,2775.0,2775.0,0
2012-08-27 23:58:20,NQ-100-FUT,1,2791.0,2791.0,2790.0,2790.0,0
2012-08-28 23:58:20,NQ-100-FUT,1,2783.0,2783.0,2783.0,2783.0,0
2012-08-29 23:58:20,NQ-100-FUT,1,2785.0,2785.0,2784.0,2784.0,0
2012-08-30 23:58:20,NQ-100-FUT,1,2772.0,2772.0,2772.0,2772.0,0
2012-08-31 23:58:20,NQ-100-FUT,1,2775.0,2775.0,2775.0,2775.0,0
2012-09-01 06:00:00,NQ-100-FUT,1,2771.0,2771.0,2771.0,2771.0,0
2012-09-02 14:00:00,NQ-100-FUT,1,2771.0,2771.0,2771.0,2771.0,0
2012-09-03 23:58:20,NQ-100-FUT,1,2778.0,2778.0,2778.0,2778.0,0
2012-09-04 23:58:20,NQ-100-FUT,1,2768.0,2768.0,2768.0,2768.0,0
2012-09-05 23:58:20,NQ-100-FUT,1,2767.0,2767.0,2767.0,2767.0,0
2012-09-06 23:58:20,NQ-100-FUT,1,2784.0,2784.0,2783.0,2783.0,0
2012-09-07 23:58:20,NQ-100-FUT,1,2823.0,2823.0,2823.0,2823.0,0
2012-09-08 06:00:00,NQ-100-FUT,1,2823.0,2823.0,2823.0,2823.0,0
2012-09-09 14:00:00,NQ-100-FUT,1,2823.0,2823.0,2823.0,2823.0,0
2012-09-10 23:58:20,NQ-100-FUT,1,2818.0,2818.0,2818.0,2818.0,0
2012-09-11 23:58:20,NQ-100-FUT,1,2791.0,2791.0,2791.0,2791.0,0
2012-09-12 23:58:20,NQ-100-FUT,1,2793.0,2793.0,2793.0,2793.0,0
2012-09-13 23:58:20,NQ-100-FUT,1,2787.0,2787.0,2787.0,2787.0,0
2012-09-14 23:58:20,NQ-100-FUT,1,2832.0,2832.0,2831.0,2831.0,0
2012-09-15 06:00:00,NQ-100-FUT,1,2850.0,2850.0,2850.0,2850.0,0
2012-09-16 06:00:00,NQ-100-FUT,1,2850.0,2850.0,2850.0,2850.0,0
2012-09-17 23:58:20,NQ-100-FUT,1,2852.0,2852.0,2851.0,2851.0,0
2012-09-18 23:58:20,NQ-100-FUT,1,2844.0,2844.0,2843.0,2844.0,0
2012-09-19 23:58:20,NQ-100-FUT,1,2854.0,2854.0,2854.0,2854.0,0
2012-09-20 23:58:20,NQ-100-FUT,1,2844.0,2844.0,2844.0,2844.0,0
2012-09-21 23:58:20,NQ-100-FUT,1,2869.0,2869.0,2869.0,2869.0,0
2012-09-22 06:00:00,NQ-100-FUT,1,2853.0,2853.0,2853.0,2853.0,0
2012-09-23 06:00:00,NQ-100-FUT,1,2853.0,2853.0,2853.0,2853.0,0
2012-09-24 23:58:20,NQ-100-FUT,1,2834.0,2834.0,2834.0,2834.0,0
2012-09-25 23:58:20,NQ-100-FUT,1,2848.0,2848.0,2848.0,2848.0,0
2012-09-26 23:58:20,NQ-100-FUT,1,2797.0,2797.0,2796.0,2796.0,0
2012-09-27 23:58:20,NQ-100-FUT,1,2782.0,2783.0,2782.0,2783.0,0
2012-09-28 23:58:20,NQ-100-FUT,1,2805.0,2806.0,2805.0,2806.0,0
2012-09-29 06:00:00,NQ-100-FUT,1,2792.0,2792.0,2792.0,2792.0,0
2012-09-30 06:00:00,NQ-100-FUT,1,2792.0,2792.0,2792.0,2792.0,0
2012-10-01 23:58:20,NQ-100-FUT,1,2806.0,2806.0,2806.0,2806.0,0
2012-10-02 23:58:20,NQ-100-FUT,1,2799.0,2800.0,2799.0,2800.0,0
2012-10-03 23:58:20,NQ-100-FUT,1,2802.0,2802.0,2802.0,2802.0,0
2012-10-04 23:58:20,NQ-100-FUT,1,2816.0,2816.0,2816.0,2816.0,0
2012-10-05 23:58:20,NQ-100-FUT,1,2835.0,2835.0,2835.0,2835.0,0
2012-10-06 06:00:00,NQ-100-FUT,1,2804.0,2804.0,2804.0,2804.0,0
2012-10-07 14:00:00,NQ-100-FUT,1,2804.0,2804.0,2804.0,2804.0,0
2012-10-08 23:58:20,NQ-100-FUT,1,2791.0,2792.0,2791.0,2792.0,0
2012-10-09 23:58:20,NQ-100-FUT,1,2774.0,2775.0,2774.0,2775.0,0
2012-10-10 23:58:20,NQ-100-FUT,1,2737.0,2737.0,2737.0,2737.0,0
2012-10-11 23:58:20,NQ-100-FUT,1,2745.0,2745.0,2745.0,2745.0,0
2012-10-12 23:58:20,NQ-100-FUT,1,2714.0,2714.0,2714.0,2714.0,0
2012-10-13 06:00:00,NQ-100-FUT,1,2710.0,2710.0,2710.0,2710.0,0
2012-10-14 06:00:00,NQ-100-FUT,1,2710.0,2710.0,2710.0,2710.0,0
2012-10-15 23:58:20,NQ-100-FUT,1,2723.0,2723.0,2723.0,2723.0,0
2012-10-16 23:58:20,NQ-100-FUT,1,2740.0,2740.0,2739.0,2740.0,0
2012-10-17 23:58:20,NQ-100-FUT,1,2757.0,2757.0,2757.0,2757.0,0
2012-10-18 23:58:20,NQ-100-FUT,1,2759.0,2759.0,2759.0,2759.0,0
2012-10-19 23:58:20,NQ-100-FUT,1,2730.0,2731.0,2730.0,2731.0,0
2012-10-20 01:01:40,NQ-100-FUT,1,2664.0,2664.0,2664.0,2664.0,0
2012-10-21 01:01:40,NQ-100-FUT,1,2664.0,2664.0,2664.0,2664.0,0
2012-10-22 23:58:20,NQ-100-FUT,1,2673.0,2673.0,2672.0,2672.0,0
2012-10-23 23:58:20,NQ-100-FUT,1,2661.0,2661.0,2660.0,2660.0,0
2012-10-24 23:58:20,NQ-100-FUT,1,2678.0,2679.0,2678.0,2679.0,0
2012-10-25 23:58:20,NQ-100-FUT,1,2672.0,2672.0,2672.0,2672.0,0
2012-10-26 23:58:20,NQ-100-FUT,1,2650.0,2652.0,2650.0,2652.0,0
2012-10-27 06:00:00,NQ-100-FUT,1,2659.0,2659.0,2659.0,2659.0,0
2012-10-28 13:58:20,NQ-100-FUT,1,2659.0,2659.0,2659.0,2659.0,0
2012-10-29 23:51:40,NQ-100-FUT,1,2648.0,2648.0,2648.0,2648.0,0
2012-10-30 23:51:40,NQ-100-FUT,1,2635.0,2635.0,2635.0,2635.0,0
2012-10-31 23:58:20,NQ-100-FUT,1,2660.0,2660.0,2660.0,2660.0,0
2012-11-01 23:58:20,NQ-100-FUT,1,2654.0,2655.0,2654.0,2655.0,0
2012-11-02 23:58:20,NQ-100-FUT,1,2690.0,2690.0,2690.0,2690.0,0
2012-11-03 06:00:00,NQ-100-FUT,1,2641.0,2641.0,2641.0,2641.0,0
2012-11-04 13:58:20,NQ-100-FUT,1,2641.0,2641.0,2641.0,2641.0,0
2012-11-05 23:58:20,NQ-100-FUT,1,2638.0,2638.0,2638.0,2638.0,0
2012-11-06 23:58:20,NQ-100-FUT,1,2674.0,2674.0,2674.0,2674.0,0
2012-11-07 23:58:20,NQ-100-FUT,1,2653.0,2653.0,2653.0,2653.0,0
2012-11-08 23:58:20,NQ-100-FUT,1,2618.0,2618.0,2618.0,2618.0,0
2012-11-09 23:58:20,NQ-100-FUT,1,2560.0,2560.0,2560.0,2560.0,0
2012-11-10 06:00:00,NQ-100-FUT,1,2581.0,2581.0,2581.0,2581.0,0
2012-11-11 13:58:20,NQ-100-FUT,1,2581.0,2581.0,2581.0,2581.0,0
2012-11-12 23:58:20,NQ-100-FUT,1,2593.0,2594.0,2593.0,2594.0,0
2012-11-13 23:58:20,NQ-100-FUT,1,2564.0,2564.0,2564.0,2564.0,0
2012-11-14 23:58:20,NQ-100-FUT,1,2575.0,2575.0,2575.0,2575.0,0
2012-11-15 23:58:20,NQ-100-FUT,1,2535.0,2536.0,2535.0,2536.0,0
2012-11-16 23:58:20,NQ-100-FUT,1,2530.0,2530.0,2530.0,2530.0,0
2012-11-17 06:00:00,NQ-100-FUT,1,2533.0,2533.0,2533.0,2533.0,0
2012-11-18 14:00:00,NQ-100-FUT,1,2533.0,2533.0,2533.0,2533.0,0
2012-11-19 23:58:20,NQ-100-FUT,1,2556.0,2556.0,2556.0,2556.0,0
2012-11-20 23:58:20,NQ-100-FUT,1,2588.0,2588.0,2588.0,2588.0,0
2012-11-21 23:58:20,NQ-100-FUT,1,2596.0,2596.0,2595.0,2595.0,0
2012-11-22 23:55:00,NQ-100-FUT,1,2605.0,2605.0,2605.0,2605.0,0
2012-11-23 23:58:20,NQ-100-FUT,1,2609.0,2609.0,2609.0,2609.0,0
2012-11-24 06:00:00,NQ-100-FUT,1,2634.0,2634.0,2634.0,2634.0,0
2012-11-25 13:58:20,NQ-100-FUT,1,2634.0,2634.0,2634.0,2634.0,0
2012-11-26 23:58:20,NQ-100-FUT,1,2627.0,2628.0,2627.0,2628.0,0
2012-11-27 23:58:20,NQ-100-FUT,1,2651.0,2651.0,2651.0,2651.0,0
2012-11-28 23:58:20,NQ-100-FUT,1,2633.0,2634.0,2633.0,2634.0,0
2012-11-29 23:58:20,NQ-100-FUT,1,2679.0,2680.0,2679.0,2680.0,0
2012-11-30 23:58:20,NQ-100-FUT,1,2681.0,2681.0,2681.0,2681.0,0
2012-12-01 06:00:00,NQ-100-FUT,1,2681.0,2681.0,2681.0,2681.0,0
2012-12-02 13:58:20,NQ-100-FUT,1,2681.0,2681.0,2681.0,2681.0,0
2012-12-03 23:58:20,NQ-100-FUT,1,2693.0,2693.0,2693.0,2693.0,0
2012-12-04 23:58:20,NQ-100-FUT,1,2674.0,2674.0,2674.0,2674.0,0
2012-12-05 23:58:20,NQ-100-FUT,1,2667.0,2668.0,2667.0,2668.0,0
2012-12-06 23:58:20,NQ-100-FUT,1,2632.0,2632.0,2632.0,2632.0,0
2012-12-07 23:58:20,NQ-100-FUT,1,2649.0,2649.0,2649.0,2649.0,0
2012-12-08 06:00:00,NQ-100-FUT,1,2637.0,2638.0,2637.0,2638.0,0
2012-12-09 13:58:20,NQ-100-FUT,1,2638.0,2638.0,2638.0,2638.0,0
2012-12-10 23:58:20,NQ-100-FUT,1,2632.0,2632.0,2632.0,2632.0,0
2012-12-11 23:58:20,NQ-100-FUT,1,2661.0,2661.0,2661.0,2661.0,0
2012-12-12 23:58:20,NQ-100-FUT,1,2693.0,2694.0,2693.0,2693.0,0
2012-12-13 23:58:20,NQ-100-FUT,1,2669.0,2669.0,2669.0,2669.0,0
2012-12-14 23:58:20,NQ-100-FUT,1,2644.0,2644.0,2644.0,2644.0,0
2012-12-15 06:00:00,NQ-100-FUT,1,2628.0,2628.0,2628.0,2628.0,0
2012-12-16 13:58:20,NQ-100-FUT,1,2628.0,2628.0,2628.0,2628.0,0
2012-12-17 23:58:20,NQ-100-FUT,1,2629.0,2629.0,2629.0,2629.0,0
2012-12-18 23:58:20,NQ-100-FUT,1,2678.0,2678.0,2677.0,2677.0,0
2012-12-19 23:58:20,NQ-100-FUT,1,2712.0,2712.0,2711.0,2712.0,0
2012-12-20 23:58:20,NQ-100-FUT,1,2692.0,2693.0,2692.0,2693.0,0
2012-12-21 23:58:20,NQ-100-FUT,1,2654.0,2654.0,2652.0,2652.0,0
2012-12-22 06:00:00,NQ-100-FUT,1,2666.0,2666.0,2666.0,2666.0,0
2012-12-23 13:58:20,NQ-100-FUT,1,2666.0,2666.0,2666.0,2666.0,0
2012-12-24 23:58:20,NQ-100-FUT,1,2655.0,2655.0,2655.0,2655.0,0
2012-12-25 06:00:00,NQ-100-FUT,1,2649.0,2649.0,2649.0,2649.0,0
2012-12-26 23:58:20,NQ-100-FUT,1,2656.0,2656.0,2656.0,2656.0,0
2012-12-27 23:58:20,NQ-100-FUT,1,2635.0,2635.0,2635.0,2635.0,0
2012-12-28 23:58:20,NQ-100-FUT,1,2608.0,2608.0,2608.0,2608.0,0
2012-12-29 06:00:00,NQ-100-FUT,1,2585.0,2585.0,2585.0,2585.0,0
2012-12-30 14:00:00,NQ-100-FUT,1,2585.0,2585.0,2585.0,2585.0,0
2012-12-31 23:58:20,NQ-100-FUT,1,2588.0,2589.0,2588.0,2589.0,0
2013-01-01 06:00:00,NQ-100-FUT,1,2659.0,2659.0,2659.0,2659.0,0
2013-01-02 23:58:20,NQ-100-FUT,1,2709.0,2709.0,2708.0,2708.0,0
2013-01-03 23:58:20,NQ-100-FUT,1,2737.0,2738.0,2737.0,2738.0,0
2013-01-04 23:58:20,NQ-100-FUT,1,2733.0,2733.0,2733.0,2733.0,0
2013-01-05 06:00:00,NQ-100-FUT,1,2716.0,2716.0,2716.0,2716.0,0
2013-01-06 13:58:20,NQ-100-FUT,1,2716.0,2716.0,2716.0,2716.0,0
2013-01-07 23:58:20,NQ-100-FUT,1,2711.0,2711.0,2711.0,2711.0,0
2013-01-08 23:58:20,NQ-100-FUT,1,2714.0,2715.0,2714.0,2715.0,0
2013-01-09 23:58:20,NQ-100-FUT,1,2715.0,2715.0,2715.0,2715.0,0
2013-01-10 23:58:20,NQ-100-FUT,1,2739.0,2739.0,2739.0,2739.0,0
2013-01-11 23:58:20,NQ-100-FUT,1,2738.0,2738.0,2738.0,2738.0,0
2013-01-12 06:00:00,NQ-100-FUT,1,2743.0,2743.0,2743.0,2743.0,0
2013-01-13 14:00:00,NQ-100-FUT,1,2743.0,2743.0,2743.0,2743.0,0
2013-01-14 23:58:20,NQ-100-FUT,1,2730.0,2731.0,2730.0,2731.0,0
2013-01-15 23:58:20,NQ-100-FUT,1,2720.0,2720.0,2719.0,2719.0,0
2013-01-16 23:58:20,NQ-100-FUT,1,2718.0,2718.0,2718.0,2718.0,0
2013-01-17 23:58:20,NQ-100-FUT,1,2737.0,2737.0,2736.0,2736.0,0
2013-01-18 23:58:20,NQ-100-FUT,1,2734.0,2735.0,2734.0,2735.0,0
2013-01-19 06:00:00,NQ-100-FUT,1,2736.0,2736.0,2736.0,2736.0,0
2013-01-20 14:00:00,NQ-100-FUT,1,2736.0,2736.0,2736.0,2736.0,0
2013-01-21 23:58:20,NQ-100-FUT,1,2736.0,2736.0,2736.0,2736.0,0
2013-01-22 23:58:20,NQ-100-FUT,1,2734.0,2734.0,2734.0,2734.0,0
2013-01-23 23:58:20,NQ-100-FUT,1,2751.0,2751.0,2751.0,2751.0,0
2013-01-24 23:58:20,NQ-100-FUT,1,2722.0,2722.0,2722.0,2722.0,0
2013-01-25 23:58:20,NQ-100-FUT,1,2731.0,2731.0,2731.0,2731.0,0
2013-01-26 06:00:00,NQ-100-FUT,1,2729.0,2729.0,2729.0,2729.0,0
2013-01-27 14:01:40,NQ-100-FUT,1,2729.0,2729.0,2729.0,2729.0,0
2013-01-28 23:58:20,NQ-100-FUT,1,2730.0,2730.0,2730.0,2730.0,0
2013-01-29 23:58:20,NQ-100-FUT,1,2731.0,2731.0,2731.0,2731.0,0
2013-01-30 23:58:20,NQ-100-FUT,1,2741.0,2741.0,2741.0,2741.0,0
2013-01-31 23:58:20,NQ-100-FUT,1,2726.0,2726.0,2726.0,2726.0,0
2013-02-01 23:58:20,NQ-100-FUT,1,2740.0,2740.0,2740.0,2740.0,0
2013-02-02 06:00:00,NQ-100-FUT,1,2757.0,2757.0,2756.0,2756.0,0
2013-02-03 14:00:00,NQ-100-FUT,1,2756.0,2756.0,2756.0,2756.0,0
2013-02-04 23:58:20,NQ-100-FUT,1,2739.0,2739.0,2739.0,2739.0,0
2013-02-05 23:58:20,NQ-100-FUT,1,2723.0,2723.0,2723.0,2723.0,0
2013-02-06 23:58:20,NQ-100-FUT,1,2738.0,2738.0,2738.0,2738.0,0
2013-02-07 23:58:20,NQ-100-FUT,1,2739.0,2739.0,2739.0,2739.0,0
2013-02-08 23:58:20,NQ-100-FUT,1,2746.0,2746.0,2745.0,2745.0,0
2013-02-09 06:00:00,NQ-100-FUT,1,2772.0,2772.0,2772.0,2772.0,0
2013-02-10 14:00:00,NQ-100-FUT,1,2772.0,2772.0,2772.0,2772.0,0
2013-02-11 23:58:20,NQ-100-FUT,1,2776.0,2776.0,2776.0,2776.0,0
2013-02-12 23:58:20,NQ-100-FUT,1,2770.0,2770.0,2770.0,2770.0,0
2013-02-13 23:58:20,NQ-100-FUT,1,2770.0,2770.0,2770.0,2770.0,0
2013-02-14 23:58:20,NQ-100-FUT,1,2762.0,2762.0,2762.0,2762.0,0
2013-02-15 23:58:20,NQ-100-FUT,1,2767.0,2767.0,2767.0,2767.0,0
2013-02-16 06:00:00,NQ-100-FUT,1,2762.0,2762.0,2762.0,2762.0,0
2013-02-17 13:58:20,NQ-100-FUT,1,2762.0,2762.0,2762.0,2762.0,0
2013-02-18 23:55:00,NQ-100-FUT,1,2760.0,2760.0,2759.0,2759.0,0
2013-02-19 23:58:20,NQ-100-FUT,1,2769.0,2769.0,2769.0,2769.0,0
2013-02-20 23:58:20,NQ-100-FUT,1,2780.0,2780.0,2780.0,2780.0,0
2013-02-21 23:58:20,NQ-100-FUT,1,2730.0,2730.0,2730.0,2730.0,0
2013-02-22 23:58:20,NQ-100-FUT,1,2729.0,2729.0,2729.0,2729.0,0
2013-02-23 06:00:00,NQ-100-FUT,1,2736.0,2736.0,2736.0,2736.0,0
2013-02-24 14:00:00,NQ-100-FUT,1,2736.0,2736.0,2736.0,2736.0,0
2013-02-25 23:58:20,NQ-100-FUT,1,2754.0,2755.0,2754.0,2755.0,0
2013-02-26 23:58:20,NQ-100-FUT,1,2705.0,2705.0,2705.0,2705.0,0
2013-02-27 23:58:20,NQ-100-FUT,1,2712.0,2712.0,2712.0,2712.0,0
2013-02-28 23:58:20,NQ-100-FUT,1,2743.0,2743.0,2742.0,2743.0,0
2013-03-01 23:58:20,NQ-100-FUT,1,2725.0,2725.0,2725.0,2725.0,0
2013-03-02 06:00:00,NQ-100-FUT,1,2749.0,2749.0,2749.0,2749.0,0
2013-03-03 14:01:40,NQ-100-FUT,1,2749.0,2749.0,2749.0,2749.0,0
2013-03-04 23:58:20,NQ-100-FUT,1,2742.0,2742.0,2742.0,2742.0,0
2013-03-05 23:58:20,NQ-100-FUT,1,2773.0,2773.0,2773.0,2773.0,0
2013-03-06 23:58:20,NQ-100-FUT,1,2806.0,2807.0,2806.0,2807.0,0
2013-03-07 23:58:20,NQ-100-FUT,1,2792.0,2793.0,2792.0,2793.0,0
2013-03-08 23:58:20,NQ-100-FUT,1,2799.0,2799.0,2799.0,2799.0,0
2013-03-09 06:00:00,NQ-100-FUT,1,2800.0,2800.0,2800.0,2800.0,0
2013-03-10 14:00:00,NQ-100-FUT,1,2800.0,2800.0,2800.0,2800.0,0
2013-03-11 23:58:20,NQ-100-FUT,1,2794.0,2795.0,2794.0,2795.0,0
2013-03-12 23:58:20,NQ-100-FUT,1,2798.0,2798.0,2798.0,2798.0,0
2013-03-13 23:58:20,NQ-100-FUT,1,2799.0,2799.0,2799.0,2799.0,0
2013-03-14 23:58:20,NQ-100-FUT,1,2802.0,2802.0,2802.0,2802.0,0
2013-03-15 23:58:20,NQ-100-FUT,1,2803.0,2803.0,2803.0,2803.0,0
2013-03-16 06:00:00,NQ-100-FUT,1,2792.0,2792.0,2792.0,2792.0,0
2013-03-17 14:00:00,NQ-100-FUT,1,2792.0,2792.0,2792.0,2792.0,0
2013-03-18 23:58:20,NQ-100-FUT,1,2765.0,2765.0,2765.0,2765.0,0
2013-03-19 23:58:20,NQ-100-FUT,1,2794.0,2794.0,2794.0,2794.0,0
2013-03-20 23:58:20,NQ-100-FUT,1,2801.0,2801.0,2801.0,2801.0,0
2013-03-21 23:58:20,NQ-100-FUT,1,2775.0,2775.0,2774.0,2774.0,0
2013-03-22 23:58:20,NQ-100-FUT,1,2779.0,2780.0,2779.0,2779.0,0
2013-03-23 06:00:00,NQ-100-FUT,1,2800.0,2800.0,2800.0,2800.0,0
2013-03-24 14:00:00,NQ-100-FUT,1,2800.0,2800.0,2800.0,2800.0,0
2013-03-25 23:58:20,NQ-100-FUT,1,2804.0,2804.0,2804.0,2804.0,0
2013-03-26 23:58:20,NQ-100-FUT,1,2796.0,2796.0,2796.0,2796.0,0
2013-03-27 23:58:20,NQ-100-FUT,1,2785.0,2785.0,2785.0,2785.0,0
2013-03-28 23:58:20,NQ-100-FUT,1,2804.0,2804.0,2804.0,2804.0,0
2013-03-29 06:00:00,NQ-100-FUT,1,2813.0,2813.0,2813.0,2813.0,0
2013-03-30 06:00:00,NQ-100-FUT,1,2813.0,2813.0,2813.0,2813.0,0
2013-03-31 14:00:00,NQ-100-FUT,1,2813.0,2813.0,2813.0,2813.0,0
2013-04-01 23:58:20,NQ-100-FUT,1,2815.0,2815.0,2815.0,2815.0,0
2013-04-02 23:58:20,NQ-100-FUT,1,2803.0,2804.0,2803.0,2804.0,0
2013-04-03 23:58:20,NQ-100-FUT,1,2815.0,2815.0,2815.0,2815.0,0
2013-04-04 23:58:20,NQ-100-FUT,1,2788.0,2789.0,2788.0,2789.0,0
2013-04-05 23:58:20,NQ-100-FUT,1,2748.0,2748.0,2748.0,2748.0,0
2013-04-06 06:00:00,NQ-100-FUT,1,2765.0,2765.0,2765.0,2765.0,0
2013-04-07 13:58:20,NQ-100-FUT,1,2765.0,2765.0,2765.0,2765.0,0
2013-04-08 23:58:20,NQ-100-FUT,1,2767.0,2767.0,2767.0,2767.0,0
2013-04-09 23:58:20,NQ-100-FUT,1,2790.0,2790.0,2790.0,2790.0,0
2013-04-10 23:58:20,NQ-100-FUT,1,2808.0,2808.0,2808.0,2808.0,0
2013-04-11 23:58:20,NQ-100-FUT,1,2844.0,2844.0,2844.0,2844.0,0
2013-04-12 23:58:20,NQ-100-FUT,1,2838.0,2838.0,2837.0,2837.0,0
2013-04-13 06:00:00,NQ-100-FUT,1,2848.0,2848.0,2848.0,2848.0,0
2013-04-14 14:00:00,NQ-100-FUT,1,2848.0,2848.0,2848.0,2848.0,0
2013-04-15 23:58:20,NQ-100-FUT,1,2837.0,2838.0,2837.0,2838.0,0
2013-04-16 23:58:20,NQ-100-FUT,1,2811.0,2811.0,2811.0,2811.0,0
2013-04-17 23:58:20,NQ-100-FUT,1,2808.0,2808.0,2807.0,2807.0,0
2013-04-18 23:58:20,NQ-100-FUT,1,2783.0,2783.0,2783.0,2783.0,0
2013-04-19 23:58:20,NQ-100-FUT,1,2750.0,2750.0,2749.0,2749.0,0
2013-04-20 06:00:00,NQ-100-FUT,1,2772.0,2772.0,2772.0,2772.0,0
2013-04-21 14:03:20,NQ-100-FUT,1,2772.0,2772.0,2772.0,2772.0,0
2013-04-22 23:58:20,NQ-100-FUT,1,2786.0,2786.0,2786.0,2786.0,0
2013-04-23 23:58:20,NQ-100-FUT,1,2818.0,2818.0,2818.0,2818.0,0
2013-04-24 23:58:20,NQ-100-FUT,1,2821.0,2821.0,2820.0,2820.0,0
2013-04-25 23:58:20,NQ-100-FUT,1,2837.0,2837.0,2836.0,2836.0,0
2013-04-26 23:58:20,NQ-100-FUT,1,2837.0,2837.0,2837.0,2837.0,0
2013-04-27 06:00:00,NQ-100-FUT,1,2834.0,2834.0,2834.0,2834.0,0
2013-04-28 14:00:00,NQ-100-FUT,1,2834.0,2834.0,2834.0,2834.0,0
2013-04-29 23:58:20,NQ-100-FUT,1,2842.0,2843.0,2842.0,2843.0,0
2013-04-30 23:58:20,NQ-100-FUT,1,2860.0,2860.0,2860.0,2860.0,0
2013-05-01 23:58:20,NQ-100-FUT,1,2880.0,2880.0,2880.0,2880.0,0
2013-05-02 23:58:20,NQ-100-FUT,1,2875.0,2875.0,2874.0,2874.0,0
2013-05-03 23:58:20,NQ-100-FUT,1,2930.0,2931.0,2930.0,2931.0,0
2013-05-04 06:00:00,NQ-100-FUT,1,2938.0,2938.0,2938.0,2938.0,0
2013-05-05 14:01:40,NQ-100-FUT,1,2938.0,2938.0,2938.0,2938.0,0
2013-05-06 23:58:20,NQ-100-FUT,1,2945.0,2945.0,2945.0,2945.0,0
2013-05-07 23:58:20,NQ-100-FUT,1,2955.0,2956.0,2955.0,2956.0,0
2013-05-08 23:58:20,NQ-100-FUT,1,2946.0,2946.0,2946.0,2946.0,0
2013-05-09 23:58:20,NQ-100-FUT,1,2955.0,2955.0,2955.0,2955.0,0
2013-05-10 23:58:20,NQ-100-FUT,1,2960.0,2962.0,2960.0,2962.0,0
2013-05-11 06:00:00,NQ-100-FUT,1,2977.0,2977.0,2977.0,2977.0,0
2013-05-12 14:01:40,NQ-100-FUT,1,2977.0,2977.0,2977.0,2977.0,0
2013-05-13 23:58:20,NQ-100-FUT,1,2972.0,2972.0,2972.0,2972.0,0
2013-05-14 23:58:20,NQ-100-FUT,1,2979.0,2980.0,2979.0,2980.0,0
2013-05-15 23:58:20,NQ-100-FUT,1,2989.0,2989.0,2989.0,2989.0,0
2013-05-16 23:58:20,NQ-100-FUT,1,3006.0,3007.0,3006.0,3007.0,0
2013-05-17 23:58:20,NQ-100-FUT,1,3009.0,3009.0,3009.0,3009.0,0
2013-05-18 06:00:00,NQ-100-FUT,1,3026.0,3026.0,3026.0,3026.0,0
2013-05-19 14:03:20,NQ-100-FUT,1,3026.0,3026.0,3026.0,3026.0,0
2013-05-20 23:58:20,NQ-100-FUT,1,3017.0,3017.0,3017.0,3017.0,0
2013-05-21 23:58:20,NQ-100-FUT,1,3025.0,3025.0,3025.0,3025.0,0
2013-05-22 23:58:20,NQ-100-FUT,1,3031.0,3031.0,3031.0,3031.0,0
2013-05-23 23:58:20,NQ-100-FUT,1,2977.0,2977.0,2977.0,2977.0,0
2013-05-24 23:58:20,NQ-100-FUT,1,2975.0,2975.0,2974.0,2974.0,0
2013-05-25 06:00:00,NQ-100-FUT,1,2993.0,2993.0,2993.0,2993.0,0
2013-05-26 14:03:20,NQ-100-FUT,1,2993.0,2993.0,2993.0,2993.0,0
2013-05-27 23:58:20,NQ-100-FUT,1,2995.0,2995.0,2995.0,2995.0,0
2013-05-28 23:58:20,NQ-100-FUT,1,3025.0,3025.0,3025.0,3025.0,0
2013-05-29 23:58:20,NQ-100-FUT,1,2995.0,2996.0,2995.0,2996.0,0
2013-05-30 23:58:20,NQ-100-FUT,1,2995.0,2996.0,2995.0,2996.0,0
2013-05-31 23:58:20,NQ-100-FUT,1,3000.0,3000.0,3000.0,3000.0,0
2013-06-01 06:00:00,NQ-100-FUT,1,2976.0,2976.0,2976.0,2976.0,0
2013-06-02 14:03:20,NQ-100-FUT,1,2976.0,2976.0,2976.0,2976.0,0
2013-06-03 23:58:20,NQ-100-FUT,1,2986.0,2986.0,2986.0,2986.0,0
2013-06-04 23:58:20,NQ-100-FUT,1,2992.0,2992.0,2992.0,2992.0,0
2013-06-05 23:58:20,NQ-100-FUT,1,2965.0,2965.0,2964.0,2964.0,0
2013-06-06 23:58:20,NQ-100-FUT,1,2939.0,2939.0,2939.0,2939.0,0
2013-06-07 23:58:20,NQ-100-FUT,1,2962.0,2962.0,2961.0,2961.0,0
2013-06-08 06:00:00,NQ-100-FUT,1,2985.0,2985.0,2985.0,2985.0,0
2013-06-09 14:01:40,NQ-100-FUT,1,2985.0,2985.0,2985.0,2985.0,0
2013-06-10 23:58:20,NQ-100-FUT,1,2994.0,2995.0,2994.0,2995.0,0
2013-06-11 23:58:20,NQ-100-FUT,1,2957.0,2957.0,2957.0,2957.0,0
2013-06-12 23:58:20,NQ-100-FUT,1,2977.0,2978.0,2977.0,2978.0,0
2013-06-13 23:58:20,NQ-100-FUT,1,2924.0,2924.0,2924.0,2924.0,0
2013-06-14 23:58:20,NQ-100-FUT,1,2958.0,2958.0,2958.0,2958.0,0
2013-06-15 06:00:00,NQ-100-FUT,1,2936.0,2936.0,2936.0,2936.0,0
2013-06-16 14:03:20,NQ-100-FUT,1,2936.0,2936.0,2936.0,2936.0,0
2013-06-17 23:58:20,NQ-100-FUT,1,2962.0,2963.0,2962.0,2963.0,0
2013-06-18 23:58:20,NQ-100-FUT,1,2970.0,2970.0,2970.0,2970.0,0
2013-06-19 23:58:20,NQ-100-FUT,1,2992.0,2992.0,2992.0,2992.0,0
2013-06-20 23:58:20,NQ-100-FUT,1,2926.0,2926.0,2925.0,2925.0,0
2013-06-21 23:58:20,NQ-100-FUT,1,2887.0,2887.0,2887.0,2887.0,0
2013-06-22 06:00:00,NQ-100-FUT,1,2865.0,2865.0,2865.0,2865.0,0
2013-06-23 06:00:00,NQ-100-FUT,1,2865.0,2865.0,2865.0,2865.0,0
2013-06-24 23:58:20,NQ-100-FUT,1,2847.0,2847.0,2847.0,2847.0,0
2013-06-25 23:58:20,NQ-100-FUT,1,2872.0,2872.0,2871.0,2871.0,0
2013-06-26 23:58:20,NQ-100-FUT,1,2883.0,2884.0,2883.0,2884.0,0
2013-06-27 23:58:20,NQ-100-FUT,1,2902.0,2902.0,2902.0,2902.0,0
2013-06-28 23:58:20,NQ-100-FUT,1,2889.0,2889.0,2888.0,2889.0,0
2013-06-29 06:00:00,NQ-100-FUT,1,2899.0,2899.0,2899.0,2899.0,0
2013-06-30 14:01:40,NQ-100-FUT,1,2899.0,2899.0,2899.0,2899.0,0
2013-07-01 23:58:20,NQ-100-FUT,1,2924.0,2924.0,2924.0,2924.0,0
2013-07-02 23:58:20,NQ-100-FUT,1,2922.0,2922.0,2921.0,2921.0,0
2013-07-03 23:58:20,NQ-100-FUT,1,2912.0,2913.0,2912.0,2913.0,0
2013-07-04 23:58:20,NQ-100-FUT,1,2960.0,2960.0,2960.0,2960.0,0
2013-07-05 23:58:20,NQ-100-FUT,1,2952.0,2952.0,2951.0,2951.0,0
2013-07-06 06:00:00,NQ-100-FUT,1,2963.0,2963.0,2963.0,2963.0,0
2013-07-07 14:01:40,NQ-100-FUT,1,2963.0,2963.0,2963.0,2963.0,0
2013-07-08 23:58:20,NQ-100-FUT,1,2970.0,2971.0,2970.0,2970.0,0
2013-07-09 23:58:20,NQ-100-FUT,1,2975.0,2975.0,2975.0,2975.0,0
2013-07-10 23:58:20,NQ-100-FUT,1,2971.0,2972.0,2971.0,2972.0,0
2013-07-11 23:58:20,NQ-100-FUT,1,3027.0,3027.0,3027.0,3027.0,0
2013-07-12 23:58:20,NQ-100-FUT,1,3056.0,3056.0,3056.0,3056.0,0
2013-07-13 06:00:00,NQ-100-FUT,1,3065.0,3065.0,3065.0,3065.0,0
2013-07-14 14:03:20,NQ-100-FUT,1,3065.0,3065.0,3065.0,3065.0,0
2013-07-15 23:58:20,NQ-100-FUT,1,3069.0,3070.0,3069.0,3070.0,0
2013-07-16 23:58:20,NQ-100-FUT,1,3078.0,3078.0,3078.0,3078.0,0
2013-07-17 23:58:20,NQ-100-FUT,1,3081.0,3082.0,3081.0,3082.0,0
2013-07-18 23:58:20,NQ-100-FUT,1,3079.0,3079.0,3079.0,3079.0,0
2013-07-19 23:58:20,NQ-100-FUT,1,3041.0,3041.0,3041.0,3041.0,0
2013-07-20 06:00:00,NQ-100-FUT,1,3045.0,3045.0,3045.0,3045.0,0
2013-07-21 14:01:40,NQ-100-FUT,1,3045.0,3045.0,3045.0,3045.0,0
2013-07-22 23:58:20,NQ-100-FUT,1,3040.0,3040.0,3040.0,3040.0,0
2013-07-23 23:58:20,NQ-100-FUT,1,3054.0,3054.0,3054.0,3054.0,0
2013-07-24 23:58:20,NQ-100-FUT,1,3056.0,3056.0,3056.0,3056.0,0
2013-07-25 23:58:20,NQ-100-FUT,1,3054.0,3054.0,3054.0,3054.0,0
2013-07-26 23:58:20,NQ-100-FUT,1,3043.0,3043.0,3043.0,3043.0,0
2013-07-27 06:00:00,NQ-100-FUT,1,3073.0,3073.0,3073.0,3073.0,0
2013-07-28 14:03:20,NQ-100-FUT,1,3073.0,3073.0,3073.0,3073.0,0
2013-07-29 23:58:20,NQ-100-FUT,1,3065.0,3065.0,3065.0,3065.0,0
2013-07-30 23:58:20,NQ-100-FUT,1,3078.0,3078.0,3078.0,3078.0,0
2013-07-31 23:58:20,NQ-100-FUT,1,3087.0,3087.0,3087.0,3087.0,0
2013-08-01 23:58:20,NQ-100-FUT,1,3109.0,3109.0,3108.0,3108.0,0
2013-08-02 23:58:20,NQ-100-FUT,1,3121.0,3121.0,3121.0,3121.0,0
2013-08-03 06:00:00,NQ-100-FUT,1,3136.0,3136.0,3136.0,3136.0,0
2013-08-04 14:03:20,NQ-100-FUT,1,3136.0,3136.0,3136.0,3136.0,0
2013-08-05 23:58:20,NQ-100-FUT,1,3133.0,3133.0,3133.0,3133.0,0
2013-08-06 23:58:20,NQ-100-FUT,1,3135.0,3135.0,3134.0,3134.0,0
2013-08-07 23:58:20,NQ-100-FUT,1,3111.0,3111.0,3111.0,3111.0,0
2013-08-08 23:58:20,NQ-100-FUT,1,3132.0,3132.0,3131.0,3131.0,0
2013-08-09 23:58:20,NQ-100-FUT,1,3126.0,3126.0,3126.0,3126.0,0
2013-08-10 06:00:00,NQ-100-FUT,1,3113.0,3113.0,3113.0,3113.0,0
2013-08-11 14:01:40,NQ-100-FUT,1,3113.0,3113.0,3113.0,3113.0,0
2013-08-12 23:58:20,NQ-100-FUT,1,3104.0,3104.0,3103.0,3103.0,0
2013-08-13 23:58:20,NQ-100-FUT,1,3128.0,3128.0,3127.0,3127.0,0
2013-08-14 23:58:20,NQ-100-FUT,1,3138.0,3139.0,3138.0,3139.0,0
2013-08-15 23:58:20,NQ-100-FUT,1,3093.0,3093.0,3093.0,3093.0,0
2013-08-16 23:58:20,NQ-100-FUT,1,3075.0,3075.0,3074.0,3074.0,0
2013-08-17 06:00:00,NQ-100-FUT,1,3069.0,3069.0,3069.0,3069.0,0
2013-08-18 14:01:40,NQ-100-FUT,1,3069.0,3069.0,3069.0,3069.0,0
2013-08-19 23:58:20,NQ-100-FUT,1,3073.0,3074.0,3073.0,3074.0,0
2013-08-20 23:58:20,NQ-100-FUT,1,3076.0,3076.0,3076.0,3076.0,0
2013-08-21 23:58:20,NQ-100-FUT,1,3075.0,3075.0,3075.0,3075.0,0
2013-08-22 23:58:20,NQ-100-FUT,1,3083.0,3083.0,3083.0,3083.0,0
2013-08-23 23:58:20,NQ-100-FUT,1,3125.0,3125.0,3125.0,3125.0,0
2013-08-24 06:00:00,NQ-100-FUT,1,3121.0,3121.0,3121.0,3121.0,0
2013-08-25 14:01:40,NQ-100-FUT,1,3121.0,3121.0,3121.0,3121.0,0
2013-08-26 23:58:20,NQ-100-FUT,1,3126.0,3126.0,3126.0,3126.0,0
2013-08-27 23:58:20,NQ-100-FUT,1,3089.0,3089.0,3089.0,3089.0,0
2013-08-28 23:58:20,NQ-100-FUT,1,3060.0,3060.0,3060.0,3060.0,0
2013-08-29 23:58:20,NQ-100-FUT,1,3072.0,3072.0,3072.0,3072.0,0
2013-08-30 23:58:20,NQ-100-FUT,1,3096.0,3096.0,3096.0,3096.0,0
2013-08-31 06:00:00,NQ-100-FUT,1,3079.0,3079.0,3079.0,3079.0,0
2013-09-01 14:01:40,NQ-100-FUT,1,3079.0,3079.0,3079.0,3079.0,0
2013-09-02 23:56:40,NQ-100-FUT,1,3108.0,3109.0,3108.0,3109.0,0
2013-09-03 23:58:20,NQ-100-FUT,1,3097.0,3098.0,3097.0,3098.0,0
2013-09-04 23:58:20,NQ-100-FUT,1,3098.0,3099.0,3098.0,3099.0,0
2013-09-05 23:58:20,NQ-100-FUT,1,3127.0,3127.0,3126.0,3127.0,0
2013-09-06 23:58:20,NQ-100-FUT,1,3140.0,3140.0,3140.0,3140.0,0
2013-09-07 06:00:00,NQ-100-FUT,1,3133.0,3133.0,3133.0,3133.0,0
2013-09-08 14:01:40,NQ-100-FUT,1,3133.0,3133.0,3133.0,3133.0,0
2013-09-09 23:58:20,NQ-100-FUT,1,3145.0,3146.0,3145.0,3145.0,0
2013-09-10 23:58:20,NQ-100-FUT,1,3185.0,3185.0,3185.0,3185.0,0
2013-09-11 23:58:20,NQ-100-FUT,1,3165.0,3165.0,3164.0,3164.0,0
2013-09-12 23:58:20,NQ-100-FUT,1,3179.0,3179.0,3178.0,3178.0,0
2013-09-13 23:58:20,NQ-100-FUT,1,3173.0,3173.0,3173.0,3173.0,0
2013-09-14 06:01:40,NQ-100-FUT,1,3175.0,3175.0,3175.0,3175.0,0
2013-09-15 06:00:00,NQ-100-FUT,1,3175.0,3175.0,3175.0,3175.0,0
2013-09-16 23:58:20,NQ-100-FUT,1,3198.0,3199.0,3198.0,3199.0,0
2013-09-17 23:58:20,NQ-100-FUT,1,3169.0,3169.0,3168.0,3168.0,0
2013-09-18 23:58:20,NQ-100-FUT,1,3191.0,3191.0,3191.0,3191.0,0
2013-09-19 23:58:20,NQ-100-FUT,1,3233.0,3233.0,3233.0,3233.0,0
2013-09-20 23:58:20,NQ-100-FUT,1,3239.0,3239.0,3239.0,3239.0,0
2013-09-21 06:01:40,NQ-100-FUT,1,3217.0,3217.0,3217.0,3217.0,0
2013-09-22 14:01:40,NQ-100-FUT,1,3217.0,3217.0,3217.0,3217.0,0
2013-09-23 23:58:20,NQ-100-FUT,1,3232.0,3233.0,3232.0,3233.0,0
2013-09-24 23:58:20,NQ-100-FUT,1,3220.0,3220.0,3220.0,3220.0,0
2013-09-25 23:58:20,NQ-100-FUT,1,3215.0,3215.0,3215.0,3215.0,0
2013-09-26 23:58:20,NQ-100-FUT,1,3217.0,3217.0,3217.0,3217.0,0
2013-09-27 23:58:20,NQ-100-FUT,1,3212.0,3212.0,3211.0,3212.0,0
2013-09-28 06:01:40,NQ-100-FUT,1,3226.0,3226.0,3226.0,3226.0,0
2013-09-29 16:50:00,NQ-100-FUT,1,3226.0,3226.0,3226.0,3226.0,0
2013-09-30 23:58:20,NQ-100-FUT,1,3191.0,3191.0,3191.0,3191.0,0
2013-10-01 23:58:20,NQ-100-FUT,1,3215.0,3215.0,3215.0,3215.0,0
2013-10-02 23:58:20,NQ-100-FUT,1,3226.0,3226.0,3225.0,3225.0,0
2013-10-03 23:58:20,NQ-100-FUT,1,3240.0,3241.0,3240.0,3241.0,0
2013-10-04 23:58:20,NQ-100-FUT,1,3207.0,3207.0,3207.0,3207.0,0
2013-10-05 06:01:40,NQ-100-FUT,1,3233.0,3233.0,3233.0,3233.0,0
2013-10-06 14:00:00,NQ-100-FUT,1,3233.0,3233.0,3233.0,3233.0,0
2013-10-07 23:58:20,NQ-100-FUT,1,3207.0,3207.0,3207.0,3207.0,0
2013-10-08 23:58:20,NQ-100-FUT,1,3209.0,3209.0,3208.0,3208.0,0
2013-10-09 23:58:20,NQ-100-FUT,1,3156.0,3156.0,3156.0,3156.0,0
2013-10-10 23:58:20,NQ-100-FUT,1,3169.0,3169.0,3169.0,3169.0,0
2013-10-11 23:58:20,NQ-100-FUT,1,3195.0,3196.0,3195.0,3195.0,0
2013-10-12 06:01:40,NQ-100-FUT,1,3231.0,3231.0,3231.0,3231.0,0
2013-10-13 14:01:40,NQ-100-FUT,1,3231.0,3231.0,3231.0,3231.0,0
2013-10-14 23:58:20,NQ-100-FUT,1,3207.0,3207.0,3207.0,3207.0,0
2013-10-15 23:58:20,NQ-100-FUT,1,3245.0,3247.0,3245.0,3247.0,0
2013-10-16 23:58:20,NQ-100-FUT,1,3256.0,3256.0,3256.0,3256.0,0
2013-10-17 23:58:20,NQ-100-FUT,1,3258.0,3258.0,3258.0,3258.0,0
2013-10-18 23:58:20,NQ-100-FUT,1,3322.0,3322.0,3322.0,3322.0,0
2013-10-19 06:01:40,NQ-100-FUT,1,3345.0,3345.0,3345.0,3345.0,0
2013-10-20 14:01:40,NQ-100-FUT,1,3345.0,3345.0,3345.0,3345.0,0
2013-10-21 23:58:20,NQ-100-FUT,1,3354.0,3354.0,3354.0,3354.0,0
2013-10-22 23:58:20,NQ-100-FUT,1,3367.0,3367.0,3367.0,3367.0,0
2013-10-23 23:58:20,NQ-100-FUT,1,3343.0,3343.0,3343.0,3343.0,0
2013-10-24 23:58:20,NQ-100-FUT,1,3342.0,3342.0,3340.0,3340.0,0
2013-10-25 23:58:20,NQ-100-FUT,1,3384.0,3384.0,3384.0,3384.0,0
2013-10-26 06:00:00,NQ-100-FUT,1,3376.0,3376.0,3376.0,3376.0,0
2013-10-27 06:00:00,NQ-100-FUT,1,3376.0,3376.0,3376.0,3376.0,0
2013-10-28 23:58:20,NQ-100-FUT,1,3377.0,3377.0,3377.0,3377.0,0
2013-10-29 23:58:20,NQ-100-FUT,1,3389.0,3390.0,3389.0,3390.0,0
2013-10-30 23:58:20,NQ-100-FUT,1,3395.0,3395.0,3395.0,3395.0,0
2013-10-31 23:58:20,NQ-100-FUT,1,3372.0,3373.0,3372.0,3373.0,0
2013-11-01 23:58:20,NQ-100-FUT,1,3382.0,3382.0,3382.0,3382.0,0
2013-11-02 06:00:00,NQ-100-FUT,1,3369.0,3369.0,3369.0,3369.0,0
2013-11-03 06:00:00,NQ-100-FUT,1,3369.0,3369.0,3369.0,3369.0,0
2013-11-04 23:58:20,NQ-100-FUT,1,3382.0,3382.0,3382.0,3382.0,0
2013-11-05 23:58:20,NQ-100-FUT,1,3369.0,3369.0,3369.0,3369.0,0
2013-11-06 23:58:20,NQ-100-FUT,1,3392.0,3392.0,3391.0,3391.0,0
2013-11-07 23:58:20,NQ-100-FUT,1,3384.0,3384.0,3384.0,3384.0,0
2013-11-08 23:58:20,NQ-100-FUT,1,3324.0,3325.0,3324.0,3325.0,0
2013-11-09 06:00:00,NQ-100-FUT,1,3362.0,3362.0,3362.0,3362.0,0
2013-11-10 13:58:20,NQ-100-FUT,1,3362.0,3362.0,3362.0,3362.0,0
2013-11-11 23:58:20,NQ-100-FUT,1,3362.0,3362.0,3362.0,3362.0,0
2013-11-12 23:58:20,NQ-100-FUT,1,3346.0,3346.0,3346.0,3346.0,0
2013-11-13 23:58:20,NQ-100-FUT,1,3346.0,3346.0,3346.0,3346.0,0
2013-11-14 23:58:20,NQ-100-FUT,1,3395.0,3395.0,3395.0,3395.0,0
2013-11-15 23:58:20,NQ-100-FUT,1,3416.0,3416.0,3416.0,3416.0,0
2013-11-16 06:00:00,NQ-100-FUT,1,3418.0,3418.0,3418.0,3418.0,0
2013-11-17 13:58:20,NQ-100-FUT,1,3418.0,3418.0,3418.0,3418.0,0
2013-11-18 23:58:20,NQ-100-FUT,1,3418.0,3418.0,3418.0,3418.0,0
2013-11-19 23:58:20,NQ-100-FUT,1,3383.0,3383.0,3383.0,3383.0,0
2013-11-20 23:58:20,NQ-100-FUT,1,3382.0,3382.0,3382.0,3382.0,0
2013-11-21 23:58:20,NQ-100-FUT,1,3380.0,3380.0,3380.0,3380.0,0
2013-11-22 23:58:20,NQ-100-FUT,1,3405.0,3405.0,3405.0,3405.0,0
2013-11-23 06:00:00,NQ-100-FUT,1,3421.0,3421.0,3421.0,3421.0,0
2013-11-24 13:58:20,NQ-100-FUT,1,3421.0,3421.0,3421.0,3421.0,0
2013-11-25 23:58:20,NQ-100-FUT,1,3434.0,3434.0,3434.0,3434.0,0
2013-11-26 23:58:20,NQ-100-FUT,1,3432.0,3432.0,3432.0,3432.0,0
2013-11-27 23:58:20,NQ-100-FUT,1,3452.0,3452.0,3452.0,3452.0,0
2013-11-28 23:56:40,NQ-100-FUT,1,3481.0,3482.0,3481.0,3482.0,0
2013-11-29 23:58:20,NQ-100-FUT,1,3484.0,3484.0,3484.0,3484.0,0
2013-11-30 06:00:00,NQ-100-FUT,1,3488.0,3488.0,3488.0,3488.0,0
2013-12-01 13:58:20,NQ-100-FUT,1,3488.0,3488.0,3488.0,3488.0,0
2013-12-02 23:58:20,NQ-100-FUT,1,3494.0,3494.0,3494.0,3494.0,0
2013-12-03 23:58:20,NQ-100-FUT,1,3479.0,3479.0,3479.0,3479.0,0
2013-12-04 23:58:20,NQ-100-FUT,1,3469.0,3470.0,3469.0,3470.0,0
2013-12-05 23:58:20,NQ-100-FUT,1,3491.0,3491.0,3491.0,3491.0,0
2013-12-06 23:58:20,NQ-100-FUT,1,3489.0,3489.0,3489.0,3489.0,0
2013-12-07 06:00:00,NQ-100-FUT,1,3506.0,3506.0,3506.0,3506.0,0
2013-12-08 13:58:20,NQ-100-FUT,1,3506.0,3506.0,3506.0,3506.0,0
2013-12-09 23:58:20,NQ-100-FUT,1,3514.0,3514.0,3514.0,3514.0,0
2013-12-10 23:58:20,NQ-100-FUT,1,3512.0,3512.0,3512.0,3512.0,0
2013-12-11 23:58:20,NQ-100-FUT,1,3516.0,3517.0,3516.0,3517.0,0
2013-12-12 23:58:20,NQ-100-FUT,1,3468.0,3468.0,3468.0,3468.0,0
2013-12-13 23:58:20,NQ-100-FUT,1,3469.0,3469.0,3469.0,3469.0,0
2013-12-14 09:41:40,NQ-100-FUT,1,3453.0,3453.0,3453.0,3453.0,0
2013-12-15 13:58:20,NQ-100-FUT,1,3453.0,3453.0,3453.0,3453.0,0
2013-12-16 23:58:20,NQ-100-FUT,1,3469.0,3469.0,3469.0,3469.0,0
2013-12-17 23:58:20,NQ-100-FUT,1,3472.0,3473.0,3472.0,3473.0,0
2013-12-18 23:58:20,NQ-100-FUT,1,3464.0,3464.0,3464.0,3464.0,0
2013-12-19 23:58:20,NQ-100-FUT,1,3499.0,3499.0,3499.0,3499.0,0
2013-12-20 23:58:20,NQ-100-FUT,1,3498.0,3498.0,3498.0,3498.0,0
2013-12-21 06:00:00,NQ-100-FUT,1,3536.0,3537.0,3536.0,3537.0,0
2013-12-22 13:58:20,NQ-100-FUT,1,3537.0,3537.0,3537.0,3537.0,0
2013-12-23 23:58:20,NQ-100-FUT,1,3560.0,3560.0,3560.0,3560.0,0
2013-12-24 23:58:20,NQ-100-FUT,1,3565.0,3565.0,3565.0,3565.0,0
2013-12-25 18:28:20,NQ-100-FUT,1,3570.0,3570.0,3570.0,3570.0,0
2013-12-26 23:58:20,NQ-100-FUT,1,3575.0,3575.0,3575.0,3575.0,0
2013-12-27 23:58:20,NQ-100-FUT,1,3584.0,3584.0,3584.0,3584.0,0
2013-12-28 06:00:00,NQ-100-FUT,1,3571.0,3571.0,3571.0,3571.0,0
2013-12-29 13:58:20,NQ-100-FUT,1,3571.0,3571.0,3571.0,3571.0,0
2013-12-30 23:58:20,NQ-100-FUT,1,3568.0,3568.0,3568.0,3568.0,0
2013-12-31 23:58:20,NQ-100-FUT,1,3571.0,3571.0,3571.0,3571.0,0
