Date,Open,High,Low,Close*,Adj Close**,Volume,,
12/31/13,"3,566.50","3,594.75","3,565.00","3,583.75","3,583.75","71,635",,
12/30/13,"3,569.75","3,573.50","3,556.00","3,565.75","3,565.75","90,196",,
12/27/13,"3,582.75","3,587.50","3,567.00","3,570.25","3,570.25","94,798",,
12/26/13,"3,572.75","3,583.75","3,568.25","3,581.75","3,581.75","54,009",,
12/24/13,"3,565.25","3,572.75","3,561.00","3,569.75","3,569.75","47,467",,
12/23/13,"3,541.00","3,567.50","3,541.00","3,564.75","3,564.75","131,151",,
12/20/13,"3,500.00","3,508.00","3,496.00","3,503.00","3,503.00","173,625",,
12/19/13,"3,513.50","3,516.75","3,482.50","3,497.00","3,497.00","56,687",,
12/18/13,"3,464.75","3,513.50","3,422.00","3,512.75","3,512.75","66,667",,
12/17/13,"3,470.75","3,483.25","3,460.75","3,465.25","3,465.25","87,634",,
12/16/13,"3,457.00","3,495.25","3,434.50","3,474.50","3,474.50","130,785",,
12/13/13,"3,457.00","3,478.25","3,449.75","3,457.50","3,457.50","152,854",,
12/12/13,"3,471.25","3,479.50","3,455.50","3,459.50","3,459.50","300,255",,
12/11/13,"3,517.50","3,522.25","3,464.50","3,470.50","3,470.50","302,895",,
12/10/13,"3,519.25","3,524.25","3,507.75","3,516.00","3,516.00","181,862",,
12/09/13,"3,505.00","3,524.75","3,505.00","3,518.50","3,518.50","190,605",,
12/06/13,"3,478.00","3,511.00","3,477.00","3,504.00","3,504.00","254,913",,
12/05/13,"3,482.50","3,492.00","3,468.75","3,478.75","3,478.75","250,042",,
12/04/13,"3,476.25","3,494.00","3,453.25","3,482.50","3,482.50","281,577",,
12/03/13,"3,483.75","3,488.75","3,466.25","3,475.75","3,475.75","224,700",,
12/02/13,"3,493.00","3,501.25","3,476.75","3,483.00","3,483.00","231,123",,
11/29/13,"3,469.00","3,496.50","3,468.75","3,487.50","3,487.50","97,742",,
11/27/13,"3,447.00","3,472.25","3,445.75","3,468.50","3,468.50","146,375",,
11/26/13,"3,426.75","3,456.00","3,422.75","3,447.25","3,447.25","188,922",,
11/25/13,"3,422.50","3,437.25","3,420.25","3,429.00","3,429.00","177,967",,
11/22/13,"3,400.75","3,422.50","3,400.00","3,420.00","3,420.00","163,835",,
11/21/13,"3,367.75","3,406.00","3,360.25","3,400.50","3,400.50","204,624",,
11/20/13,"3,375.75","3,398.50","3,358.50","3,366.50","3,366.50","290,183",,
11/19/13,"3,387.75","3,400.50","3,370.75","3,375.50","3,375.50","258,679",,
11/18/13,"3,416.50","3,425.75","3,380.25","3,384.00","3,384.00","223,476",,
11/15/13,"3,412.25","3,421.25","3,405.25","3,416.50","3,416.50","156,493",,
11/14/13,"3,392.50","3,415.75","3,386.75","3,410.50","3,410.50","225,748",,
11/13/13,"3,363.50","3,406.75","3,338.25","3,402.00","3,402.00","269,387",,
11/12/13,"3,354.75","3,366.75","3,343.75","3,364.50","3,364.50","196,199",,
11/11/13,"3,361.50","3,365.50","3,345.50","3,354.25","3,354.25","164,939",,
11/08/13,"3,321.75","3,363.00","3,310.00","3,360.50","3,360.50","289,374",,
11/07/13,"3,374.00","3,387.00","3,314.25","3,319.50","3,319.50","404,482",,
11/06/13,"3,380.00","3,398.00","3,370.25","3,376.00","3,376.00","218,082",,
11/05/13,"3,378.00","3,390.50","3,355.75","3,379.75","3,379.75","224,570",,
11/04/13,"3,368.00","3,387.25","3,366.75","3,377.50","3,377.50","142,512",,
10/31/13,"3,377.25","3,388.50","3,357.50","3,368.00","3,368.00","230,311",,
10/30/13,"3,380.00","3,394.00","3,360.75","3,369.00","3,369.00","252,511",,
10/29/13,"3,390.25","3,401.75","3,364.25","3,392.25","3,392.25","287,566",,
10/28/13,"3,377.75","3,392.25","3,368.50","3,384.00","3,384.00","208,676",,
10/27/13,"3,374.25","3,391.00","3,360.75","3,383.25","3,383.25","196,908",,
10/24/13,"3,376.75","3,392.75","3,361.25","3,373.75","3,373.75","223,017",,
10/23/13,"3,342.25","3,379.75","3,335.50","3,371.00","3,371.00","191,455",,
10/22/13,"3,356.00","3,357.25","3,322.25","3,340.00","3,340.00","244,371",,
10/21/13,"3,353.00","3,377.25","3,338.00","3,356.50","3,356.50","330,951",,
10/20/13,"3,344.75","3,362.25","3,342.50","3,354.00","3,354.00","175,096",,
10/17/13,"3,307.50","3,348.00","3,306.75","3,342.00","3,342.00","235,866",,
10/16/13,"3,260.25","3,310.50","3,255.25","3,301.00","3,301.00","209,745",,
10/15/13,"3,240.50","3,276.50","3,234.75","3,264.00","3,264.00","228,467",,
10/14/13,"3,253.50","3,263.50","3,234.00","3,240.75","3,240.75","329,005",,
10/13/13,"3,205.00","3,255.00","3,195.00","3,248.25","3,248.25","233,830",,
10/10/13,"3,193.50","3,230.50","3,175.75","3,225.50","3,225.50","230,009",,
10/09/13,"3,132.75","3,209.50","3,132.75","3,193.50","3,193.50","342,187",,
10/08/13,"3,146.25","3,164.00","3,110.75","3,132.50","3,132.50","441,570",,
10/07/13,"3,206.50","3,214.50","3,144.25","3,150.75","3,150.75","418,005",,
10/06/13,"3,224.00","3,232.75","3,201.75","3,205.00","3,205.00","239,190",,
10/03/13,"3,201.25","3,239.50","3,199.50","3,234.50","3,234.50","201,543",,
10/02/13,"3,239.75","3,248.00","3,189.25","3,202.25","3,202.25","361,785",,
10/01/13,"3,251.00","3,251.00","3,221.00","3,237.50","3,237.50","241,342",,
09/30/13,"3,221.25","3,251.25","3,213.00","3,245.50","3,245.50","250,343",,
09/29/13,"3,211.50","3,223.25","3,178.25","3,209.00","3,209.00","281,669",,
09/26/13,"3,229.75","3,233.50","3,203.00","3,223.00","3,223.00","193,112",,
09/25/13,"3,202.50","3,235.25","3,202.25","3,226.00","3,226.00","208,824",,
09/24/13,"3,215.25","3,220.50","3,195.75","3,200.00","3,200.00","250,162",,
09/23/13,"3,211.00","3,230.75","3,202.75","3,213.25","3,213.25","178,347",,
09/22/13,"3,222.75","3,237.00","3,198.00","3,209.00","3,209.00","237,538",,
09/19/13,"3,239.50","3,251.50","3,234.00","3,248.00","3,248.00","208,460",,
09/18/13,"3,232.00","3,245.00","3,232.00","3,239.25","3,239.25","46,234",,
09/17/13,"3,192.75","3,236.25","3,189.75","3,228.75","3,228.75","56,730",,
09/16/13,"3,168.75","3,196.00","3,163.00","3,190.75","3,190.75","92,803",,
09/15/13,"3,196.25","3,219.25","3,163.00","3,167.75","3,167.75","128,600",,
09/12/13,"3,177.25","3,182.50","3,161.75","3,177.75","3,177.75","122,090",,
09/11/13,"3,184.25","3,186.75","3,170.25","3,176.00","3,176.00","227,594",,
09/10/13,"3,184.25","3,188.75","3,160.00","3,178.50","3,178.50","220,768",,
09/09/13,"3,171.50","3,189.25","3,167.25","3,182.75","3,182.75","230,771",,
09/08/13,"3,132.75","3,175.25","3,130.50","3,165.00","3,165.00","196,240",,
09/05/13,"3,128.50","3,150.25","3,096.50","3,129.50","3,129.50","281,130",,
09/04/13,"3,131.50","3,137.75","3,124.00","3,128.00","3,128.00","152,933",,
09/03/13,"3,087.75","3,132.00","3,083.25","3,128.25","3,128.25","216,735",,
09/02/13,"3,088.75","3,113.25","3,076.00","3,086.50","3,086.50","314,381",,
08/29/13,"3,093.50","3,103.50","3,062.00","3,073.50","3,073.50","253,781",,
08/28/13,"3,068.25","3,109.00","3,064.00","3,089.50","3,089.50","246,337",,
08/27/13,"3,061.50","3,084.75","3,056.00","3,068.25","3,068.25","188,487",,
08/26/13,"3,123.50","3,124.75","3,052.50","3,059.50","3,059.50","360,118",,
08/25/13,"3,120.25","3,147.25","3,117.25","3,121.00","3,121.00","189,292",,
08/22/13,"3,103.50","3,127.00","3,096.50","3,121.25","3,121.25","194,415",,
08/21/13,"3,060.75","3,107.00","3,055.50","3,101.75","3,101.75","190,514",,
08/20/13,"3,081.75","3,098.75","3,059.25","3,062.50","3,062.50","295,659",,
08/19/13,"3,071.25","3,097.00","3,063.50","3,081.00","3,081.00","164,001",,
08/18/13,"3,068.50","3,100.50","3,060.25","3,070.50","3,070.50","210,781",,
08/15/13,"3,071.75","3,090.00","3,068.25","3,069.75","3,069.75","189,035",,
08/14/13,"3,113.00","3,114.75","3,066.50","3,071.00","3,071.00","307,034",,
08/13/13,"3,138.75","3,143.75","3,114.25","3,123.25","3,123.25","234,087",,
08/12/13,"3,126.00","3,148.00","3,104.75","3,137.00","3,137.00","239,126",,
08/11/13,"3,113.50","3,129.50","3,094.25","3,124.00","3,124.00","171,281",,
08/08/13,"3,129.25","3,134.75","3,107.00","3,113.25","3,113.25","199,820",,
08/07/13,"3,117.25","3,136.50","3,108.50","3,127.00","3,127.00","215,700",,
08/06/13,"3,117.75","3,119.50","3,090.75","3,116.00","3,116.00","228,788",,
08/05/13,"3,136.00","3,139.50","3,106.25","3,118.00","3,118.00","170,125",,
08/04/13,"3,136.25","3,140.25","3,128.00","3,136.00","3,136.00","114,587",,
08/01/13,"3,118.25","3,138.00","3,112.25","3,136.00","3,136.00","162,654",,
07/31/13,"3,088.75","3,123.50","3,088.75","3,112.75","3,112.75","153,830",,
07/30/13,"3,082.50","3,105.00","3,079.25","3,083.00","3,083.00","254,202",,
07/29/13,"3,066.00","3,094.75","3,065.50","3,085.50","3,085.50","237,285",,
07/28/13,"3,070.00","3,078.50","3,056.75","3,065.50","3,065.50","189,954",,
07/25/13,"3,053.00","3,073.50","3,037.50","3,070.50","3,070.50","183,575",,
07/24/13,"3,052.50","3,058.25","3,027.50","3,050.00","3,050.00","214,945",,
07/23/13,"3,038.00","3,057.25","3,028.75","3,048.00","3,048.00","314,733",,
07/22/13,"3,049.25","3,060.00","3,023.50","3,026.00","3,026.00","161,677",,
07/21/13,"3,043.75","3,055.25","3,038.50","3,047.50","3,047.50","140,933",,
07/18/13,"3,049.00","3,049.00","3,030.50","3,040.75","3,040.75","203,203",,
07/17/13,"3,075.25","3,087.00","3,046.00","3,047.50","3,047.50","179,562",,
07/16/13,"3,073.25","3,086.50","3,065.50","3,079.25","3,079.25","186,222",,
07/15/13,"3,074.00","3,080.25","3,063.75","3,070.75","3,070.75","147,259",,
07/14/13,"3,062.75","3,076.50","3,062.75","3,073.00","3,073.00","112,409",,
07/11/13,"3,053.00","3,070.50","3,049.25","3,062.00","3,062.00","148,453",,
07/10/13,"3,011.50","3,058.00","3,011.50","3,055.00","3,055.00","200,923",,
07/09/13,"2,977.25","3,014.00","2,969.00","2,996.25","2,996.25","198,676",,
07/08/13,"2,961.00","2,985.00","2,959.00","2,974.25","2,974.25","162,518",,
07/07/13,"2,961.50","2,978.25","2,948.75","2,958.75","2,958.75","200,400",,
07/04/13,"2,937.75","2,971.25","2,927.75","2,956.50","2,956.50","228,913",,
07/03/13,"2,923.25","2,949.00","2,897.00","2,936.50","2,936.50","152,053",,
07/01/13,"2,919.25","2,941.25","2,907.25","2,923.25","2,923.25","202,883",,
06/30/13,"2,902.75","2,946.75","2,894.25","2,917.00","2,917.00","200,624",,
06/27/13,"2,899.00","2,922.00","2,884.25","2,901.25","2,901.25","239,222",,
06/26/13,"2,885.75","2,918.25","2,882.25","2,899.50","2,899.50","173,476",,
06/25/13,"2,857.00","2,892.75","2,845.75","2,883.00","2,883.00","196,345",,
06/24/13,"2,846.25","2,873.75","2,830.75","2,858.25","2,858.25","257,859",,
06/23/13,"2,866.50","2,870.75","2,817.75","2,844.00","2,844.00","358,805",,
06/20/13,"2,888.00","2,907.50","2,882.25","2,895.50","2,895.50","399,203",,
06/19/13,"2,960.75","2,962.25","2,882.25","2,886.50","2,886.50","81,024",,
06/18/13,"2,996.75","3,003.50","2,958.25","2,961.50","2,961.50","65,002",,
06/17/13,"2,972.50","3,002.50","2,971.00","2,993.50","2,993.50","96,353",,
06/16/13,"2,936.50","2,989.75","2,936.50","2,970.00","2,970.00","113,841",,
06/13/13,"2,966.25","2,968.50","2,938.75","2,942.00","2,942.00","119,403",,
06/12/13,"2,922.75","2,969.50","2,897.75","2,962.25","2,962.25","284,586",,
06/11/13,"2,965.50","2,979.50","2,919.50","2,920.25","2,920.25","328,526",,
06/10/13,"2,987.75","2,989.00","2,949.50","2,963.50","2,963.50","312,061",,
06/09/13,"2,981.00","3,004.00","2,976.25","2,987.00","2,987.00","242,507",,
06/06/13,"2,948.25","2,992.00","2,940.00","2,980.50","2,980.50","266,604",,
06/05/13,"2,939.25","2,954.00","2,910.50","2,949.50","2,949.50","280,562",,
06/04/13,"2,970.75","2,977.75","2,932.00","2,938.50","2,938.50","302,592",,
06/03/13,"2,986.50","3,007.00","2,961.00","2,974.75","2,974.75","283,605",,
06/02/13,"2,981.00","2,995.00","2,950.00","2,985.50","2,985.50","322,752",,
05/30/13,"3,011.00","3,022.75","2,976.25","2,980.25","2,980.25","273,254",,
05/29/13,"2,995.00","3,025.50","2,981.75","3,010.00","3,010.00","215,945",,
05/28/13,"3,004.75","3,008.75","2,978.25","2,995.50","2,995.50","242,455",,
05/27/13,"2,991.25","3,036.75","2,985.00","3,003.50","3,003.50","238,818",,
05/23/13,"2,995.75","3,003.00","2,963.50","2,992.25","2,992.25","203,972",,
05/22/13,"3,006.25","3,008.50","2,961.25","2,992.25","2,992.25","313,279",,
05/21/13,"3,021.75","3,053.50","2,983.75","3,001.00","3,001.00","363,785",,
05/20/13,"3,019.50","3,036.75","3,010.00","3,021.50","3,021.50","185,202",,
05/19/13,"3,021.25","3,032.00","3,010.00","3,021.00","3,021.00","193,256",,
05/16/13,"3,001.00","3,028.25","2,998.00","3,022.75","3,022.75","188,115",,
05/15/13,"3,004.25","3,019.00","2,996.00","2,998.25","2,998.25","203,738",,
05/14/13,"2,995.75","3,007.50","2,982.50","3,001.00","3,001.00","206,061",,
05/13/13,"2,981.25","3,005.00","2,971.25","2,995.25","2,995.25","192,387",,
05/12/13,"2,972.25","2,987.50","2,960.50","2,981.00","2,981.00","162,112",,
05/09/13,"2,961.25","2,978.75","2,958.75","2,975.50","2,975.50","169,255",,
05/08/13,"2,961.00","2,978.25","2,950.00","2,958.00","2,958.00","185,018",,
05/07/13,"2,946.75","2,965.00","2,941.75","2,961.75","2,961.75","144,664",,
05/06/13,"2,947.50","2,956.75","2,937.25","2,946.50","2,946.50","176,584",,
05/05/13,"2,936.75","2,954.00","2,936.50","2,947.50","2,947.50","134,824",,
05/02/13,"2,902.00","2,947.75","2,900.25","2,935.00","2,935.00","193,083",,
05/01/13,"2,868.00","2,910.50","2,867.25","2,902.00","2,902.00","199,370",,
04/30/13,"2,884.00","2,887.00","2,862.25","2,863.50","2,863.50","154,074",,
04/29/13,"2,859.75","2,884.25","2,853.25","2,880.00","2,880.00","190,418",,
04/28/13,"2,833.75","2,871.75","2,827.50","2,858.75","2,858.75","175,223",,
04/25/13,"2,841.00","2,844.75","2,822.25","2,830.50","2,830.50","165,108",,
04/24/13,"2,821.75","2,854.50","2,814.00","2,844.00","2,844.00","196,635",,
04/23/13,"2,829.50","2,838.25","2,816.00","2,824.00","2,824.00","257,076",,
04/22/13,"2,800.75","2,843.50","2,785.00","2,823.00","2,823.00","269,327",,
04/21/13,"2,772.50","2,812.50","2,770.75","2,797.25","2,797.25","230,393",,
04/18/13,"2,746.25","2,779.50","2,736.75","2,768.25","2,768.25","273,830",,
04/17/13,"2,770.50","2,788.00","2,724.00","2,739.50","2,739.50","345,298",,
04/16/13,"2,830.50","2,830.50","2,758.25","2,774.50","2,774.50","378,577",,
04/15/13,"2,786.00","2,834.25","2,785.25","2,828.00","2,828.00","236,656",,
04/14/13,"2,846.50","2,851.00","2,771.25","2,783.50","2,783.50","326,433",,
04/11/13,"2,853.75","2,856.25","2,828.25","2,846.25","2,846.25","198,997",,
04/10/13,"2,852.00","2,858.50","2,843.25","2,853.25","2,853.25","199,356",,
04/09/13,"2,799.00","2,857.50","2,794.75","2,853.25","2,853.25","259,070",,
04/08/13,"2,784.75","2,809.75","2,773.00","2,797.50","2,797.50","237,574",,
04/07/13,"2,763.25","2,788.25","2,757.00","2,781.00","2,781.00","176,139",,
04/04/13,"2,785.00","2,785.50","2,737.50","2,763.00","2,763.00","265,278",,
04/03/13,"2,788.00","2,801.50","2,772.50","2,785.00","2,785.00","226,614",,
04/02/13,"2,814.25","2,819.25","2,780.25","2,787.00","2,787.00","256,746",,
04/01/13,"2,789.75","2,823.00","2,786.25","2,812.75","2,812.75","214,259",,
03/31/13,"2,811.00","2,815.75","2,784.25","2,788.00","2,788.00","145,803",,
03/28/13,-,-,-,-,-,-,,
03/27/13,"2,801.25","2,814.75","2,791.50","2,811.00","2,811.00","145,542",,
03/26/13,"2,802.25","2,806.00","2,776.50","2,801.00","2,801.00","185,710",,
03/25/13,"2,788.25","2,803.75","2,784.50","2,799.75","2,799.75","168,868",,
03/24/13,"2,793.50","2,811.50","2,771.00","2,784.25","2,784.25","249,371",,
03/21/13,"2,769.25","2,799.50","2,763.25","2,793.50","2,793.50","180,406",,
03/20/13,"2,788.25","2,788.25","2,761.25","2,769.75","2,769.75","221,279",,
03/19/13,"2,776.75","2,806.50","2,771.75","2,785.25","2,785.25","213,748",,
03/18/13,"2,787.25","2,800.00","2,755.25","2,779.50","2,779.50","280,858",,
03/17/13,"2,774.00","2,797.25","2,748.25","2,787.00","2,787.00","261,520",,
03/14/13,"2,805.00","2,811.50","2,804.50","2,807.00","2,807.00","151,634",,
03/13/13,"2,800.25","2,813.25","2,797.50","2,806.00","2,806.00","36,307",,
03/12/13,"2,803.00","2,808.50","2,787.75","2,799.00","2,799.00","78,283",,
03/11/13,"2,809.75","2,811.25","2,787.75","2,803.00","2,803.00","90,209",,
03/10/13,"2,801.50","2,812.25","2,791.25","2,809.75","2,809.75","120,851",,
03/08/13,"2,798.50","2,827.75","2,792.50","2,801.50","2,801.50","147,817",,
03/07/13,"2,790.50","2,804.50","2,788.50","2,799.25","2,799.25","194,930",,
03/06/13,"2,800.75","2,809.25","2,788.25","2,788.25","2,788.25","224,481",,
03/05/13,"2,762.50","2,803.75","2,761.00","2,798.25","2,798.25","249,527",,
03/04/13,"2,745.50","2,763.75","2,732.75","2,760.00","2,760.00","243,022",,
03/01/13,"2,738.00","2,751.50","2,711.75","2,748.75","2,748.75","278,656",,
02/28/13,"2,741.00","2,761.50","2,732.50","2,738.00","2,738.00","248,960",,
02/27/13,"2,711.00","2,757.75","2,703.25","2,740.50","2,740.50","281,226",,
02/26/13,"2,702.25","2,718.25","2,689.00","2,707.75","2,707.75","321,127",,
02/25/13,"2,736.75","2,764.50","2,691.75","2,702.25","2,702.25","383,420",,
02/22/13,"2,716.00","2,739.00","2,714.25","2,735.75","2,735.75","187,525",,
02/21/13,"2,736.00","2,741.00","2,699.50","2,714.00","2,714.00","283,845",,
02/20/13,"2,784.50","2,786.50","2,725.00","2,737.50","2,737.50","230,436",,
02/19/13,"2,759.75","2,786.00","2,758.25","2,780.75","2,780.75","163,031",,
02/15/13,"2,769.25","2,776.75","2,754.25","2,761.25","2,761.25","169,760",,
02/14/13,"2,766.75","2,775.00","2,756.00","2,767.25","2,767.25","154,958",,
02/13/13,"2,765.25","2,781.75","2,762.75","2,770.25","2,770.25","164,467",,
02/12/13,"2,770.75","2,774.50","2,758.75","2,760.75","2,760.75","171,647",,
02/11/13,"2,771.25","2,780.75","2,763.50","2,770.50","2,770.50","146,485",,
02/08/13,"2,742.00","2,778.50","2,741.00","2,772.00","2,772.00","211,104",,
02/07/13,"2,739.50","2,748.75","2,712.75","2,742.00","2,742.00","273,081",,
02/06/13,"2,753.50","2,757.00","2,733.00","2,737.25","2,737.25","217,756",,
02/05/13,"2,710.00","2,759.25","2,709.25","2,749.25","2,749.25","243,055",,
02/04/13,"2,759.25","2,759.25","2,709.00","2,711.50","2,711.50","275,933",,
02/01/13,"2,733.00","2,764.00","2,730.50","2,756.50","2,756.50","222,751",,
01/31/13,"2,734.00","2,746.25","2,723.75","2,725.00","2,725.00","216,929",,
01/30/13,"2,745.50","2,751.75","2,726.25","2,735.75","2,735.75","252,062",,
01/29/13,"2,734.75","2,747.00","2,716.25","2,742.75","2,742.75","221,674",,
01/28/13,"2,729.50","2,747.50","2,726.25","2,737.50","2,737.50","202,433",,
01/25/13,"2,714.25","2,739.50","2,711.75","2,728.00","2,728.00","234,408",,
01/24/13,"2,716.25","2,743.00","2,707.75","2,718.25","2,718.25","289,636",,
01/23/13,"2,756.50","2,768.75","2,728.50","2,759.00","2,759.00","189,334",,
01/22/13,"2,734.25","2,758.00","2,720.75","2,751.00","2,751.00","195,839",,
01/18/13,"2,735.50","2,741.75","2,722.50","2,733.75","2,733.75","171,009",,
01/17/13,"2,726.25","2,752.00","2,716.50","2,740.50","2,740.50","211,220",,
01/16/13,"2,720.75","2,737.50","2,710.50","2,726.00","2,726.00","181,659",,
01/15/13,"2,731.00","2,732.25","2,705.25","2,714.25","2,714.25","210,640",,
01/14/13,"2,744.00","2,750.25","2,719.25","2,728.75","2,728.75","207,499",,
01/11/13,"2,742.50","2,744.50","2,732.25","2,743.75","2,743.75","140,405",,
01/10/13,"2,722.50","2,743.50","2,713.75","2,737.00","2,737.00","244,792",,
01/09/13,"2,715.00","2,730.25","2,711.25","2,722.00","2,722.00","159,091",,
01/08/13,"2,718.75","2,724.75","2,698.50","2,714.00","2,714.00","200,787",,
01/07/13,"2,716.25","2,722.75","2,702.50","2,717.75","2,717.75","174,832",,
01/04/13,"2,726.50","2,736.00","2,711.25","2,713.00","2,713.00","212,859",,
01/03/13,"2,739.00","2,747.00","2,719.00","2,725.50","2,725.50","216,626",,
01/02/13,"2,686.25","2,742.75","2,686.25","2,738.75","2,738.75","285,939",,
12/31/12,"2,590.25","2,665.00","2,580.00","2,655.25","2,655.25","198,763",,
12/28/12,"2,625.00","2,630.50","2,582.50","2,586.00","2,586.00","149,073",,
12/27/12,"2,631.75","2,637.75","2,593.50","2,622.50","2,622.50","211,526",,
12/26/12,"2,653.50","2,658.75","2,622.00","2,628.50","2,628.50","82,841",,
12/24/12,"2,660.00","2,662.75","2,646.50","2,648.75","2,648.75","40,306",,
12/21/12,"2,693.50","2,694.25","2,640.25","2,650.50","2,650.50","241,714",,
12/20/12,"2,689.00","2,704.00","2,679.75","2,693.00","2,693.00","35,080",,
12/19/12,"2,704.50","2,716.00","2,688.50","2,694.25","2,694.25","70,030",,
12/18/12,"2,666.50","2,709.25","2,666.50","2,704.00","2,704.00","131,904",,
12/17/12,"2,635.25","2,669.75","2,614.00","2,666.50","2,666.50","113,569",,
12/14/12,"2,650.25","2,662.75","2,620.00","2,627.75","2,627.75","132,184",,
12/13/12,"2,670.25","2,689.25","2,642.50","2,651.75","2,651.75","299,474",,
12/12/12,"2,686.25","2,696.00","2,668.00","2,670.25","2,670.25","272,392",,
12/11/12,"2,647.50","2,696.50","2,644.25","2,685.75","2,685.75","266,219",,
12/10/12,"2,637.00","2,660.75","2,625.75","2,650.50","2,650.50","211,325",,
12/07/12,"2,655.00","2,673.25","2,629.50","2,636.00","2,636.00","276,669",,
12/06/12,"2,636.00","2,662.00","2,622.50","2,654.00","2,654.00","298,028",,
12/05/12,"2,661.00","2,679.25","2,623.00","2,637.50","2,637.50","361,358",,
12/04/12,"2,667.75","2,675.75","2,650.25","2,664.50","2,664.50","259,040",,
12/03/12,"2,676.00","2,698.50","2,666.25","2,670.00","2,670.00","219,674",,
11/30/12,"2,672.00","2,689.75","2,667.25","2,675.75","2,675.75","213,421",,
11/29/12,"2,663.50","2,688.50","2,659.75","2,680.00","2,680.00","273,982",,
11/28/12,"2,640.00","2,665.50","2,611.50","2,660.50","2,660.50","308,712",,
11/27/12,"2,648.50","2,658.75","2,636.50","2,641.25","2,641.25","266,935",,
11/26/12,"2,633.00","2,650.75","2,623.00","2,645.75","2,645.75","203,339",,
11/23/12,"2,598.25","2,638.75","2,596.25","2,634.25","2,634.25","132,805",,
11/21/12,"2,592.00","2,602.00","2,577.00","2,596.00","2,596.00","164,688",,
11/20/12,"2,584.75","2,596.75","2,568.00","2,593.50","2,593.50","227,460",,
11/19/12,"2,535.00","2,594.25","2,534.50","2,585.50","2,585.50","271,966",,
11/16/12,"2,522.75","2,539.25","2,492.00","2,533.00","2,533.00","342,959",,
11/15/12,"2,531.25","2,541.00","2,512.75","2,522.00","2,522.00","337,005",,
11/14/12,"2,567.50","2,585.75","2,526.50","2,529.50","2,529.50","365,096",,
11/13/12,"2,581.75","2,585.75","2,553.00","2,560.50","2,560.50","315,321",,
11/12/12,"2,581.50","2,597.25","2,572.00","2,581.00","2,581.00","193,646",,
11/09/12,"2,573.50","2,607.25","2,556.25","2,580.50","2,580.50","366,575",,
11/08/12,"2,612.75","2,623.25","2,568.50","2,572.00","2,572.00","384,377",,
11/07/12,"2,676.75","2,688.00","2,599.00","2,610.00","2,610.00","401,571",,
11/06/12,"2,661.25","2,691.75","2,653.25","2,675.75","2,675.75","248,029",,
11/05/12,"2,640.50","2,673.50","2,634.75","2,662.25","2,662.25","251,300",,
11/01/12,"2,686.00","2,694.00","2,641.00","2,641.00","2,641.00","287,864",,
10/31/12,"2,634.25","2,688.75","2,627.25","2,684.75","2,684.75","285,578",,
10/30/12,"2,662.25","2,676.75","2,631.75","2,640.50","2,640.50","326,935",,
10/25/12,"2,651.50","2,669.25","2,604.50","2,659.00","2,659.00","378,539",,
10/24/12,"2,652.50","2,673.50","2,640.25","2,648.00","2,648.00","252,966",,
10/23/12,"2,660.00","2,680.50","2,646.25","2,650.50","2,650.50","261,593",,
10/22/12,"2,691.00","2,695.25","2,651.50","2,660.50","2,660.50","356,710",,
10/21/12,"2,664.50","2,693.00","2,657.50","2,687.75","2,687.75","278,347",,
10/18/12,"2,731.00","2,737.50","2,664.00","2,664.00","2,664.00","338,284",,
10/17/12,"2,771.00","2,774.00","2,727.50","2,732.75","2,732.75","332,954",,
10/16/12,"2,765.75","2,778.75","2,753.50","2,770.50","2,770.50","228,333",,
10/15/12,"2,732.50","2,777.25","2,729.75","2,765.25","2,765.25","235,193",,
10/14/12,"2,713.00","2,736.25","2,705.00","2,731.25","2,731.25","217,875",,
10/11/12,"2,713.75","2,728.25","2,707.25","2,710.00","2,710.00","208,152",,
10/10/12,"2,722.50","2,745.50","2,712.00","2,713.25","2,713.25","248,073",,
10/09/12,"2,735.00","2,743.75","2,717.25","2,722.75","2,722.75","258,892",,
10/08/12,"2,778.75","2,786.75","2,730.00","2,734.00","2,734.00","333,498",,
10/07/12,"2,806.25","2,808.00","2,774.50","2,777.50","2,777.50","191,473",,
10/04/12,"2,822.00","2,840.75","2,799.75","2,804.25","2,804.25","209,852",,
10/03/12,"2,809.00","2,830.00","2,807.75","2,821.50","2,821.50","194,754",,
10/02/12,"2,795.25","2,817.25","2,788.00","2,808.00","2,808.00","203,387",,
10/01/12,"2,787.00","2,807.75","2,772.50","2,795.25","2,795.25","222,226",,
09/30/12,"2,789.00","2,822.50","2,777.75","2,788.25","2,788.25","261,991",,
09/27/12,"2,814.50","2,819.25","2,788.75","2,792.00","2,792.00","242,772",,
09/26/12,"2,774.75","2,821.25","2,774.75","2,814.50","2,814.50","219,259",,
09/25/12,"2,804.25","2,807.25","2,762.25","2,774.25","2,774.25","253,321",,
09/24/12,"2,840.50","2,853.00","2,798.25","2,803.25","2,803.25","235,185",,
09/23/12,"2,852.00","2,857.25","2,826.25","2,838.25","2,838.25","204,718",,
09/20/12,"2,860.75","2,877.50","2,860.50","2,876.00","2,876.00","170,166",,
09/19/12,"2,860.25","2,863.75","2,842.75","2,859.50","2,859.50","44,741",,
09/18/12,"2,858.00","2,872.00","2,849.75","2,859.00","2,859.00","61,131",,
09/17/12,"2,852.75","2,859.75","2,843.75","2,855.50","2,855.50","66,701",,
09/16/12,"2,858.00","2,858.50","2,845.75","2,852.00","2,852.00","111,463",,
09/13/12,"2,827.50","2,865.25","2,826.75","2,856.50","2,856.50","179,812",,
09/12/12,"2,796.00","2,842.00","2,785.25","2,827.50","2,827.50","389,648",,
09/11/12,"2,781.25","2,800.25","2,775.25","2,796.25","2,796.25","255,194",,
09/10/12,"2,784.50","2,799.75","2,777.75","2,779.25","2,779.25","181,217",,
09/09/12,"2,822.25","2,823.75","2,784.50","2,784.50","2,784.50","188,797",,
09/06/12,"2,826.50","2,836.25","2,817.00","2,823.00","2,823.00","194,752",,
09/05/12,"2,767.50","2,829.50","2,766.50","2,825.50","2,825.50","270,232",,
09/04/12,"2,775.25","2,780.75","2,757.00","2,767.50","2,767.50","216,605",,
09/03/12,"2,773.00","2,782.75","2,742.75","2,774.50","2,774.50","239,905",,
08/30/12,"2,755.00","2,785.25","2,745.25","2,771.00","2,771.00","293,090",,
08/29/12,"2,781.25","2,782.50","2,750.25","2,753.75","2,753.75","165,170",,
08/28/12,"2,782.00","2,790.50","2,771.25","2,781.25","2,781.25","134,170",,
08/27/12,"2,783.25","2,790.50","2,771.00","2,780.75","2,780.75","173,035",,
08/26/12,"2,784.00","2,795.75","2,776.50","2,782.75","2,782.75","140,197",,
08/23/12,"2,762.25","2,785.25","2,750.50","2,775.00","2,775.00","188,828",,
08/22/12,"2,782.00","2,792.50","2,754.00","2,761.00","2,761.00","213,607",,
08/21/12,"2,775.50","2,789.75","2,759.00","2,781.25","2,781.25","247,130",,
08/20/12,"2,781.00","2,802.50","2,761.50","2,774.00","2,774.00","242,251",,
08/19/12,"2,774.75","2,784.25","2,767.00","2,780.00","2,780.00","187,197",,
08/16/12,"2,765.75","2,780.50","2,763.25","2,776.00","2,776.00","151,382",,
08/15/12,"2,740.00","2,774.00","2,738.25","2,763.50","2,763.50","208,209",,
08/14/12,"2,725.75","2,740.75","2,718.50","2,738.50","2,738.50","162,515",,
08/13/12,"2,728.00","2,743.00","2,720.75","2,726.75","2,726.75","188,377",,
08/12/12,"2,720.00","2,729.75","2,705.75","2,728.00","2,728.00","148,106",,
08/09/12,"2,718.00","2,723.00","2,702.25","2,721.00","2,721.00","145,597",,
08/08/12,"2,707.25","2,723.25","2,703.50","2,717.75","2,717.75","151,552",,
08/07/12,"2,707.75","2,717.00","2,700.75","2,706.75","2,706.75","176,853",,
08/06/12,"2,687.75","2,723.00","2,686.25","2,710.00","2,710.00","187,004",,
08/05/12,"2,675.00","2,701.75","2,671.75","2,686.50","2,686.50","160,449",,
08/02/12,"2,619.75","2,681.25","2,616.00","2,671.00","2,671.00","225,449",,
08/01/12,"2,625.25","2,648.75","2,600.00","2,618.50","2,618.50","303,243",,
07/31/12,"2,634.75","2,656.25","2,618.50","2,625.00","2,625.00","252,194",,
07/30/12,"2,637.00","2,652.50","2,631.00","2,636.50","2,636.50","215,377",,
07/29/12,"2,640.00","2,657.75","2,628.25","2,635.75","2,635.75","235,413",,
07/26/12,"2,572.75","2,646.00","2,572.50","2,642.00","2,642.00","284,847",,
07/25/12,"2,543.00","2,593.50","2,529.75","2,572.50","2,572.50","290,555",,
07/24/12,"2,555.00","2,560.75","2,516.75","2,543.50","2,543.50","270,731",,
07/23/12,"2,579.25","2,590.00","2,545.00","2,548.50","2,548.50","282,945",,
07/22/12,"2,609.00","2,613.00","2,543.25","2,579.25","2,579.25","276,430",,
07/19/12,"2,653.50","2,657.50","2,612.75","2,613.25","2,613.25","237,989",,
07/18/12,"2,623.00","2,658.00","2,623.00","2,652.25","2,652.25","254,512",,
07/17/12,"2,587.75","2,628.50","2,576.75","2,620.00","2,620.00","244,551",,
07/16/12,"2,571.75","2,594.00","2,548.00","2,587.00","2,587.00","269,331",,
07/15/12,"2,577.25","2,584.50","2,561.25","2,571.50","2,571.50","158,595",,
07/12/12,"2,537.50","2,584.75","2,537.50","2,577.00","2,577.00","187,072",,
07/11/12,"2,563.50","2,569.75","2,516.50","2,537.75","2,537.75","235,274",,
07/10/12,"2,577.50","2,589.25","2,543.00","2,561.50","2,561.50","228,325",,
07/09/12,"2,606.00","2,625.50","2,568.50","2,578.00","2,578.00","250,297",,
07/08/12,"2,602.50","2,615.50","2,591.50","2,606.00","2,606.00","163,428",,
07/05/12,"2,642.50","2,644.75","2,590.50","2,609.00","2,609.00","253,562",,
07/04/12,"2,641.00","2,655.75","2,621.00","2,642.50","2,642.50","219,466",,
07/03/12,"2,615.00","2,642.50","2,613.50","2,641.50","2,641.50","105,725",,
07/01/12,"2,612.00","2,620.25","2,599.50","2,614.25","2,614.25","187,657",,
06/28/12,"2,528.25","2,616.25","2,518.75","2,609.75","2,609.75","252,211",,
06/27/12,"2,559.00","2,564.75","2,503.50","2,527.75","2,527.75","264,989",,
06/26/12,"2,548.25","2,571.50","2,542.50","2,557.75","2,557.75","184,611",,
06/25/12,"2,528.25","2,551.75","2,525.25","2,548.25","2,548.25","194,181",,
06/24/12,"2,573.75","2,577.25","2,521.00","2,526.50","2,526.50","186,964",,
06/21/12,"2,552.25","2,581.75","2,548.50","2,573.50","2,573.50","253,677",,
06/20/12,"2,618.25","2,620.50","2,548.50","2,551.75","2,551.75","289,047",,
06/19/12,"2,612.00","2,628.25","2,597.50","2,617.25","2,617.25","257,546",,
06/18/12,"2,589.25","2,626.00","2,585.00","2,612.50","2,612.50","218,312",,
06/17/12,"2,580.25","2,594.50","2,549.25","2,587.50","2,587.50","215,740",,
06/14/12,"2,542.00","2,554.00","2,539.25","2,547.50","2,547.50","223,665",,
06/13/12,"2,529.75","2,548.25","2,515.00","2,540.50","2,540.50","47,893",,
06/12/12,"2,549.25","2,557.75","2,519.50","2,528.00","2,528.00","78,437",,
06/11/12,"2,516.75","2,551.75","2,510.25","2,550.25","2,550.25","103,670",,
06/10/12,"2,587.00","2,604.00","2,513.50","2,515.25","2,515.25","152,735",,
06/07/12,"2,536.75","2,564.25","2,517.75","2,562.50","2,562.50","131,002",,
06/06/12,"2,551.00","2,570.50","2,532.00","2,536.25","2,536.25","274,330",,
06/05/12,"2,490.25","2,551.75","2,487.00","2,550.00","2,550.00","279,489",,
06/04/12,"2,471.75","2,492.00","2,459.50","2,488.75","2,488.75","209,961",,
06/03/12,"2,460.00","2,480.25","2,433.75","2,469.00","2,469.00","283,657",,
05/31/12,"2,520.00","2,522.00","2,454.00","2,455.00","2,455.00","362,792",,
05/30/12,"2,531.75","2,542.50","2,506.00","2,524.00","2,524.00","307,420",,
05/29/12,"2,560.00","2,561.00","2,520.25","2,530.75","2,530.75","307,814",,
05/28/12,"2,533.25","2,570.00","2,531.50","2,559.50","2,559.50","289,944",,
05/24/12,"2,536.25","2,551.50","2,518.25","2,524.00","2,524.00","186,910",,
05/23/12,"2,540.75","2,556.25","2,510.25","2,536.25","2,536.25","287,392",,
05/22/12,"2,536.75","2,552.25","2,497.50","2,540.50","2,540.50","313,137",,
05/21/12,"2,544.75","2,561.50","2,522.25","2,535.25","2,535.25","293,161",,
05/20/12,"2,472.50","2,546.50","2,465.00","2,543.50","2,543.50","299,364",,
05/17/12,"2,507.00","2,521.75","2,468.00","2,468.25","2,468.25","421,401",,
05/16/12,"2,559.75","2,571.00","2,504.75","2,504.75","2,504.75","348,697",,
05/15/12,"2,579.00","2,596.00","2,556.25","2,557.50","2,557.50","283,940",,
05/14/12,"2,587.00","2,616.25","2,574.50","2,578.25","2,578.25","324,953",,
05/13/12,"2,602.00","2,613.00","2,583.50","2,585.00","2,585.00","245,850",,
05/10/12,"2,619.25","2,640.25","2,597.50","2,610.75","2,610.75","266,269",,
05/09/12,"2,619.25","2,636.50","2,601.00","2,618.75","2,618.75","312,502",,
05/08/12,"2,624.25","2,632.25","2,584.25","2,619.25","2,619.25","373,576",,
05/07/12,"2,636.75","2,641.75","2,583.25","2,622.75","2,622.75","328,108",,
05/06/12,"2,610.25","2,648.25","2,586.50","2,636.50","2,636.50","238,011",,
05/03/12,"2,695.25","2,700.50","2,625.25","2,625.50","2,625.50","320,105",,
05/02/12,"2,728.00","2,738.25","2,692.00","2,692.00","2,692.00","274,369",,
05/01/12,"2,718.00","2,732.00","2,702.50","2,727.50","2,727.50","221,305",,
04/30/12,"2,719.50","2,753.00","2,710.50","2,718.50","2,718.50","180,909",,
04/29/12,"2,741.00","2,744.25","2,715.50","2,719.25","2,719.25","198,658",,
04/26/12,"2,719.50","2,746.00","2,708.75","2,736.75","2,736.75","211,998",,
04/25/12,"2,704.50","2,727.00","2,695.00","2,720.25","2,720.25","206,885",,
04/24/12,"2,632.50","2,706.75","2,632.00","2,704.50","2,704.50","339,631",,
04/23/12,"2,651.25","2,666.00","2,624.75","2,632.50","2,632.50","265,558",,
04/22/12,"2,671.00","2,675.00","2,625.00","2,650.25","2,650.25","318,640",,
04/19/12,"2,685.75","2,708.00","2,669.75","2,674.25","2,674.25","292,572",,
04/18/12,"2,698.25","2,735.00","2,671.50","2,683.50","2,683.50","435,456",,
04/17/12,"2,713.50","2,728.25","2,694.50","2,694.50","2,694.50","285,992",,
04/16/12,"2,665.00","2,728.25","2,654.25","2,712.75","2,712.75","300,859",,
04/15/12,"2,694.75","2,710.00","2,656.50","2,663.75","2,663.75","396,998",,
04/12/12,"2,738.50","2,742.75","2,691.00","2,693.50","2,693.50","293,032",,
04/11/12,"2,706.25","2,740.25","2,704.75","2,738.75","2,738.75","283,699",,
04/10/12,"2,698.50","2,723.75","2,697.50","2,704.25","2,704.25","270,038",,
04/09/12,"2,728.75","2,746.00","2,684.25","2,697.00","2,697.00","383,510",,
04/08/12,"2,725.75","2,748.00","2,718.75","2,728.50","2,728.50","192,709",,
04/04/12,"2,738.50","2,760.75","2,722.50","2,753.75","2,753.75","225,937",,
04/03/12,"2,780.50","2,781.00","2,724.75","2,736.50","2,736.50","273,624",,
04/02/12,"2,777.00","2,791.50","2,763.00","2,779.00","2,779.00","252,462",,
04/01/12,"2,758.00","2,783.75","2,743.50","2,777.00","2,777.00","210,984",,
03/29/12,"2,759.00","2,773.25","2,740.25","2,750.75","2,750.75","209,242",,
03/28/12,"2,765.25","2,773.25","2,737.00","2,758.25","2,758.25","246,572",,
03/27/12,"2,776.25","2,790.25","2,750.25","2,768.00","2,768.00","238,252",,
03/26/12,"2,775.75","2,789.50","2,772.00","2,775.75","2,775.75","179,109",,
03/25/12,"2,729.75","2,778.00","2,729.00","2,777.00","2,777.00","202,381",,
03/22/12,"2,732.50","2,746.50","2,710.75","2,728.75","2,728.75","198,235",,
03/21/12,"2,734.75","2,740.75","2,715.50","2,731.25","2,731.25","233,139",,
03/20/12,"2,736.25","2,748.50","2,730.00","2,735.25","2,735.25","210,535",,
03/19/12,"2,729.25","2,738.00","2,707.25","2,735.50","2,735.50","212,356",,
03/18/12,"2,708.50","2,735.00","2,700.25","2,727.75","2,727.75","229,820",,
03/15/12,"2,714.50","2,724.00","2,712.25","2,719.75","2,719.75","196,864",,
03/14/12,"2,705.00","2,721.25","2,701.00","2,715.75","2,715.75","59,061",,
03/13/12,"2,697.50","2,717.50","2,690.25","2,706.25","2,706.25","86,543",,
03/12/12,"2,650.50","2,700.50","2,649.75","2,697.75","2,697.75","147,067",,
03/11/12,"2,649.25","2,652.50","2,635.25","2,651.50","2,651.50","122,352",,
03/09/12,"2,637.50","2,652.50","2,631.50","2,648.50","2,648.50","126,691",,
03/08/12,"2,608.00","2,644.25","2,604.50","2,637.75","2,637.75","286,625",,
03/07/12,"2,589.75","2,614.50","2,588.25","2,608.75","2,608.75","260,566",,
03/06/12,"2,615.75","2,617.50","2,575.00","2,589.50","2,589.50","285,518",,
03/05/12,"2,639.75","2,645.00","2,605.50","2,616.00","2,616.00","223,081",,
03/02/12,"2,644.50","2,650.00","2,632.75","2,643.50","2,643.50","179,764",,
03/01/12,"2,623.75","2,646.25","2,616.50","2,643.25","2,643.25","257,365",,
02/29/12,"2,632.25","2,645.25","2,614.25","2,623.00","2,623.00","258,510",,
02/28/12,"2,609.50","2,635.00","2,607.50","2,632.00","2,632.00","199,721",,
02/27/12,"2,602.50","2,616.75","2,578.75","2,608.00","2,608.00","209,203",,
02/24/12,"2,600.25","2,609.50","2,598.00","2,601.50","2,601.50","147,647",,
02/23/12,"2,579.00","2,602.00","2,569.25","2,600.75","2,600.75","229,551",,
02/22/12,"2,590.25","2,600.50","2,575.25","2,578.75","2,578.75","186,677",,
02/21/12,"2,593.75","2,601.75","2,574.25","2,591.00","2,591.00","187,245",,
02/17/12,"2,593.75","2,597.50","2,572.00","2,582.00","2,582.00","216,108",,
02/16/12,"2,556.50","2,594.25","2,542.75","2,593.50","2,593.50","313,173",,
02/15/12,"2,576.50","2,600.50","2,552.50","2,557.50","2,557.50","393,394",,
02/14/12,"2,569.50","2,577.50","2,553.25","2,576.00","2,576.00","193,336",,
02/13/12,"2,556.75","2,571.25","2,551.75","2,567.75","2,567.75","165,757",,
02/10/12,"2,561.25","2,561.25","2,535.25","2,548.50","2,548.50","228,662",,
02/09/12,"2,545.00","2,565.00","2,535.25","2,561.00","2,561.00","244,811",,
02/08/12,"2,528.75","2,547.50","2,521.00","2,544.75","2,544.75","198,952",,
02/07/12,"2,524.75","2,534.75","2,511.75","2,529.25","2,529.25","176,247",,
02/06/12,"2,519.75","2,526.25","2,510.50","2,525.75","2,525.75","156,417",,
02/03/12,"2,492.00","2,530.00","2,489.75","2,523.00","2,523.00","168,427",,
02/02/12,"2,488.50","2,500.75","2,479.50","2,491.50","2,491.50","191,477",,
02/01/12,"2,455.00","2,494.25","2,453.50","2,487.50","2,487.50","206,687",,
01/31/12,"2,462.25","2,478.50","2,448.75","2,464.25","2,464.25","271,817",,
01/30/12,"2,460.00","2,465.50","2,429.25","2,462.00","2,462.00","182,360",,
01/27/12,"2,453.00","2,464.50","2,444.75","2,456.25","2,456.25","169,927",,
01/26/12,"2,460.25","2,476.00","2,440.75","2,453.25","2,453.25","186,795",,
01/25/12,"2,438.00","2,469.00","2,436.75","2,460.50","2,460.50","249,740",,
01/24/12,"2,435.50","2,439.75","2,419.50","2,437.50","2,437.50","146,667",,
01/23/12,"2,430.00","2,452.25","2,420.75","2,435.00","2,435.00","165,315",,
01/20/12,"2,428.00","2,437.00","2,422.75","2,434.75","2,434.75","153,095",,
01/19/12,"2,420.25","2,442.50","2,418.50","2,425.25","2,425.25","185,083",,
01/18/12,"2,390.25","2,423.00","2,387.75","2,420.50","2,420.50","214,767",,
01/17/12,"2,367.25","2,401.00","2,361.50","2,389.75","2,389.75","190,236",,
01/13/12,"2,378.00","2,386.75","2,348.50","2,373.50","2,373.50","199,235",,
01/12/12,"2,367.00","2,383.00","2,355.75","2,378.50","2,378.50","160,555",,
01/11/12,"2,363.25","2,373.25","2,352.50","2,367.00","2,367.00","173,538",,
01/10/12,"2,346.50","2,378.25","2,346.25","2,363.50","2,363.50","147,334",,
01/09/12,"2,353.25","2,363.50","2,338.50","2,346.75","2,346.75","152,188",,
01/06/12,"2,340.25","2,358.75","2,332.50","2,352.25","2,352.25","158,875",,
01/05/12,"2,329.00","2,347.50","2,309.25","2,339.50","2,339.50","195,109",,
01/04/12,"2,316.25","2,329.50","2,302.50","2,328.75","2,328.75","142,882",,
01/03/12,"2,312.50","2,328.25","2,308.00","2,316.00","2,316.00","177,461",,
12/30/11,"2,278.25","2,284.50","2,270.25","2,274.50","2,274.50","69,032",,
12/29/11,"2,262.25","2,282.00","2,258.25","2,277.25","2,277.25","100,733",,
12/28/11,"2,284.50","2,292.25","2,253.75","2,259.50","2,259.50","128,306",,
12/27/11,"2,280.00","2,296.50","2,275.00","2,284.50","2,284.50","73,764",,
12/23/11,"2,262.00","2,283.25","2,260.25","2,278.50","2,278.50","72,450",,
12/22/11,"2,241.00","2,264.25","2,234.50","2,260.75","2,260.75","128,977",,
12/21/11,"2,269.50","2,291.25","2,217.75","2,239.00","2,239.00","248,778",,
12/20/11,"2,214.00","2,283.25","2,212.25","2,266.75","2,266.75","227,829",,
12/19/11,"2,235.00","2,251.00","2,204.25","2,212.50","2,212.50","183,913",,
12/16/11,"2,223.25","2,249.00","2,223.25","2,242.25","2,242.25","214,925",,
12/15/11,"2,231.00","2,255.75","2,219.50","2,227.00","2,227.00","39,569",,
12/14/11,"2,271.00","2,279.75","2,220.00","2,232.25","2,232.25","80,080",,
12/13/11,"2,294.25","2,318.00","2,258.25","2,271.00","2,271.00","101,723",,
12/12/11,"2,321.50","2,325.50","2,273.25","2,294.00","2,294.00","95,705",,
12/09/11,"2,284.25","2,327.00","2,269.00","2,322.00","2,322.00","124,579",,
12/08/11,"2,322.75","2,341.00","2,277.75","2,285.25","2,285.25","215,994",,
12/07/11,"2,322.00","2,343.75","2,291.50","2,321.50","2,321.50","265,639",,
12/06/11,"2,320.00","2,341.50","2,312.75","2,321.50","2,321.50","212,669",,
12/05/11,"2,309.00","2,343.75","2,309.00","2,325.00","2,325.00","228,283",,
12/02/11,"2,309.25","2,344.75","2,300.75","2,303.25","2,303.25","201,365",,
12/01/11,"2,293.25","2,315.50","2,284.00","2,309.25","2,309.25","226,157",,
11/30/11,"2,212.00","2,296.50","2,196.25","2,295.00","2,295.00","296,698",,
11/29/11,"2,221.00","2,245.00","2,205.25","2,212.50","2,212.50","272,608",,
11/28/11,"2,183.00","2,228.00","2,178.25","2,221.00","2,221.00","288,245",,
11/25/11,"2,164.50","2,184.50","2,135.75","2,147.50","2,147.50","162,261",,
11/23/11,"2,214.00","2,216.75","2,161.00","2,161.00","2,161.00","252,323",,
11/22/11,"2,215.25","2,226.75","2,190.75","2,214.25","2,214.25","264,163",,
11/21/11,"2,244.00","2,244.00","2,187.00","2,213.50","2,213.50","300,992",,
11/18/11,"2,270.00","2,290.00","2,249.00","2,249.75","2,249.75","257,930",,
11/17/11,"2,314.25","2,332.75","2,256.00","2,268.25","2,268.25","369,831",,
11/16/11,"2,361.50","2,371.50","2,312.25","2,313.75","2,313.75","285,487",,
11/15/11,"2,343.25","2,374.25","2,310.00","2,359.75","2,359.75","257,276",,
11/14/11,"2,355.00","2,366.50","2,329.75","2,343.00","2,343.00","184,831",,
11/11/11,"2,308.50","2,360.25","2,301.50","2,350.25","2,350.25","187,760",,
11/10/11,"2,312.25","2,344.00","2,286.50","2,303.50","2,303.50","301,449",,
11/09/11,"2,394.75","2,397.50","2,302.50","2,311.00","2,311.00","337,138",,
11/08/11,"2,369.00","2,399.50","2,355.25","2,394.50","2,394.50","251,312",,
11/07/11,"2,351.00","2,371.50","2,319.50","2,369.75","2,369.75","245,858",,
11/03/11,"2,362.00","2,364.50","2,327.00","2,351.00","2,351.00","235,043",,
11/02/11,"2,317.00","2,366.50","2,279.00","2,361.00","2,361.00","322,415",,
11/01/11,"2,303.00","2,329.75","2,293.25","2,314.50","2,314.50","285,448",,
10/31/11,"2,353.25","2,355.75","2,282.75","2,303.50","2,303.50","445,641",,
10/30/11,"2,397.75","2,398.00","2,350.50","2,356.00","2,356.00","243,862",,
10/27/11,"2,393.75","2,401.75","2,378.50","2,396.50","2,396.50","213,787",,
10/26/11,"2,329.75","2,408.75","2,329.00","2,393.75","2,393.75","329,377",,
10/25/11,"2,323.25","2,350.25","2,286.75","2,326.50","2,326.50","322,352",,
10/24/11,"2,375.00","2,386.75","2,316.00","2,321.75","2,321.75","325,017",,
10/23/11,"2,326.75","2,385.75","2,320.25","2,374.75","2,374.75","241,760",,
10/20/11,"2,297.00","2,345.50","2,296.00","2,334.25","2,334.25","259,719",,
10/19/11,"2,316.25","2,332.75","2,268.50","2,301.00","2,301.00","351,193",,
10/18/11,"2,365.25","2,368.25","2,305.75","2,318.00","2,318.00","332,866",,
10/17/11,"2,321.00","2,371.50","2,304.75","2,363.75","2,363.75","381,902",,
10/16/11,"2,367.25","2,388.50","2,317.00","2,321.00","2,321.00","314,777",,
10/13/11,"2,326.25","2,369.00","2,320.25","2,367.25","2,367.25","274,440",,
10/12/11,"2,299.75","2,336.25","2,289.00","2,326.00","2,326.00","315,723",,
10/11/11,"2,287.00","2,329.00","2,274.50","2,296.50","2,296.50","304,865",,
10/10/11,"2,275.25","2,296.25","2,262.25","2,288.50","2,288.50","243,144",,
10/09/11,"2,206.00","2,277.25","2,203.00","2,276.75","2,276.75","223,258",,
10/06/11,"2,204.50","2,227.00","2,183.75","2,201.75","2,201.75","354,155",,
10/05/11,"2,167.25","2,213.75","2,148.50","2,204.75","2,204.75","386,531",,
10/04/11,"2,112.75","2,182.00","2,099.25","2,167.50","2,167.50","402,321",,
10/03/11,"2,067.25","2,126.75","2,035.75","2,113.50","2,113.50","537,716",,
10/02/11,"2,126.50","2,148.00","2,062.75","2,065.25","2,065.25","453,776",,
09/29/11,"2,193.00","2,198.50","2,122.25","2,134.50","2,134.50","386,656",,
09/28/11,"2,217.25","2,259.75","2,152.50","2,189.50","2,189.50","405,111",,
09/27/11,"2,252.25","2,275.75","2,212.00","2,218.50","2,218.50","325,688",,
09/26/11,"2,226.50","2,285.25","2,221.25","2,254.00","2,254.00","351,571",,
09/25/11,"2,190.50","2,232.50","2,162.25","2,226.00","2,226.00","390,098",,
09/22/11,"2,177.75","2,210.25","2,134.00","2,202.00","2,202.00","398,446",,
09/21/11,"2,245.75","2,249.50","2,144.50","2,174.50","2,174.50","581,136",,
09/20/11,"2,297.00","2,318.00","2,244.25","2,245.50","2,245.50","353,504",,
09/19/11,"2,298.75","2,332.50","2,283.75","2,296.50","2,296.50","325,787",,
09/18/11,"2,288.00","2,314.50","2,254.25","2,301.00","2,301.00","317,744",,
09/15/11,"2,290.25","2,298.50","2,275.50","2,292.79","2,292.79","313,377",,
09/14/11,"2,252.00","2,292.50","2,245.00","2,290.00","2,290.00","68,386",,
09/13/11,"2,221.00","2,278.25","2,191.75","2,252.00","2,252.00","94,261",,
09/12/11,"2,194.75","2,225.75","2,166.75","2,220.75","2,220.75","114,565",,
09/11/11,"2,159.75","2,198.75","2,122.00","2,195.00","2,195.00","125,382",,
09/08/11,"2,216.00","2,227.75","2,149.75","2,169.00","2,169.00","143,421",,
09/07/11,"2,223.00","2,244.00","2,205.25","2,216.75","2,216.75","254,052",,
09/06/11,"2,165.50","2,224.50","2,164.75","2,222.00","2,222.00","252,548",,
09/05/11,"2,159.50","2,171.25","2,108.25","2,165.25","2,165.25","341,285",,
09/01/11,"2,217.00","2,221.75","2,155.75","2,164.75","2,164.75","271,645",,
08/31/11,"2,243.50","2,263.75","2,215.50","2,217.25","2,217.25","262,316",,
08/30/11,"2,226.00","2,268.50","2,221.25","2,240.75","2,240.75","285,780",,
08/29/11,"2,219.50","2,249.50","2,201.25","2,227.00","2,227.00","254,838",,
08/28/11,"2,164.00","2,225.00","2,158.00","2,220.00","2,220.00","198,317",,
08/25/11,"2,111.00","2,169.00","2,080.75","2,164.00","2,164.00","344,089",,
08/24/11,"2,138.75","2,152.00","2,101.00","2,111.00","2,111.00","308,466",,
08/23/11,"2,124.00","2,147.50","2,096.25","2,139.00","2,139.00","270,378",,
08/22/11,"2,046.75","2,129.25","2,037.00","2,124.00","2,124.00","273,713",,
08/21/11,"2,041.00","2,085.50","2,022.25","2,044.00","2,044.00","254,177",,
08/18/11,"2,084.75","2,102.00","2,033.75","2,041.00","2,041.00","374,568",,
08/17/11,"2,175.75","2,175.75","2,053.00","2,082.00","2,082.00","444,399",,
08/16/11,"2,198.00","2,214.00","2,157.25","2,175.25","2,175.25","273,534",,
08/15/11,"2,204.50","2,211.25","2,163.50","2,199.00","2,199.00","294,934",,
08/14/11,"2,183.75","2,211.50","2,176.50","2,206.50","2,206.50","224,281",,
08/11/11,"2,158.00","2,192.50","2,114.00","2,177.50","2,177.50","292,340",,
08/10/11,"2,082.75","2,184.50","2,057.50","2,158.00","2,158.00","421,381",,
08/09/11,"2,154.00","2,168.25","2,065.75","2,085.00","2,085.00","543,270",,
08/08/11,"2,043.00","2,161.25","1,972.25","2,155.00","2,155.00","715,540",,
08/07/11,"2,145.00","2,170.75","2,031.50","2,038.00","2,038.00","731,047",,
08/04/11,"2,213.75","2,239.25","2,128.75","2,187.00","2,187.00","683,266",,
08/03/11,"2,303.75","2,319.50","2,195.00","2,209.50","2,209.50","536,231",,
08/02/11,"2,290.00","2,314.50","2,253.00","2,302.50","2,302.50","448,373",,
08/01/11,"2,347.25","2,355.25","2,285.75","2,288.25","2,288.25","340,611",,
07/31/11,"2,386.00","2,395.00","2,320.75","2,346.00","2,346.00","356,651",,
07/28/11,"2,370.75","2,385.25","2,338.00","2,359.25","2,359.25","335,802",,
07/27/11,"2,360.00","2,398.75","2,355.75","2,370.00","2,370.00","287,066",,
07/26/11,"2,424.50","2,425.75","2,358.25","2,357.75","2,357.75","328,563",,
07/25/11,"2,423.00","2,435.50","2,412.75","2,423.50","2,423.50","185,139",,
07/24/11,"2,417.75","2,434.50","2,380.00","2,423.50","2,423.50","195,167",,
07/21/11,"2,402.50","2,429.75","2,396.25","2,428.00","2,428.00","184,217",,
07/20/11,"2,381.75","2,414.50","2,365.00","2,410.00","2,410.00","278,950",,
07/19/11,"2,389.75","2,413.50","2,381.00","2,381.75","2,381.75","253,753",,
07/18/11,"2,341.75","2,399.75","2,339.00","2,389.00","2,389.00","275,586",,
07/17/11,"2,354.50","2,355.25","2,318.75","2,340.00","2,340.00","249,078",,
07/14/11,"2,338.00","2,358.75","2,331.50","2,355.50","2,355.50","254,820",,
07/13/11,"2,345.75","2,368.25","2,314.50","2,334.00","2,334.00","344,083",,
07/12/11,"2,344.50","2,375.00","2,337.75","2,344.50","2,344.50","267,288",,
07/11/11,"2,365.75","2,366.50","2,330.50","2,344.50","2,344.50","304,899",,
07/10/11,"2,404.25","2,404.25","2,351.25","2,367.00","2,367.00","280,079",,
07/07/11,"2,415.25","2,421.75","2,375.75","2,408.50","2,408.50","283,491",,
07/06/11,"2,376.00","2,416.00","2,375.75","2,415.50","2,415.50","214,745",,
07/05/11,"2,370.00","2,380.75","2,358.50","2,375.25","2,375.25","257,899",,
07/04/11,"2,355.00","2,372.00","2,351.50","2,372.00","2,372.00","249,553",,
06/30/11,"2,318.75","2,360.75","2,316.75","2,355.25","2,355.25","238,609",,
06/29/11,"2,293.25","2,323.50","2,287.50","2,321.00","2,321.00","201,935",,
06/28/11,"2,283.00","2,300.50","2,274.75","2,294.00","2,294.00","252,700",,
06/27/11,"2,250.50","2,285.00","2,241.50","2,284.00","2,284.00","237,750",,
06/26/11,"2,208.75","2,260.00","2,191.50","2,249.00","2,249.00","287,433",,
06/23/11,"2,237.50","2,258.50","2,206.75","2,207.75","2,207.75","316,081",,
06/22/11,"2,229.00","2,253.50","2,199.50","2,237.50","2,237.50","415,542",,
06/21/11,"2,243.25","2,250.75","2,228.75","2,229.50","2,229.50","223,745",,
06/20/11,"2,199.50","2,249.75","2,198.00","2,244.00","2,244.00","339,993",,
06/19/11,"2,189.50","2,207.00","2,174.00","2,200.00","2,200.00","215,125",,
06/16/11,"2,199.75","2,220.00","2,191.75","2,225.78","2,225.78","308,529",,
06/15/11,"2,211.50","2,217.50","2,180.75","2,199.25","2,199.25","44,964",,
06/14/11,"2,249.50","2,250.25","2,204.25","2,209.00","2,209.00","71,822",,
06/13/11,"2,226.00","2,256.25","2,220.25","2,250.75","2,250.75","119,162",,
06/12/11,"2,217.00","2,234.00","2,214.50","2,223.25","2,223.25","91,589",,
06/09/11,"2,252.50","2,255.75","2,218.50","2,221.25","2,221.25","136,078",,
06/08/11,"2,250.75","2,267.50","2,245.50","2,252.50","2,252.50","186,589",,
06/07/11,"2,273.50","2,278.00","2,246.75","2,248.00","2,248.00","274,206",,
06/06/11,"2,274.00","2,288.25","2,268.00","2,273.75","2,273.75","226,064",,
06/05/11,"2,288.50","2,299.25","2,271.25","2,274.00","2,274.00","222,242",,
06/02/11,"2,325.75","2,328.00","2,284.75","2,287.50","2,287.50","288,850",,
06/01/11,"2,320.50","2,335.50","2,313.75","2,326.00","2,326.00","278,595",,
05/31/11,"2,375.50","2,380.75","2,318.00","2,319.50","2,319.50","325,409",,
05/30/11,"2,331.25","2,377.75","2,330.75","2,371.75","2,371.75","251,027",,
05/26/11,"2,326.50","2,338.50","2,322.25","2,332.50","2,332.50","154,910",,
05/25/11,"2,309.75","2,331.00","2,302.00","2,325.25","2,325.25","246,269",,
05/24/11,"2,300.75","2,320.75","2,281.00","2,309.50","2,309.50","261,109",,
05/23/11,"2,315.50","2,324.25","2,298.75","2,301.75","2,301.75","244,139",,
05/22/11,"2,341.50","2,342.75","2,304.25","2,315.50","2,315.50","247,592",,
05/19/11,"2,368.50","2,372.75","2,342.25","2,343.50","2,343.50","257,419",,
05/18/11,"2,362.00","2,373.25","2,353.50","2,369.00","2,369.00","228,801",,
05/17/11,"2,341.25","2,365.00","2,333.50","2,361.50","2,361.50","232,300",,
05/16/11,"2,333.75","2,346.00","2,318.25","2,337.25","2,337.25","338,037",,
05/15/11,"2,366.00","2,372.75","2,329.25","2,334.50","2,334.50","405,609",,
05/12/11,"2,408.00","2,414.25","2,369.00","2,370.00","2,370.00","300,837",,
05/11/11,"2,393.75","2,409.25","2,369.00","2,407.00","2,407.00","288,507",,
05/10/11,"2,407.50","2,415.25","2,374.00","2,393.50","2,393.50","297,723",,
05/09/11,"2,386.25","2,412.00","2,382.75","2,409.25","2,409.25","291,892",,
05/08/11,"2,378.00","2,398.00","2,374.00","2,386.50","2,386.50","265,715",,
05/05/11,"2,378.50","2,409.75","2,372.75","2,373.50","2,373.50","358,939",,
05/04/11,"2,385.00","2,399.75","2,363.50","2,379.00","2,379.00","393,338",,
05/03/11,"2,389.75","2,396.00","2,364.75","2,384.00","2,384.00","300,764",,
05/02/11,"2,402.75","2,403.00","2,374.00","2,389.75","2,389.75","287,245",,
05/01/11,"2,408.00","2,428.00","2,393.50","2,401.50","2,401.50","286,554",,
04/28/11,"2,401.00","2,412.50","2,397.25","2,400.75","2,400.75","164,125",,
04/27/11,"2,409.25","2,415.75","2,396.25","2,401.75","2,401.75","229,280",,
04/26/11,"2,388.00","2,412.75","2,387.25","2,409.00","2,409.00","213,497",,
04/25/11,"2,377.25","2,402.00","2,372.75","2,384.75","2,384.75","226,453",,
04/24/11,"2,373.00","2,382.25","2,371.75","2,377.50","2,377.50","115,169",,
04/20/11,"2,356.00","2,382.75","2,356.00","2,375.50","2,375.50","242,215",,
04/19/11,"2,313.75","2,363.75","2,313.00","2,355.00","2,355.00","307,353",,
04/18/11,"2,289.00","2,317.50","2,277.75","2,311.00","2,311.00","226,895",,
04/17/11,"2,308.00","2,310.00","2,250.25","2,290.00","2,290.00","376,034",,
04/14/11,"2,301.75","2,313.75","2,289.25","2,309.75","2,309.75","236,995",,
04/13/11,"2,309.00","2,312.00","2,287.50","2,300.75","2,300.75","291,384",,
04/12/11,"2,292.25","2,319.50","2,291.50","2,308.50","2,308.50","287,483",,
04/11/11,"2,309.50","2,310.00","2,285.00","2,293.00","2,293.00","288,991",,
04/10/11,"2,322.75","2,334.00","2,302.00","2,308.00","2,308.00","224,000",,
04/07/11,"2,329.00","2,342.75","2,304.75","2,318.00","2,318.00","231,045",,
04/06/11,"2,325.50","2,344.25","2,311.75","2,329.25","2,329.25","299,965",,
04/05/11,"2,324.00","2,350.00","2,316.75","2,325.50","2,325.50","260,050",,
04/04/11,"2,341.00","2,343.00","2,318.25","2,323.25","2,323.25","246,330",,
04/03/11,"2,337.25","2,349.75","2,322.00","2,340.50","2,340.50","213,559",,
03/31/11,"2,339.00","2,358.00","2,333.25","2,338.50","2,338.50","227,985",,
03/30/11,"2,334.25","2,341.50","2,327.50","2,336.25","2,336.25","177,992",,
03/29/11,"2,322.25","2,343.25","2,320.25","2,334.50","2,334.50","181,624",,
03/28/11,"2,296.75","2,324.75","2,289.50","2,322.50","2,322.50","221,150",,
03/27/11,"2,316.25","2,328.50","2,294.75","2,295.75","2,295.75","205,806",,
03/24/11,"2,305.50","2,335.00","2,304.00","2,317.00","2,317.00","256,984",,
03/23/11,"2,265.00","2,313.50","2,262.25","2,308.50","2,308.50","289,374",,
03/22/11,"2,256.00","2,274.75","2,232.00","2,265.00","2,265.00","277,187",,
03/21/11,"2,256.25","2,264.25","2,249.25","2,257.25","2,257.25","214,276",,
03/20/11,"2,223.00","2,271.50","2,219.00","2,254.50","2,254.50","250,481",,
03/17/11,"2,224.00","2,255.50","2,218.00","2,242.96","2,242.96","356,862",,
03/16/11,"2,210.50","2,248.00","2,188.25","2,228.50","2,228.50","47,083",,
03/15/11,"2,249.00","2,264.25","2,188.50","2,211.00","2,211.00","103,742",,
03/14/11,"2,292.25","2,296.50","2,216.25","2,247.50","2,247.50","92,079",,
03/13/11,"2,296.50","2,304.75","2,273.50","2,292.00","2,292.00","108,276",,
03/11/11,"2,282.50","2,306.25","2,265.00","2,305.25","2,305.25","140,465",,
03/10/11,"2,312.25","2,315.50","2,275.25","2,283.00","2,283.00","346,788",,
03/09/11,"2,332.75","2,340.50","2,308.25","2,310.50","2,310.50","374,399",,
03/08/11,"2,324.00","2,348.00","2,310.50","2,333.75","2,333.75","363,782",,
03/07/11,"2,360.25","2,374.25","2,306.25","2,324.50","2,324.50","402,341",,
03/04/11,"2,371.25","2,378.75","2,344.25","2,359.75","2,359.75","299,221",,
03/03/11,"2,322.00","2,376.00","2,321.25","2,371.75","2,371.75","288,788",,
03/02/11,"2,311.25","2,341.00","2,301.75","2,323.25","2,323.25","335,530",,
03/01/11,"2,351.00","2,371.75","2,307.50","2,311.50","2,311.50","349,697",,
02/28/11,"2,345.25","2,363.00","2,334.75","2,350.75","2,350.75","232,535",,
02/25/11,"2,310.00","2,350.25","2,305.50","2,345.75","2,345.75","244,697",,
02/24/11,"2,302.75","2,321.00","2,280.25","2,308.25","2,308.25","362,545",,
02/23/11,"2,322.00","2,334.75","2,285.00","2,303.50","2,303.50","407,845",,
02/22/11,"2,393.50","2,394.00","2,315.50","2,321.75","2,321.75","450,245",,
02/18/11,"2,393.75","2,400.50","2,382.00","2,395.00","2,395.00","183,849",,
02/17/11,"2,392.00","2,400.75","2,383.50","2,393.50","2,393.50","197,725",,
02/16/11,"2,381.25","2,403.00","2,379.75","2,392.00","2,392.00","230,670",,
02/15/11,"2,381.75","2,385.50","2,370.75","2,381.50","2,381.50","166,706",,
02/14/11,"2,376.25","2,387.50","2,375.50","2,381.75","2,381.75","153,281",,
02/11/11,"2,360.00","2,380.50","2,347.75","2,378.25","2,378.25","191,884",,
02/10/11,"2,357.00","2,365.00","2,338.25","2,361.75","2,361.75","334,186",,
02/09/11,"2,362.50","2,365.50","2,350.50","2,362.25","2,362.25","198,569",,
02/08/11,"2,343.75","2,364.00","2,341.25","2,362.75","2,362.75","187,536",,
02/07/11,"2,337.75","2,359.75","2,334.50","2,345.00","2,345.00","240,695",,
02/04/11,"2,322.25","2,339.50","2,316.50","2,337.50","2,337.50","224,139",,
02/03/11,"2,319.00","2,326.25","2,295.75","2,321.75","2,321.75","258,037",,
02/02/11,"2,320.75","2,327.75","2,312.00","2,319.75","2,319.75","193,313",,
02/01/11,"2,284.00","2,328.25","2,281.25","2,322.50","2,322.50","300,511",,
01/31/11,"2,265.50","2,286.00","2,248.50","2,280.00","2,280.00","316,720",,
01/28/11,"2,322.00","2,331.00","2,258.00","2,268.00","2,268.00","434,902",,
01/27/11,"2,318.00","2,334.50","2,313.25","2,323.00","2,323.00","242,547",,
01/26/11,"2,300.25","2,320.00","2,298.00","2,318.50","2,318.50","218,232",,
01/25/11,"2,298.00","2,303.25","2,281.25","2,301.25","2,301.25","250,703",,
01/24/11,"2,268.75","2,300.75","2,264.50","2,298.00","2,298.00","222,971",,
01/21/11,"2,281.75","2,300.25","2,265.75","2,269.00","2,269.00","252,574",,
01/20/11,"2,297.75","2,299.50","2,267.00","2,281.50","2,281.50","351,068",,
01/19/11,"2,331.50","2,346.50","2,293.00","2,294.50","2,294.50","293,316",,
01/18/11,"2,321.25","2,332.50","2,285.25","2,330.75","2,330.75","289,649",,
01/14/11,"2,303.75","2,323.00","2,297.50","2,320.00","2,320.00","177,966",,
01/13/11,"2,304.75","2,309.50","2,296.75","2,302.75","2,302.75","185,940",,
01/12/11,"2,286.00","2,306.75","2,284.00","2,304.50","2,304.50","176,801",,
01/11/11,"2,282.00","2,295.25","2,278.00","2,285.50","2,285.50","208,383",,
01/10/11,"2,272.25","2,287.00","2,260.75","2,282.50","2,282.50","197,994",,
01/07/11,"2,277.00","2,282.25","2,252.00","2,273.00","2,273.00","279,363",,
01/06/11,"2,270.75","2,279.25","2,267.25","2,276.25","2,276.25","177,334",,
01/05/11,"2,246.75","2,271.75","2,229.50","2,269.75","2,269.75","213,120",,
01/04/11,"2,249.75","2,262.50","2,236.50","2,245.50","2,245.50","216,365",,
01/03/11,"2,220.00","2,267.75","2,219.25","2,250.50","2,250.50","276,753",,
12/31/10,"2,225.25","2,229.00","2,207.50","2,216.00","2,216.00","100,071",,
12/30/10,"2,228.50","2,232.75","2,221.50","2,224.50","2,224.50","85,956",,
12/29/10,"2,227.25","2,235.75","2,224.25","2,228.50","2,228.50","64,609",,
12/28/10,"2,229.25","2,237.00","2,221.25","2,225.50","2,225.50","80,279",,
12/27/10,"2,227.25","2,234.00","2,207.25","2,230.00","2,230.00","139,752",,
12/23/10,"2,236.75","2,239.00","2,223.75","2,230.50","2,230.50","87,905",,
12/22/10,"2,233.75","2,238.25","2,230.25","2,236.00","2,236.00","89,776",,
12/21/10,"2,220.00","2,237.00","2,219.25","2,235.25","2,235.25","103,147",,
12/20/10,"2,216.00","2,230.00","2,205.50","2,220.25","2,220.25","172,358",,
12/17/10,"2,222.25","2,224.00","2,216.50","2,222.92","2,222.92","158,393",,
12/16/10,"2,204.00","2,225.75","2,197.75","2,220.25","2,220.25","66,674",,
12/15/10,"2,217.00","2,224.25","2,197.00","2,202.25","2,202.25","101,017",,
12/14/10,"2,209.75","2,221.00","2,205.75","2,215.25","2,215.25","86,259",,
12/13/10,"2,217.75","2,231.75","2,206.75","2,211.75","2,211.75","110,952",,
12/10/10,"2,200.25","2,218.25","2,197.25","2,216.50","2,216.50","98,939",,
12/09/10,"2,199.50","2,214.75","2,193.75","2,201.25","2,201.25","161,286",,
12/08/10,"2,190.25","2,202.00","2,180.00","2,200.50","2,200.50","206,132",,
12/07/10,"2,191.25","2,217.00","2,185.50","2,190.00","2,190.00","235,786",,
12/06/10,"2,188.00","2,193.75","2,177.00","2,190.50","2,190.50","173,121",,
12/03/10,"2,188.00","2,195.00","2,167.75","2,187.25","2,187.25","182,022",,
12/02/10,"2,159.00","2,188.75","2,156.75","2,187.00","2,187.00","235,665",,
12/01/10,"2,115.00","2,174.00","2,110.75","2,158.50","2,158.50","307,681",,
11/30/10,"2,144.75","2,147.50","2,109.25","2,117.00","2,117.00","320,212",,
11/29/10,"2,150.00","2,160.25","2,117.75","2,145.50","2,145.50","294,225",,
11/26/10,"2,156.50","2,163.25","2,134.75","2,146.00","2,146.00","112,446",,
11/24/10,"2,117.25","2,165.50","2,113.00","2,158.00","2,158.00","267,835",,
11/23/10,"2,152.75","2,154.25","2,104.75","2,119.00","2,119.00","342,591",,
11/22/10,"2,139.00","2,155.50","2,120.75","2,154.50","2,154.50","284,564",,
11/19/10,"2,135.25","2,138.75","2,119.75","2,133.50","2,133.50","216,792",,
11/18/10,"2,097.50","2,146.75","2,095.75","2,134.25","2,134.25","299,550",,
11/17/10,"2,093.00","2,109.25","2,088.00","2,097.00","2,097.00","260,007",,
11/16/10,"2,126.75","2,127.25","2,083.50","2,090.75","2,090.75","408,237",,
11/15/10,"2,134.00","2,151.00","2,126.50","2,128.00","2,128.00","259,982",,
11/12/10,"2,171.75","2,174.25","2,119.25","2,133.75","2,133.75","393,579",,
11/11/10,"2,175.25","2,175.50","2,142.25","2,172.50","2,172.50","316,764",,
11/10/10,"2,175.25","2,187.25","2,160.00","2,174.50","2,174.50","297,588",,
11/09/10,"2,183.00","2,198.00","2,164.25","2,176.25","2,176.25","269,273",,
11/08/10,"2,180.50","2,189.25","2,173.50","2,184.00","2,184.00","200,812",,
11/04/10,"2,184.00","2,191.00","2,176.50","2,184.75","2,184.75","324,318",,
11/03/10,"2,164.50","2,191.00","2,162.25","2,184.50","2,184.50","324,318",,
11/02/10,"2,151.25","2,165.50","2,130.00","2,164.25","2,164.25","348,195",,
11/01/10,"2,128.25","2,153.75","2,126.25","2,150.25","2,150.25","227,217",,
10/31/10,"2,125.00","2,146.50","2,115.00","2,129.00","2,129.00","286,483",,
10/28/10,"2,126.75","2,135.50","2,116.75","2,122.00","2,122.00","232,478",,
10/27/10,"2,123.50","2,136.75","2,109.25","2,125.75","2,125.75","306,514",,
10/26/10,"2,117.25","2,125.00","2,102.25","2,123.75","2,123.75","267,310",,
10/25/10,"2,109.25","2,122.00","2,092.50","2,116.00","2,116.00","255,462",,
10/24/10,"2,104.00","2,125.50","2,102.00","2,108.50","2,108.50","241,766",,
10/21/10,"2,080.50","2,104.50","2,077.00","2,104.00","2,104.00","206,996",,
10/20/10,"2,085.00","2,104.50","2,066.75","2,080.00","2,080.00","327,967",,
10/19/10,"2,068.00","2,098.50","2,062.50","2,083.75","2,083.75","288,963",,
10/18/10,"2,092.00","2,103.00","2,051.50","2,067.50","2,067.50","474,153",,
10/17/10,"2,095.00","2,104.75","2,082.75","2,094.50","2,094.50","254,281",,
10/14/10,"2,065.00","2,097.75","2,060.25","2,095.00","2,095.00","374,142",,
10/13/10,"2,056.50","2,067.50","2,041.25","2,062.00","2,062.00","316,761",,
10/12/10,"2,042.00","2,065.25","2,035.75","2,056.00","2,056.00","296,220",,
10/11/10,"2,025.25","2,043.50","2,004.25","2,037.00","2,037.00","319,824",,
10/10/10,"2,023.00","2,035.00","2,018.75","2,025.50","2,025.50","175,827",,
10/07/10,"2,014.00","2,029.25","1,982.00","2,020.75","2,020.75","313,502",,
10/06/10,"2,004.25","2,019.75","1,993.75","2,014.00","2,014.00","285,357",,
10/05/10,"2,018.75","2,024.50","1,990.25","2,004.25","2,004.25","334,881",,
10/04/10,"1,977.25","2,025.00","1,975.50","2,018.50","2,018.50","352,212",,
10/03/10,"1,997.75","1,997.75","1,961.00","1,977.00","1,977.00","298,949",,
09/30/10,"1,995.75","2,015.50","1,985.00","1,994.50","1,994.50","321,294",,
09/29/10,"2,009.50","2,028.25","1,983.25","1,995.50","1,995.50","444,527",,
09/28/10,"2,009.75","2,018.50","1,998.50","2,009.00","2,009.00","274,660",,
09/27/10,"2,008.00","2,024.50","1,977.25","2,008.50","2,008.50","440,359",,
09/26/10,"2,018.75","2,032.00","2,007.75","2,007.25","2,007.25","233,636",,
09/23/10,"1,982.75","2,022.00","1,978.75","2,018.25","2,018.25","304,445",,
09/22/10,"1,979.50","2,000.25","1,962.50","1,981.50","1,981.50","378,087",,
09/21/10,"1,985.50","1,994.75","1,970.50","1,979.50","1,979.50","336,151",,
09/20/10,"1,982.00","2,000.25","1,977.00","1,985.50","1,985.50","319,921",,
09/19/10,"1,950.50","1,990.75","1,947.25","1,981.75","1,981.75","284,093",,
09/16/10,"1,955.50","1,973.00","1,955.00","1,959.83","1,959.83","305,013",,
09/15/10,"1,943.75","1,955.50","1,932.00","1,952.50","1,952.50","58,242",,
09/14/10,"1,925.75","1,943.00","1,916.75","1,942.25","1,942.25","82,316",,
09/13/10,"1,919.25","1,938.75","1,912.50","1,925.25","1,925.25","93,461",,
09/12/10,"1,896.50","1,925.25","1,896.50","1,919.25","1,919.25","107,079",,
09/09/10,"1,886.75","1,896.75","1,880.00","1,892.25","1,892.25","125,668",,
09/08/10,"1,878.25","1,897.75","1,874.75","1,885.75","1,885.75","235,345",,
09/07/10,"1,857.25","1,888.00","1,852.25","1,877.50","1,877.50","308,420",,
09/06/10,"1,867.50","1,878.00","1,853.75","1,857.50","1,857.50","271,396",,
09/02/10,"1,838.75","1,871.25","1,834.50","1,867.00","1,867.00","306,188",,
09/01/10,"1,820.50","1,841.25","1,813.00","1,837.25","1,837.25","250,865",,
08/31/10,"1,773.25","1,825.00","1,770.50","1,820.00","1,820.00","389,294",,
08/30/10,"1,768.50","1,781.75","1,754.50","1,766.50","1,766.50","360,795",,
08/29/10,"1,790.75","1,805.50","1,768.25","1,768.75","1,768.75","255,852",,
08/26/10,"1,766.00","1,794.50","1,744.00","1,789.25","1,789.25","391,994",,
08/25/10,"1,790.00","1,802.75","1,765.00","1,767.50","1,767.50","325,465",,
08/24/10,"1,773.75","1,798.50","1,756.75","1,789.75","1,789.75","354,186",,
08/23/10,"1,809.25","1,810.25","1,766.00","1,773.75","1,773.75","317,739",,
08/22/10,"1,824.75","1,842.75","1,804.75","1,809.50","1,809.50","275,129",,
08/19/10,"1,820.00","1,829.75","1,808.50","1,825.50","1,825.50","264,182",,
08/18/10,"1,838.75","1,850.50","1,810.25","1,820.00","1,820.00","346,596",,
08/17/10,"1,840.00","1,862.25","1,831.00","1,836.75","1,836.75","298,743",,
08/16/10,"1,819.25","1,860.50","1,817.00","1,839.50","1,839.50","271,497",,
08/15/10,"1,817.75","1,833.25","1,800.00","1,820.00","1,820.00","286,982",,
08/12/10,"1,830.00","1,842.75","1,815.25","1,815.25","1,815.25","239,248",,
08/11/10,"1,837.25","1,838.25","1,806.25","1,827.25","1,827.25","349,332",,
08/10/10,"1,897.00","1,898.00","1,837.00","1,837.75","1,837.75","407,601",,
08/09/10,"1,914.00","1,914.00","1,880.75","1,896.50","1,896.50","344,656",,
08/08/10,"1,903.00","1,918.00","1,898.50","1,913.75","1,913.75","184,344",,
08/05/10,"1,902.50","1,907.75","1,871.25","1,902.50","1,902.50","373,034",,
08/04/10,"1,906.25","1,912.75","1,891.00","1,901.00","1,901.00","224,033",,
08/03/10,"1,892.50","1,910.00","1,883.25","1,905.25","1,905.25","276,207",,
08/02/10,"1,893.75","1,898.25","1,879.75","1,893.00","1,893.00","215,692",,
08/01/10,"1,868.75","1,901.75","1,864.50","1,894.25","1,894.25","244,657",,
07/29/10,"1,857.00","1,873.50","1,831.50","1,862.25","1,862.25","355,325",,
07/28/10,"1,870.25","1,886.50","1,838.50","1,857.25","1,857.25","384,506",,
07/27/10,"1,885.75","1,894.75","1,864.75","1,869.75","1,869.75","253,384",,
07/26/10,"1,887.50","1,900.75","1,878.25","1,886.50","1,886.50","270,426",,
07/25/10,"1,874.25","1,888.25","1,866.00","1,887.50","1,887.50","254,147",,
07/22/10,"1,850.50","1,876.25","1,844.25","1,873.75","1,873.75","326,684",,
07/21/10,"1,815.50","1,869.25","1,812.50","1,852.75","1,852.75","349,001",,
07/20/10,"1,839.75","1,860.00","1,811.00","1,815.50","1,815.50","401,877",,
07/19/10,"1,805.25","1,841.25","1,781.75","1,839.75","1,839.75","350,306",,
07/18/10,"1,800.50","1,821.25","1,782.50","1,805.50","1,805.50","301,727",,
07/15/10,"1,849.50","1,856.00","1,800.00","1,802.00","1,802.00","397,734",,
07/14/10,"1,850.25","1,864.50","1,828.50","1,849.25","1,849.25","366,657",,
07/13/10,"1,860.00","1,866.25","1,838.00","1,851.25","1,851.25","336,833",,
07/12/10,"1,819.00","1,849.50","1,818.00","1,842.50","1,842.50","310,229",,
07/11/10,"1,810.00","1,829.75","1,801.25","1,820.25","1,820.25","238,450",,
07/08/10,"1,796.75","1,815.25","1,789.25","1,811.50","1,811.50","207,835",,
07/07/10,"1,788.50","1,803.25","1,774.50","1,798.00","1,798.00","310,109",,
07/06/10,"1,734.75","1,789.50","1,721.75","1,789.50","1,789.50","304,126",,
07/05/10,"1,722.00","1,762.50","1,705.75","1,734.50","1,734.50","359,579",,
07/01/10,"1,728.75","1,745.75","1,710.25","1,721.25","1,721.25","317,947",,
06/30/10,"1,736.25","1,745.75","1,698.00","1,728.00","1,728.00","505,855",,
06/29/10,"1,764.00","1,777.50","1,733.00","1,738.00","1,738.00","370,543",,
06/28/10,"1,835.50","1,839.50","1,748.00","1,763.50","1,763.50","477,966",,
06/27/10,"1,839.00","1,851.50","1,821.25","1,836.00","1,836.00","280,729",,
06/24/10,"1,846.00","1,856.50","1,827.25","1,839.25","1,839.25","323,580",,
06/23/10,"1,870.00","1,875.25","1,837.25","1,849.50","1,849.50","339,934",,
06/22/10,"1,878.75","1,890.00","1,857.75","1,873.75","1,873.75","321,722",,
06/21/10,"1,899.00","1,916.75","1,876.50","1,878.25","1,878.25","335,379",,
06/20/10,"1,923.00","1,941.00","1,883.75","1,899.50","1,899.50","328,037",,
06/17/10,"1,910.75","1,915.75","1,906.25","1,912.97","1,912.97","246,943",,
06/16/10,"1,906.75","1,918.75","1,894.00","1,910.50","1,910.50","41,809",,
06/15/10,"1,894.50","1,913.50","1,880.00","1,907.00","1,907.00","79,007",,
06/14/10,"1,847.25","1,899.00","1,846.25","1,894.50","1,894.50","76,687",,
06/13/10,"1,848.00","1,877.75","1,844.00","1,847.75","1,847.75","97,309",,
06/10/10,"1,821.25","1,848.75","1,807.75","1,844.00","1,844.00","101,875",,
06/09/10,"1,780.50","1,831.75","1,775.25","1,822.50","1,822.50","231,353",,
06/08/10,"1,791.75","1,823.50","1,773.75","1,782.25","1,782.25","361,910",,
06/07/10,"1,795.00","1,817.75","1,770.00","1,791.50","1,791.50","409,445",,
06/06/10,"1,831.75","1,845.50","1,793.75","1,795.75","1,795.75","334,305",,
06/03/10,"1,897.50","1,904.50","1,824.25","1,834.25","1,834.25","426,018",,
06/02/10,"1,877.00","1,899.25","1,871.00","1,897.75","1,897.75","285,099",,
06/01/10,"1,832.00","1,879.25","1,828.50","1,879.00","1,879.00","307,154",,
05/31/10,"1,852.00","1,878.00","1,824.25","1,831.00","1,831.00","368,555",,
05/27/10,"1,862.25","1,874.25","1,835.50","1,852.00","1,852.00","315,745",,
05/26/10,"1,788.25","1,864.50","1,781.75","1,863.75","1,863.75","326,868",,
05/25/10,"1,814.50","1,849.75","1,788.75","1,791.50","1,791.50","391,061",,
05/24/10,"1,809.75","1,819.50","1,754.25","1,815.50","1,815.50","425,513",,
05/23/10,"1,821.25","1,840.00","1,796.00","1,812.50","1,812.50","319,255",,
05/20/10,"1,800.00","1,834.00","1,765.50","1,819.25","1,819.25","514,060",,
05/19/10,"1,867.75","1,875.00","1,794.00","1,800.50","1,800.50","575,943",,
05/18/10,"1,886.25","1,893.75","1,849.50","1,868.25","1,868.25","435,357",,
05/17/10,"1,912.25","1,932.00","1,876.75","1,888.00","1,888.00","405,003",,
05/16/10,"1,907.75","1,919.50","1,870.50","1,913.50","1,913.50","363,023",,
05/13/10,"1,945.00","1,950.50","1,883.00","1,909.75","1,909.75","449,745",,
05/12/10,"1,970.00","1,981.50","1,938.50","1,947.25","1,947.25","329,770",,
05/11/10,"1,934.75","1,976.25","1,917.00","1,972.75","1,972.75","323,983",,
05/10/10,"1,939.75","1,965.00","1,915.00","1,935.25","1,935.25","373,205",,
05/09/10,"1,873.75","1,942.00","1,872.25","1,939.50","1,939.50","489,875",,
05/06/10,"1,884.00","1,909.25","1,805.75","1,848.50","1,848.50","710,793",,
05/05/10,"1,958.00","1,963.00","1,730.25","1,886.00","1,886.00","736,165",,
05/04/10,"1,969.25","1,972.00","1,934.50","1,958.50","1,958.50","401,892",,
05/03/10,"2,026.00","2,028.50","1,952.25","1,969.50","1,969.50","515,322",,
05/02/10,"2,002.25","2,038.00","1,999.25","2,027.00","2,027.00","256,440",,
04/29/10,"2,041.00","2,047.00","1,998.00","1,998.50","1,998.50","341,920",,
04/28/10,"2,005.50","2,044.00","2,004.75","2,041.00","2,041.00","294,958",,
04/27/10,"2,008.75","2,022.75","1,989.50","2,006.75","2,006.75","359,035",,
04/26/10,"2,045.75","2,050.50","1,998.50","2,008.75","2,008.75","436,324",,
04/25/10,"2,050.00","2,058.75","2,043.00","2,047.25","2,047.25","210,352",,
04/22/10,"2,033.00","2,053.50","2,029.25","2,053.00","2,053.00","289,715",,
04/21/10,"2,021.00","2,045.00","2,000.50","2,036.25","2,036.25","374,013",,
04/20/10,"2,024.25","2,040.50","2,018.50","2,025.50","2,025.50","308,038",,
04/19/10,"2,011.75","2,025.25","2,007.00","2,024.25","2,024.25","228,510",,
04/18/10,"2,004.50","2,016.50","1,985.75","2,013.00","2,013.00","338,183",,
04/15/10,"2,033.00","2,035.25","1,997.75","2,009.75","2,009.75","451,415",,
04/14/10,"2,026.00","2,037.75","2,017.75","2,034.75","2,034.75","251,312",,
04/13/10,"2,009.75","2,026.75","2,006.75","2,026.50","2,026.50","249,031",,
04/12/10,"1,991.25","2,004.00","1,984.25","2,001.25","2,001.25","228,319",,
04/11/10,"1,995.00","2,001.75","1,987.75","1,992.50","1,992.50","183,339",,
04/08/10,"1,979.50","1,992.75","1,975.00","1,992.00","1,992.00","190,400",,
04/07/10,"1,974.00","1,982.50","1,959.25","1,980.00","1,980.00","231,684",,
04/06/10,"1,979.00","1,984.50","1,964.25","1,975.00","1,975.00","259,268",,
04/05/10,"1,973.00","1,985.75","1,965.25","1,978.75","1,978.75","190,613",,
04/04/10,"1,964.00","1,978.75","1,955.25","1,973.50","1,973.50","200,178",,
03/31/10,"1,955.75","1,977.25","1,940.75","1,952.00","1,952.00","309,482",,
03/30/10,"1,964.50","1,967.50","1,952.50","1,955.75","1,955.75","232,540",,
03/29/10,"1,959.50","1,972.00","1,952.25","1,965.50","1,965.50","230,740",,
03/28/10,"1,952.00","1,966.25","1,951.75","1,960.25","1,960.25","220,198",,
03/25/10,"1,949.00","1,963.00","1,939.25","1,951.75","1,951.75","287,784",,
03/24/10,"1,951.00","1,974.25","1,945.75","1,949.50","1,949.50","301,151",,
03/23/10,"1,961.00","1,962.00","1,946.00","1,951.50","1,951.50","232,925",,
03/22/10,"1,948.00","1,962.00","1,940.50","1,962.25","1,962.25","218,369",,
03/21/10,"1,924.25","1,954.25","1,919.00","1,948.50","1,948.50","282,045",,
03/18/10,"1,944.50","1,952.00","1,941.50","1,955.83","1,955.83","295,754",,
03/17/10,"1,936.00","1,945.50","1,931.75","1,944.50","1,944.50","35,228",,
03/16/10,"1,930.25","1,946.25","1,929.75","1,936.50","1,936.50","54,810",,
03/15/10,"1,921.25","1,934.50","1,919.00","1,931.00","1,931.00","71,010",,
03/14/10,"1,924.50","1,927.75","1,906.50","1,919.50","1,919.50","95,292",,
03/12/10,"1,926.00","1,935.25","1,916.50","1,926.75","1,926.75","75,098",,
03/11/10,"1,917.50","1,926.75","1,909.25","1,925.25","1,925.25","217,905",,
03/10/10,"1,901.50","1,921.25","1,900.00","1,918.75","1,918.75","321,409",,
03/09/10,"1,888.00","1,912.00","1,881.00","1,901.25","1,901.25","332,075",,
03/08/10,"1,884.00","1,894.75","1,883.25","1,888.25","1,888.25","198,595",,
03/05/10,"1,858.75","1,889.50","1,857.00","1,885.50","1,885.50","287,880",,
03/04/10,"1,851.25","1,860.75","1,844.25","1,859.75","1,859.75","197,677",,
03/03/10,"1,851.00","1,861.25","1,845.75","1,852.00","1,852.00","216,095",,
03/02/10,"1,842.75","1,862.25","1,842.50","1,852.25","1,852.25","248,834",,
03/01/10,"1,821.25","1,848.50","1,821.25","1,842.75","1,842.75","257,074",,
02/26/10,"1,813.00","1,822.25","1,803.50","1,818.50","1,818.50","223,029",,
02/25/10,"1,813.00","1,816.00","1,780.50","1,813.50","1,813.50","353,568",,
02/24/10,"1,799.50","1,819.75","1,796.50","1,814.00","1,814.00","299,224",,
02/23/10,"1,819.75","1,829.00","1,785.25","1,801.00","1,801.00","348,962",,
02/22/10,"1,818.75","1,833.00","1,810.25","1,821.00","1,821.00","226,172",,
02/19/10,"1,819.25","1,830.00","1,801.00","1,819.25","1,819.25","281,740",,
02/18/10,"1,812.00","1,824.75","1,804.75","1,820.75","1,820.75","268,313",,
02/17/10,"1,799.25","1,812.50","1,797.50","1,811.75","1,811.75","238,098",,
02/16/10,"1,781.50","1,801.50","1,775.25","1,799.25","1,799.25","259,717",,
02/12/10,"1,773.25","1,783.50","1,754.00","1,783.25","1,783.25","328,637",,
02/11/10,"1,744.50","1,778.75","1,736.75","1,775.50","1,775.50","339,083",,
02/10/10,"1,752.50","1,762.75","1,736.00","1,744.75","1,744.75","296,949",,
02/09/10,"1,734.00","1,767.25","1,732.00","1,752.00","1,752.00","380,797",,
02/08/10,"1,747.25","1,753.75","1,730.50","1,734.50","1,734.50","295,062",,
02/05/10,"1,734.00","1,747.75","1,710.75","1,745.00","1,745.00","556,768",,
02/04/10,"1,784.50","1,792.00","1,731.50","1,734.75","1,734.75","483,901",,
02/03/10,"1,769.00","1,786.50","1,763.50","1,785.50","1,785.50","315,040",,
02/02/10,"1,756.25","1,778.00","1,747.75","1,769.00","1,769.00","331,528",,
02/01/10,"1,740.00","1,758.25","1,737.00","1,755.75","1,755.75","344,059",,
01/29/10,"1,777.75","1,789.25","1,731.75","1,739.25","1,739.25","538,161",,
01/28/10,"1,807.50","1,820.00","1,759.25","1,770.50","1,770.50","570,517",,
01/27/10,"1,798.75","1,821.50","1,787.75","1,809.00","1,809.00","443,906",,
01/26/10,"1,809.75","1,823.75","1,783.75","1,796.50","1,796.50","419,117",,
01/25/10,"1,794.75","1,811.75","1,792.50","1,798.50","1,798.50","340,316",,
01/22/10,"1,841.25","1,849.25","1,789.50","1,797.75","1,797.75","527,630",,
01/21/10,"1,867.75","1,883.50","1,838.75","1,841.00","1,841.00","501,308",,
01/20/10,"1,889.25","1,892.25","1,845.50","1,867.00","1,867.00","403,528",,
01/19/10,"1,861.75","1,895.75","1,857.50","1,889.75","1,889.75","333,010",,
01/15/10,"1,893.00","1,894.00","1,854.75","1,862.25","1,862.25","345,081",,
01/14/10,"1,882.25","1,890.25","1,876.00","1,888.25","1,888.25","206,040",,
01/13/10,"1,866.00","1,889.50","1,853.25","1,882.50","1,882.50","315,109",,
01/12/10,"1,882.00","1,883.75","1,850.00","1,865.50","1,865.50","328,565",,
01/11/10,"1,892.25","1,900.00","1,874.25","1,883.50","1,883.50","244,841",,
01/08/10,"1,877.50","1,892.50","1,865.00","1,890.00","1,890.00","268,934",,
01/07/10,"1,877.75","1,880.50","1,865.75","1,877.50","1,877.50","241,321",,
01/06/10,"1,885.25","1,891.75","1,872.25","1,878.50","1,878.50","261,274",,
01/05/10,"1,886.50","1,890.25","1,876.00","1,885.25","1,885.25","208,698",,
01/04/10,"1,865.50","1,889.00","1,865.50","1,886.75","1,886.75","205,157",,
