Date,Date,Open,High,Low,Close
2010-01-04,2010-01-04 17:07:00,1132.99,1132.99,1132.99,1132.99
2010-01-05,2010-01-05 17:06:00,1136.52,1136.52,1136.52,1136.52
2010-01-06,2010-01-06 17:03:00,1137.14,1137.14,1137.14,1137.14
2010-01-07,2010-01-07 17:05:00,1141.69,1141.69,1141.69,1141.69
2010-01-08,2010-01-08 17:04:00,1144.99,1144.99,1144.98,1144.98
2010-01-11,2010-01-11 17:24:00,1146.98,1146.98,1146.98,1146.98
2010-01-12,2010-01-12 17:07:00,1136.22,1136.22,1136.22,1136.22
2010-01-13,2010-01-13 17:05:00,1145.68,1145.68,1145.68,1145.68
2010-01-14,2010-01-14 17:04:00,1148.46,1148.46,1148.46,1148.46
2010-01-15,2010-01-15 17:04:00,1136.03,1136.03,1136.03,1136.03
2010-01-19,2010-01-19 17:04:00,1150.23,1150.23,1150.23,1150.23
2010-01-20,2010-01-20 17:04:00,1138.04,1138.04,1138.04,1138.04
2010-01-21,2010-01-21 17:04:00,1116.47,1116.48,1116.47,1116.48
2010-01-22,2010-01-22 17:09:00,1091.76,1091.76,1091.76,1091.76
2010-01-25,2010-01-25 17:04:00,1096.77,1096.78,1096.77,1096.78
2010-01-26,2010-01-26 17:08:00,1092.17,1092.17,1092.17,1092.17
2010-01-27,2010-01-27 17:06:00,1097.51,1097.51,1097.5,1097.5
2010-01-28,2010-01-28 16:45:00,1084.53,1084.53,1084.52,1084.52
2010-01-29,2010-01-29 17:05:00,1073.72,1073.82,1073.72,1073.82
2010-02-01,2010-02-01 17:04:00,1089.17,1089.18,1089.17,1089.18
2010-02-02,2010-02-02 17:04:00,1103.32,1103.32,1103.32,1103.32
2010-02-03,2010-02-03 17:04:00,1097.28,1097.28,1097.27,1097.28
2010-02-04,2010-02-04 17:06:00,1063.1,1063.1,1063.1,1063.1
2010-02-05,2010-02-05 17:04:00,1066.2,1066.2,1066.2,1066.2
2010-02-08,2010-02-08 17:05:00,1056.74,1056.75,1056.74,1056.75
2010-02-09,2010-02-09 17:04:00,1070.52,1070.52,1070.52,1070.52
2010-02-10,2010-02-10 17:04:00,1068.13,1068.13,1068.13,1068.13
2010-02-11,2010-02-11 17:03:00,1078.5,1078.5,1078.47,1078.47
2010-02-12,2010-02-12 17:05:00,1075.58,1075.58,1075.49,1075.49
2010-02-16,2010-02-16 17:05:00,1094.87,1094.87,1094.87,1094.87
2010-02-17,2010-02-17 17:07:00,1099.5,1099.51,1099.5,1099.51
2010-02-18,2010-02-18 17:05:00,1106.75,1106.75,1106.75,1106.75
2010-02-19,2010-02-19 17:04:00,1109.18,1109.18,1109.17,1109.17
2010-02-22,2010-02-22 17:05:00,1108.02,1108.02,1108.02,1108.02
2010-02-23,2010-02-23 17:05:00,1094.61,1094.61,1094.6,1094.6
2010-02-24,2010-02-24 17:04:00,1105.24,1105.24,1105.24,1105.24
2010-02-25,2010-02-25 17:05:00,1102.94,1102.94,1102.94,1102.94
2010-02-26,2010-02-26 17:04:00,1104.48,1104.48,1104.48,1104.48
2010-03-01,2010-03-01 17:04:00,1115.71,1115.71,1115.71,1115.71
2010-03-02,2010-03-02 17:05:00,1118.31,1118.31,1118.31,1118.31
2010-03-03,2010-03-03 17:04:00,1118.79,1118.79,1118.79,1118.79
2010-03-04,2010-03-04 17:04:00,1122.96,1122.97,1122.96,1122.97
2010-03-05,2010-03-05 17:04:00,1138.68,1138.69,1138.68,1138.69
2010-03-08,2010-03-08 17:03:00,1138.49,1138.5,1138.49,1138.5
2010-03-09,2010-03-09 17:05:00,1140.44,1140.45,1140.44,1140.45
2010-03-10,2010-03-10 17:03:00,1145.58,1145.61,1145.58,1145.61
2010-03-11,2010-03-11 17:04:00,1150.24,1150.24,1150.24,1150.24
2010-03-12,2010-03-12 17:04:00,1149.99,1149.99,1149.99,1149.99
2010-03-15,2010-03-15 16:05:00,1150.51,1150.51,1150.51,1150.51
2010-03-16,2010-03-16 16:05:00,1159.46,1159.46,1159.46,1159.46
2010-03-17,2010-03-17 16:04:00,1166.21,1166.21,1166.21,1166.21
2010-03-18,2010-03-18 16:04:00,1165.83,1165.83,1165.83,1165.83
2010-03-19,2010-03-19 16:07:00,1159.9,1159.9,1159.9,1159.9
2010-03-22,2010-03-22 16:04:00,1165.81,1165.81,1165.81,1165.81
2010-03-23,2010-03-23 16:03:00,1174.17,1174.17,1174.17,1174.17
2010-03-24,2010-03-24 16:03:00,1167.73,1167.73,1167.72,1167.72
2010-03-25,2010-03-25 16:04:00,1165.74,1165.74,1165.73,1165.73
2010-03-26,2010-03-26 16:04:00,1166.59,1166.59,1166.59,1166.59
2010-03-29,2010-03-29 17:03:00,1173.21,1173.22,1173.21,1173.22
2010-03-30,2010-03-30 17:03:00,1173.27,1173.27,1173.27,1173.27
2010-03-31,2010-03-31 17:04:00,1169.43,1169.43,1169.43,1169.43
2010-04-01,2010-04-01 17:04:00,1178.09,1178.1,1178.09,1178.1
2010-04-05,2010-04-05 17:03:00,1187.45,1187.45,1187.44,1187.44
2010-04-06,2010-04-06 17:03:00,1189.44,1189.44,1189.44,1189.44
2010-04-07,2010-04-07 17:04:00,1182.46,1182.46,1182.45,1182.45
2010-04-08,2010-04-08 17:04:00,1186.44,1186.44,1186.44,1186.44
2010-04-09,2010-04-09 17:04:00,1194.37,1194.37,1194.37,1194.37
2010-04-12,2010-04-12 17:04:00,1196.49,1196.49,1196.48,1196.48
2010-04-13,2010-04-13 17:04:00,1197.3,1197.3,1197.3,1197.3
2010-04-14,2010-04-14 17:04:00,1210.65,1210.65,1210.65,1210.65
2010-04-15,2010-04-15 17:05:00,1211.68,1211.68,1211.68,1211.68
2010-04-16,2010-04-16 17:05:00,1192.12,1192.12,1192.12,1192.12
2010-04-19,2010-04-19 17:03:00,1197.52,1197.52,1197.52,1197.52
2010-04-20,2010-04-20 17:03:00,1207.17,1207.17,1207.17,1207.17
2010-04-21,2010-04-21 17:05:00,1205.94,1205.94,1205.94,1205.94
2010-04-22,2010-04-22 17:04:00,1208.67,1208.67,1208.67,1208.67
2010-04-23,2010-04-23 17:05:00,1217.28,1217.28,1217.28,1217.28
2010-04-26,2010-04-26 17:04:00,1212.06,1212.06,1212.06,1212.06
2010-04-27,2010-04-27 17:05:00,1183.71,1183.72,1183.71,1183.71
2010-04-28,2010-04-28 17:05:00,1191.36,1191.36,1191.36,1191.36
2010-04-29,2010-04-29 17:03:00,1206.77,1206.77,1206.77,1206.77
2010-04-30,2010-04-30 17:04:00,1186.69,1186.69,1186.69,1186.69
2010-05-03,2010-05-03 17:05:00,1202.26,1202.26,1202.26,1202.26
2010-05-04,2010-05-04 17:04:00,1173.6,1173.6,1173.6,1173.6
2010-05-05,2010-05-05 17:05:00,1165.87,1165.87,1165.87,1165.87
2010-05-06,2010-05-06 17:08:00,1128.15,1128.15,1128.15,1128.15
2010-05-07,2010-05-07 17:16:00,1110.88,1110.88,1110.88,1110.88
2010-05-10,2010-05-10 17:05:00,1159.72,1159.72,1159.72,1159.72
2010-05-11,2010-05-11 17:05:00,1155.79,1155.79,1155.79,1155.79
2010-05-12,2010-05-12 17:04:00,1171.67,1171.67,1171.67,1171.67
2010-05-13,2010-05-13 17:05:00,1157.43,1157.44,1157.43,1157.44
2010-05-14,2010-05-14 17:06:00,1135.68,1135.68,1135.68,1135.68
2010-05-17,2010-05-17 17:05:00,1136.95,1136.95,1136.94,1136.94
2010-05-18,2010-05-18 17:09:00,1120.8,1120.8,1120.8,1120.8
2010-05-19,2010-05-19 17:09:00,1115.05,1115.05,1115.05,1115.05
2010-05-20,2010-05-20 17:04:00,1071.59,1071.59,1071.59,1071.59
2010-05-21,2010-05-21 17:04:00,1087.71,1087.71,1087.69,1087.69
2010-05-24,2010-05-24 17:05:00,1073.65,1073.65,1073.65,1073.65
2010-05-25,2010-05-25 17:05:00,1074.03,1074.03,1074.03,1074.03
2010-05-26,2010-05-26 17:07:00,1067.94,1067.95,1067.94,1067.95
2010-05-27,2010-05-27 17:06:00,1103.07,1103.07,1103.06,1103.06
2010-05-28,2010-05-28 17:08:00,1089.41,1089.41,1089.41,1089.41
2010-06-01,2010-06-01 17:07:00,1070.71,1070.71,1070.71,1070.71
2010-06-02,2010-06-02 17:04:00,1098.38,1098.38,1098.38,1098.38
2010-06-03,2010-06-03 17:08:00,1102.83,1102.83,1102.83,1102.83
2010-06-04,2010-06-04 17:06:00,1064.88,1064.88,1064.88,1064.88
2010-06-07,2010-06-07 17:07:00,1050.48,1050.48,1050.47,1050.47
2010-06-08,2010-06-08 17:03:00,1062.03,1062.04,1062.03,1062.04
2010-06-09,2010-06-09 17:09:00,1055.69,1055.69,1055.69,1055.69
2010-06-10,2010-06-10 17:06:00,1086.83,1086.83,1086.83,1086.83
2010-06-11,2010-06-11 17:04:00,1091.6,1091.6,1091.6,1091.6
2010-06-14,2010-06-14 17:04:00,1089.65,1089.65,1089.65,1089.65
2010-06-15,2010-06-15 17:04:00,1115.23,1115.23,1115.23,1115.23
2010-06-16,2010-06-16 17:05:00,1114.61,1114.61,1114.61,1114.61
2010-06-17,2010-06-17 17:07:00,1116.04,1116.04,1116.04,1116.04
2010-06-18,2010-06-18 17:07:00,1117.51,1117.51,1117.51,1117.51
2010-06-21,2010-06-21 17:05:00,1113.2,1113.2,1113.2,1113.2
2010-06-22,2010-06-22 17:05:00,1095.31,1095.31,1095.31,1095.31
2010-06-23,2010-06-23 17:04:00,1092.04,1092.04,1092.04,1092.04
2010-06-24,2010-06-24 17:03:00,1073.69,1073.69,1073.69,1073.69
2010-06-25,2010-06-25 17:10:00,1076.76,1076.76,1076.76,1076.76
2010-06-28,2010-06-28 17:04:00,1074.56,1074.57,1074.56,1074.57
2010-06-29,2010-06-29 17:08:00,1041.24,1041.24,1041.24,1041.24
2010-06-30,2010-06-30 17:06:00,1030.71,1030.71,1030.71,1030.71
2010-07-01,2010-07-01 17:10:00,1027.37,1027.37,1027.37,1027.37
2010-07-02,2010-07-02 17:05:00,1022.58,1022.58,1022.58,1022.58
2010-07-06,2010-07-06 17:04:00,1028.06,1028.06,1028.06,1028.06
2010-07-07,2010-07-07 17:05:00,1060.27,1060.27,1060.27,1060.27
2010-07-08,2010-07-08 17:06:00,1070.25,1070.25,1070.25,1070.25
2010-07-09,2010-07-09 17:26:00,1077.96,1077.96,1077.96,1077.96
2010-07-12,2010-07-12 17:00:00,1078.62,1078.86,1078.62,1078.86
2010-07-13,2010-07-13 17:00:00,1095.48,1095.48,1095.11,1095.11
2010-07-14,2010-07-14 17:04:00,1095.19,1095.19,1095.16,1095.17
2010-07-15,2010-07-15 17:06:00,1096.48,1096.48,1096.48,1096.48
2010-07-16,2010-07-16 17:07:00,1064.88,1064.88,1064.88,1064.88
2010-07-19,2010-07-19 17:04:00,1071.25,1071.25,1071.25,1071.25
2010-07-20,2010-07-20 17:06:00,1083.49,1083.49,1083.48,1083.48
2010-07-21,2010-07-21 17:04:00,1069.59,1069.59,1069.59,1069.59
2010-07-22,2010-07-22 17:06:00,1093.67,1093.67,1093.67,1093.67
2010-07-23,2010-07-23 17:05:00,1102.66,1102.66,1102.66,1102.66
2010-07-26,2010-07-26 17:06:00,1115.01,1115.01,1115.01,1115.01
2010-07-27,2010-07-27 17:05:00,1113.84,1113.84,1113.84,1113.84
2010-07-28,2010-07-28 17:11:00,1106.13,1106.13,1106.13,1106.13
2010-07-29,2010-07-29 17:05:00,1101.53,1101.53,1101.53,1101.53
2010-07-30,2010-07-30 17:07:00,1101.6,1101.6,1101.59,1101.6
2010-08-02,2010-08-02 17:04:00,1125.86,1125.86,1125.86,1125.86
2010-08-03,2010-08-03 17:06:00,1120.46,1120.46,1120.46,1120.46
2010-08-04,2010-08-04 17:06:00,1127.24,1127.24,1127.24,1127.24
2010-08-05,2010-08-05 17:09:00,1125.81,1125.81,1125.81,1125.81
2010-08-06,2010-08-06 17:07:00,1121.64,1121.64,1121.64,1121.64
2010-08-09,2010-08-09 17:07:00,1127.79,1127.79,1127.79,1127.79
2010-08-10,2010-08-10 17:08:00,1121.06,1121.06,1121.06,1121.06
2010-08-11,2010-08-11 17:09:00,1089.47,1089.47,1089.47,1089.47
2010-08-12,2010-08-12 17:08:00,1083.61,1083.61,1083.61,1083.61
2010-08-13,2010-08-13 17:06:00,1079.25,1079.25,1079.25,1079.25
2010-08-16,2010-08-16 17:07:00,1079.38,1079.38,1079.38,1079.38
2010-08-17,2010-08-17 17:05:00,1092.54,1092.54,1092.54,1092.54
2010-08-18,2010-08-18 17:04:00,1094.16,1094.16,1094.16,1094.16
2010-08-19,2010-08-19 17:06:00,1075.63,1075.63,1075.63,1075.63
2010-08-20,2010-08-20 17:05:00,1071.69,1071.69,1071.69,1071.69
2010-08-23,2010-08-23 17:05:00,1067.36,1067.36,1067.36,1067.36
2010-08-24,2010-08-24 17:06:00,1051.87,1051.87,1051.87,1051.87
2010-08-25,2010-08-25 17:03:00,1055.34,1055.34,1055.33,1055.33
2010-08-26,2010-08-26 17:09:00,1047.22,1047.22,1047.22,1047.22
2010-08-27,2010-08-27 17:02:00,1064.6,1064.6,1064.58,1064.59
2010-08-30,2010-08-30 17:06:00,1048.92,1048.92,1048.92,1048.92
2010-08-31,2010-08-31 17:07:00,1049.33,1049.33,1049.33,1049.33
2010-09-01,2010-09-01 17:04:00,1080.28,1080.29,1080.28,1080.29
2010-09-02,2010-09-02 17:04:00,1090.09,1090.1,1090.09,1090.1
2010-09-03,2010-09-03 17:06:00,1104.5,1104.51,1104.5,1104.51
2010-09-07,2010-09-07 17:07:00,1091.84,1091.84,1091.84,1091.84
2010-09-08,2010-09-08 17:05:00,1098.87,1098.87,1098.87,1098.87
2010-09-09,2010-09-09 17:07:00,1104.18,1104.18,1104.18,1104.18
2010-09-10,2010-09-10 17:09:00,1109.55,1109.55,1109.55,1109.55
2010-09-13,2010-09-13 17:08:00,1121.9,1121.9,1121.9,1121.9
2010-09-14,2010-09-14 17:04:00,1121.1,1121.1,1121.1,1121.1
2010-09-15,2010-09-15 17:04:00,1125.07,1125.07,1125.07,1125.07
2010-09-16,2010-09-16 17:05:00,1124.66,1124.66,1124.66,1124.66
2010-09-17,2010-09-17 17:06:00,1125.65,1125.66,1125.59,1125.59
2010-09-20,2010-09-20 17:05:00,1142.71,1142.71,1142.71,1142.71
2010-09-21,2010-09-21 17:13:00,1139.79,1139.79,1139.78,1139.78
2010-09-22,2010-09-22 17:18:00,1134.28,1134.28,1134.28,1134.28
2010-09-23,2010-09-23 17:04:00,1124.83,1124.83,1124.83,1124.83
2010-09-24,2010-09-24 17:05:00,1148.67,1148.67,1148.67,1148.67
2010-09-27,2010-09-27 17:06:00,1142.16,1142.16,1142.16,1142.16
2010-09-28,2010-09-28 17:05:00,1147.7,1147.7,1147.7,1147.7
2010-09-29,2010-09-29 17:07:00,1144.73,1144.73,1144.73,1144.73
2010-09-30,2010-09-30 17:04:00,1141.19,1141.2,1141.19,1141.2
2010-10-01,2010-10-01 17:05:00,1146.23,1146.24,1146.23,1146.24
2010-10-04,2010-10-04 17:04:00,1137.03,1137.03,1137.03,1137.03
2010-10-05,2010-10-05 17:09:00,1160.75,1160.75,1160.75,1160.75
2010-10-06,2010-10-06 17:06:00,1159.97,1159.97,1159.97,1159.97
2010-10-07,2010-10-07 17:04:00,1158.06,1158.06,1158.06,1158.06
2010-10-08,2010-10-08 17:05:00,1165.14,1165.15,1165.14,1165.15
2010-10-11,2010-10-11 17:43:00,1165.32,1165.32,1165.32,1165.32
2010-10-12,2010-10-12 17:03:00,1169.77,1169.77,1169.77,1169.77
2010-10-13,2010-10-13 17:05:00,1178.1,1178.1,1178.1,1178.1
2010-10-14,2010-10-14 17:04:00,1173.81,1173.81,1173.81,1173.81
2010-10-15,2010-10-15 17:05:00,1176.19,1176.19,1176.19,1176.19
2010-10-18,2010-10-18 17:04:00,1184.71,1184.71,1184.71,1184.71
2010-10-19,2010-10-19 17:08:00,1165.9,1165.9,1165.9,1165.9
2010-10-20,2010-10-20 17:03:00,1178.17,1178.17,1178.17,1178.17
2010-10-21,2010-10-21 17:02:00,1180.23,1180.26,1180.23,1180.26
2010-10-22,2010-10-22 17:04:00,1183.08,1183.08,1183.08,1183.08
2010-10-25,2010-10-25 17:04:00,1185.62,1185.62,1185.62,1185.62
2010-10-26,2010-10-26 17:05:00,1185.64,1185.64,1185.64,1185.64
2010-10-27,2010-10-27 17:04:00,1182.45,1182.45,1182.45,1182.45
2010-10-28,2010-10-28 17:21:00,1183.78,1183.78,1183.78,1183.78
2010-10-29,2010-10-29 17:04:00,1183.26,1183.26,1183.26,1183.26
2010-11-01,2010-11-01 16:04:00,1184.38,1184.38,1184.38,1184.38
2010-11-02,2010-11-02 16:03:00,1193.57,1193.57,1193.57,1193.57
2010-11-03,2010-11-03 16:04:00,1197.96,1197.96,1197.96,1197.96
2010-11-04,2010-11-04 16:13:00,1221.06,1221.06,1221.06,1221.06
2010-11-05,2010-11-05 16:05:00,1225.85,1225.85,1225.85,1225.85
2010-11-08,2010-11-08 17:05:00,1223.25,1223.25,1223.25,1223.25
2010-11-09,2010-11-09 17:07:00,1213.4,1213.4,1213.4,1213.4
2010-11-10,2010-11-10 17:07:00,1218.71,1218.71,1218.71,1218.71
2010-11-11,2010-11-11 17:04:00,1213.54,1213.54,1213.54,1213.54
2010-11-12,2010-11-12 17:03:00,1199.22,1199.22,1199.22,1199.22
2010-11-15,2010-11-15 17:02:00,1197.71,1197.75,1197.71,1197.75
2010-11-16,2010-11-16 17:04:00,1178.33,1178.34,1178.33,1178.34
2010-11-17,2010-11-17 17:05:00,1178.59,1178.59,1178.59,1178.59
2010-11-18,2010-11-18 17:09:00,1196.69,1196.69,1196.69,1196.69
2010-11-19,2010-11-19 17:05:00,1199.73,1199.73,1199.73,1199.73
2010-11-22,2010-11-22 17:03:00,1197.86,1197.86,1197.84,1197.84
2010-11-23,2010-11-23 17:05:00,1180.73,1180.73,1180.73,1180.73
2010-11-24,2010-11-24 17:04:00,1198.35,1198.35,1198.35,1198.35
2010-11-26,2010-11-26 14:05:00,1189.4,1189.4,1189.4,1189.4
2010-11-29,2010-11-29 17:03:00,1187.78,1187.78,1187.77,1187.77
2010-11-30,2010-11-30 17:06:00,1180.55,1180.55,1180.55,1180.55
2010-12-01,2010-12-01 17:05:00,1206.07,1206.07,1206.07,1206.07
2010-12-02,2010-12-02 17:05:00,1221.53,1221.53,1221.53,1221.53
2010-12-03,2010-12-03 17:05:00,1224.71,1224.71,1224.71,1224.71
2010-12-06,2010-12-06 17:04:00,1223.13,1223.13,1223.12,1223.12
2010-12-07,2010-12-07 17:04:00,1223.75,1223.75,1223.75,1223.75
2010-12-08,2010-12-08 17:04:00,1228.28,1228.28,1228.28,1228.28
2010-12-09,2010-12-09 17:04:00,1233.0,1233.0,1233.0,1233.0
2010-12-10,2010-12-10 17:06:00,1240.4,1240.4,1240.4,1240.4
2010-12-13,2010-12-13 17:04:00,1240.46,1240.46,1240.46,1240.46
2010-12-14,2010-12-14 17:06:00,1241.59,1241.59,1241.59,1241.59
2010-12-15,2010-12-15 17:06:00,1235.23,1235.23,1235.23,1235.23
2010-12-16,2010-12-16 17:03:00,1242.87,1242.87,1242.87,1242.87
2010-12-17,2010-12-17 17:11:00,1243.9,1243.91,1243.9,1243.91
2010-12-20,2010-12-20 17:03:00,1247.09,1247.09,1247.08,1247.08
2010-12-21,2010-12-21 17:05:00,1254.6,1254.6,1254.6,1254.6
2010-12-22,2010-12-22 17:04:00,1258.84,1258.84,1258.84,1258.84
2010-12-23,2010-12-23 17:03:00,1256.78,1256.78,1256.77,1256.77
2010-12-27,2010-12-27 17:05:00,1257.54,1257.54,1257.54,1257.54
2010-12-28,2010-12-28 17:06:00,1258.51,1258.51,1258.51,1258.51
2010-12-29,2010-12-29 17:05:00,1259.78,1259.78,1259.78,1259.78
2010-12-30,2010-12-30 17:06:00,1257.88,1257.88,1257.88,1257.88
2010-12-31,2010-12-31 17:05:00,1257.64,1257.64,1257.64,1257.64
2011-01-03,2011-01-03 15:21:00,1274.37,1274.37,1274.37,1274.37
2011-01-05,2011-01-05 17:03:00,1276.56,1276.56,1276.55,1276.56
2011-01-06,2011-01-06 17:03:00,1273.81,1273.85,1273.81,1273.85
2011-01-07,2011-01-07 17:04:00,1271.5,1271.5,1271.5,1271.5
2011-01-10,2011-01-10 17:02:00,1269.76,1269.76,1269.75,1269.75
2011-01-11,2011-01-11 17:07:00,1274.48,1274.48,1274.48,1274.48
2011-01-12,2011-01-12 17:07:00,1285.96,1285.96,1285.96,1285.96
2011-01-13,2011-01-13 17:03:00,1283.75,1283.76,1283.75,1283.76
2011-01-14,2011-01-14 17:04:00,1293.24,1293.24,1293.24,1293.24
2011-01-18,2011-01-18 17:04:00,1295.02,1295.02,1295.02,1295.02
2011-01-19,2011-01-19 17:07:00,1281.92,1281.92,1281.92,1281.92
2011-01-20,2011-01-20 17:04:00,1280.26,1280.26,1280.26,1280.26
2011-01-21,2011-01-21 17:06:00,1283.34,1283.35,1283.34,1283.35
2011-01-24,2011-01-24 17:04:00,1290.84,1290.84,1290.84,1290.84
2011-01-25,2011-01-25 17:04:00,1291.18,1291.18,1291.18,1291.18
2011-01-26,2011-01-26 17:07:00,1296.63,1296.63,1296.63,1296.63
2011-01-27,2011-01-27 17:03:00,1299.55,1299.55,1299.54,1299.54
2011-01-28,2011-01-28 17:11:00,1276.34,1276.34,1276.34,1276.34
2011-01-31,2011-01-31 17:04:00,1286.12,1286.12,1286.12,1286.12
2011-02-01,2011-02-01 17:06:00,1307.59,1307.59,1307.59,1307.59
2011-02-02,2011-02-02 17:04:00,1304.03,1304.03,1304.03,1304.03
2011-02-03,2011-02-03 17:05:00,1307.1,1307.1,1307.1,1307.1
2011-02-04,2011-02-04 17:05:00,1310.87,1310.87,1310.87,1310.87
2011-02-07,2011-02-07 17:05:00,1319.04,1319.05,1319.04,1319.05
2011-02-08,2011-02-08 17:04:00,1324.57,1324.57,1324.57,1324.57
2011-02-09,2011-02-09 17:04:00,1320.88,1320.88,1320.88,1320.88
2011-02-10,2011-02-10 17:03:00,1321.87,1321.87,1321.87,1321.87
2011-02-11,2011-02-11 17:04:00,1329.15,1329.15,1329.15,1329.15
2011-02-14,2011-02-14 17:02:00,1332.32,1332.32,1332.32,1332.32
2011-02-15,2011-02-15 17:06:00,1328.01,1328.01,1328.01,1328.01
2011-02-16,2011-02-16 17:03:00,1336.28,1336.31,1336.28,1336.31
2011-02-17,2011-02-17 17:06:00,1340.43,1340.43,1340.43,1340.43
2011-02-18,2011-02-18 17:03:00,1343.0,1343.01,1343.0,1343.01
2011-02-22,2011-02-22 17:05:00,1315.44,1315.44,1315.44,1315.44
2011-02-23,2011-02-23 17:04:00,1307.4,1307.4,1307.4,1307.4
2011-02-24,2011-02-24 17:03:00,1306.09,1306.1,1306.09,1306.1
2011-02-25,2011-02-25 17:06:00,1319.88,1319.88,1319.88,1319.88
2011-02-28,2011-02-28 17:07:00,1327.22,1327.22,1327.22,1327.22
2011-03-01,2011-03-01 17:05:00,1306.33,1306.33,1306.33,1306.33
2011-03-02,2011-03-02 17:03:00,1308.44,1308.44,1308.44,1308.44
2011-03-03,2011-03-03 17:04:00,1330.97,1330.97,1330.97,1330.97
2011-03-04,2011-03-04 17:05:00,1321.16,1321.16,1321.15,1321.15
2011-03-07,2011-03-07 17:05:00,1310.13,1310.13,1310.13,1310.13
2011-03-08,2011-03-08 17:05:00,1321.81,1321.82,1321.81,1321.82
2011-03-09,2011-03-09 17:07:00,1320.02,1320.02,1320.02,1320.02
2011-03-10,2011-03-10 17:05:00,1295.1,1295.11,1295.1,1295.11
2011-03-11,2011-03-11 17:04:00,1304.28,1304.28,1304.28,1304.28
2011-03-14,2011-03-14 16:05:00,1296.39,1296.39,1296.39,1296.39
2011-03-15,2011-03-15 16:03:00,1281.87,1281.87,1281.87,1281.87
2011-03-16,2011-03-16 16:05:00,1256.89,1256.89,1256.88,1256.88
2011-03-17,2011-03-17 16:04:00,1273.71,1273.72,1273.71,1273.72
2011-03-18,2011-03-18 16:08:00,1279.21,1279.21,1279.21,1279.21
2011-03-21,2011-03-21 16:03:00,1298.38,1298.38,1298.38,1298.38
2011-03-22,2011-03-22 16:04:00,1293.77,1293.77,1293.77,1293.77
2011-03-23,2011-03-23 16:03:00,1297.54,1297.54,1297.54,1297.54
2011-03-24,2011-03-24 16:03:00,1309.66,1309.66,1309.66,1309.66
2011-03-25,2011-03-25 16:02:00,1313.8,1313.8,1313.8,1313.8
2011-03-28,2011-03-28 17:04:00,1310.19,1310.19,1310.19,1310.19
2011-03-29,2011-03-29 17:05:00,1319.44,1319.44,1319.44,1319.44
2011-03-30,2011-03-30 17:04:00,1328.25,1328.26,1328.25,1328.26
2011-03-31,2011-03-31 17:04:00,1325.83,1325.83,1325.82,1325.82
2011-04-01,2011-04-01 17:04:00,1332.4,1332.41,1332.4,1332.41
2011-04-04,2011-04-04 17:03:00,1332.87,1332.87,1332.87,1332.87
2011-04-05,2011-04-05 17:03:00,1332.63,1332.64,1332.63,1332.63
2011-04-06,2011-04-06 17:03:00,1335.54,1335.54,1335.54,1335.54
2011-04-07,2011-04-07 17:03:00,1333.51,1333.51,1333.51,1333.51
2011-04-08,2011-04-08 17:04:00,1328.17,1328.17,1328.17,1328.17
2011-04-11,2011-04-11 17:05:00,1324.46,1324.46,1324.46,1324.46
2011-04-12,2011-04-12 17:03:00,1314.15,1314.15,1314.15,1314.15
2011-04-13,2011-04-13 17:05:00,1314.41,1314.41,1314.41,1314.41
2011-04-14,2011-04-14 17:03:00,1314.54,1314.54,1314.52,1314.52
2011-04-15,2011-04-15 17:04:00,1319.68,1319.68,1319.68,1319.68
2011-04-18,2011-04-18 17:05:00,1305.14,1305.14,1305.14,1305.14
2011-04-19,2011-04-19 17:04:00,1312.62,1312.62,1312.62,1312.62
2011-04-20,2011-04-20 17:04:00,1330.37,1330.37,1330.36,1330.36
2011-04-21,2011-04-21 17:03:00,1337.37,1337.39,1337.37,1337.39
2011-04-25,2011-04-25 17:04:00,1335.25,1335.25,1335.25,1335.25
2011-04-26,2011-04-26 17:04:00,1347.23,1347.24,1347.23,1347.24
2011-04-27,2011-04-27 17:04:00,1355.65,1355.66,1355.65,1355.66
2011-04-28,2011-04-28 17:03:00,1360.47,1360.48,1360.47,1360.48
2011-04-29,2011-04-29 17:05:00,1363.61,1363.61,1363.61,1363.61
2011-05-02,2011-05-02 17:04:00,1361.22,1361.22,1361.22,1361.22
2011-05-03,2011-05-03 17:04:00,1356.62,1356.62,1356.62,1356.62
2011-05-04,2011-05-04 17:04:00,1347.32,1347.32,1347.32,1347.32
2011-05-05,2011-05-05 17:00:00,1334.69,1334.9,1334.69,1334.9
2011-05-06,2011-05-06 17:04:00,1340.2,1340.2,1340.2,1340.2
2011-05-09,2011-05-09 17:05:00,1346.3,1346.3,1346.3,1346.3
2011-05-10,2011-05-10 17:04:00,1357.17,1357.17,1357.16,1357.16
2011-05-11,2011-05-11 17:04:00,1342.08,1342.08,1342.08,1342.08
2011-05-12,2011-05-12 17:02:00,1348.65,1348.65,1348.65,1348.65
2011-05-13,2011-05-13 17:04:00,1337.78,1337.78,1337.77,1337.77
2011-05-16,2011-05-16 17:01:00,1329.48,1329.49,1329.47,1329.47
2011-05-17,2011-05-17 17:03:00,1328.98,1328.98,1328.98,1328.98
2011-05-18,2011-05-18 17:05:00,1340.68,1340.68,1340.68,1340.68
2011-05-19,2011-05-19 17:03:00,1343.59,1343.6,1343.59,1343.6
2011-05-20,2011-05-20 17:04:00,1333.27,1333.27,1333.27,1333.27
2011-05-23,2011-05-23 17:08:00,1317.37,1317.37,1317.37,1317.37
2011-05-24,2011-05-24 17:04:00,1316.29,1316.29,1316.28,1316.28
2011-05-25,2011-05-25 17:03:00,1320.49,1320.49,1320.48,1320.48
2011-05-26,2011-05-26 17:05:00,1325.69,1325.69,1325.69,1325.69
2011-05-27,2011-05-27 17:05:00,1331.1,1331.1,1331.1,1331.1
2011-05-31,2011-05-31 17:07:00,1345.2,1345.2,1345.2,1345.2
2011-06-01,2011-06-01 17:04:00,1314.53,1314.54,1314.53,1314.54
2011-06-02,2011-06-02 17:04:00,1312.94,1312.94,1312.94,1312.94
2011-06-03,2011-06-03 17:04:00,1300.16,1300.16,1300.16,1300.16
2011-06-06,2011-06-06 17:03:00,1286.17,1286.17,1286.17,1286.17
2011-06-07,2011-06-07 17:05:00,1284.95,1284.95,1284.95,1284.95
2011-06-08,2011-06-08 17:05:00,1279.56,1279.56,1279.56,1279.56
2011-06-09,2011-06-09 17:05:00,1289.0,1289.0,1289.0,1289.0
2011-06-10,2011-06-10 17:04:00,1270.98,1270.98,1270.97,1270.97
2011-06-13,2011-06-13 17:04:00,1271.83,1271.83,1271.83,1271.83
2011-06-14,2011-06-14 17:04:00,1287.87,1287.87,1287.87,1287.87
2011-06-15,2011-06-15 17:05:00,1265.42,1265.43,1265.42,1265.43
2011-06-16,2011-06-16 17:04:00,1267.64,1267.64,1267.64,1267.64
2011-06-17,2011-06-17 17:05:00,1271.5,1271.5,1271.5,1271.5
2011-06-20,2011-06-20 17:04:00,1278.36,1278.36,1278.36,1278.36
2011-06-21,2011-06-21 17:03:00,1295.52,1295.52,1295.52,1295.52
2011-06-22,2011-06-22 17:04:00,1287.14,1287.14,1287.14,1287.14
2011-06-23,2011-06-23 17:04:00,1283.51,1283.51,1283.51,1283.51
2011-06-24,2011-06-24 17:10:00,1268.45,1268.45,1268.45,1268.45
2011-06-27,2011-06-27 17:09:00,1280.1,1280.1,1280.1,1280.1
2011-06-28,2011-06-28 17:04:00,1296.67,1296.67,1296.67,1296.67
2011-06-29,2011-06-29 17:05:00,1307.41,1307.41,1307.41,1307.41
2011-06-30,2011-06-30 17:07:00,1320.64,1320.64,1320.64,1320.64
2011-07-01,2011-07-01 17:04:00,1339.65,1339.67,1339.65,1339.67
2011-07-05,2011-07-05 17:05:00,1337.88,1337.88,1337.88,1337.88
2011-07-06,2011-07-06 17:05:00,1339.22,1339.22,1339.22,1339.22
2011-07-07,2011-07-07 17:04:00,1353.22,1353.22,1353.22,1353.22
2011-07-08,2011-07-08 17:05:00,1343.81,1343.81,1343.81,1343.81
2011-07-11,2011-07-11 17:03:00,1319.49,1319.49,1319.49,1319.49
2011-07-12,2011-07-12 17:04:00,1313.64,1313.64,1313.64,1313.64
2011-07-13,2011-07-13 17:04:00,1317.72,1317.72,1317.72,1317.72
2011-07-14,2011-07-14 17:04:00,1308.87,1308.87,1308.87,1308.87
2011-07-15,2011-07-15 17:08:00,1316.14,1316.14,1316.14,1316.14
2011-07-18,2011-07-18 17:04:00,1305.44,1305.44,1305.44,1305.44
2011-07-19,2011-07-19 17:04:00,1326.73,1326.73,1326.73,1326.73
2011-07-20,2011-07-20 17:05:00,1325.85,1325.85,1325.84,1325.84
2011-07-21,2011-07-21 17:02:00,1343.82,1343.82,1343.8,1343.8
2011-07-22,2011-07-22 17:06:00,1345.02,1345.02,1345.02,1345.02
2011-07-25,2011-07-25 17:05:00,1337.43,1337.43,1337.43,1337.43
2011-07-26,2011-07-26 17:04:00,1331.94,1331.94,1331.94,1331.94
2011-07-27,2011-07-27 17:04:00,1304.89,1304.89,1304.89,1304.89
2011-07-28,2011-07-28 17:05:00,1300.68,1300.68,1300.67,1300.67
2011-07-29,2011-07-29 17:06:00,1292.28,1292.28,1292.28,1292.28
2011-08-01,2011-08-01 17:06:00,1286.95,1286.95,1286.94,1286.94
2011-08-02,2011-08-02 17:09:00,1254.04,1254.05,1254.04,1254.05
2011-08-03,2011-08-03 17:03:00,1260.34,1260.34,1260.34,1260.34
2011-08-04,2011-08-04 17:07:00,1200.07,1200.07,1200.07,1200.07
2011-08-05,2011-08-05 17:08:00,1199.38,1199.38,1199.38,1199.38
2011-08-08,2011-08-08 17:07:00,1119.46,1119.46,1119.46,1119.46
2011-08-09,2011-08-09 17:07:00,1172.53,1172.53,1172.53,1172.53
2011-08-10,2011-08-10 17:08:00,1120.76,1120.76,1120.76,1120.76
2011-08-11,2011-08-11 17:10:00,1172.63,1172.64,1172.63,1172.64
2011-08-12,2011-08-12 17:07:00,1178.81,1178.81,1178.81,1178.81
2011-08-15,2011-08-15 17:05:00,1204.49,1204.49,1204.49,1204.49
2011-08-16,2011-08-16 17:04:00,1192.76,1192.76,1192.76,1192.76
2011-08-17,2011-08-17 17:03:00,1193.87,1193.88,1193.87,1193.88
2011-08-18,2011-08-18 17:06:00,1140.65,1140.65,1140.65,1140.65
2011-08-19,2011-08-19 17:06:00,1123.53,1123.53,1123.53,1123.53
2011-08-22,2011-08-22 17:05:00,1123.82,1123.82,1123.82,1123.82
2011-08-23,2011-08-23 17:05:00,1162.35,1162.35,1162.35,1162.35
2011-08-24,2011-08-24 17:03:00,1177.6,1177.6,1177.6,1177.6
2011-08-25,2011-08-25 17:05:00,1159.27,1159.27,1159.27,1159.27
2011-08-26,2011-08-26 17:05:00,1176.8,1176.8,1176.8,1176.8
2011-08-29,2011-08-29 17:06:00,1210.09,1210.09,1210.08,1210.08
2011-08-30,2011-08-30 17:04:00,1212.91,1212.92,1212.91,1212.92
2011-08-31,2011-08-31 17:05:00,1218.89,1218.89,1218.89,1218.89
2011-09-01,2011-09-01 17:04:00,1204.42,1204.42,1204.42,1204.42
2011-09-02,2011-09-02 17:08:00,1173.97,1173.97,1173.97,1173.97
2011-09-05,2011-09-05 17:16:00,1173.97,1173.97,1173.97,1173.97
2011-09-06,2011-09-06 17:16:00,1165.24,1165.24,1165.24,1165.24
2011-09-07,2011-09-07 17:16:00,1198.62,1198.62,1198.62,1198.62
2011-09-08,2011-09-08 17:16:00,1185.9,1185.9,1185.9,1185.9
2011-09-09,2011-09-09 17:16:00,1154.23,1154.23,1154.23,1154.23
2011-09-12,2011-09-12 17:16:00,1162.27,1162.27,1162.27,1162.27
2011-09-13,2011-09-13 17:16:00,1172.87,1172.87,1172.87,1172.87
2011-09-14,2011-09-14 17:16:00,1188.68,1188.68,1188.68,1188.68
2011-09-15,2011-09-15 17:16:00,1209.11,1209.11,1209.11,1209.11
2011-09-16,2011-09-16 17:16:00,1216.01,1216.01,1216.01,1216.01
2011-09-19,2011-09-19 17:16:00,1204.09,1204.09,1204.09,1204.09
2011-09-20,2011-09-20 17:16:00,1202.09,1202.09,1202.09,1202.09
2011-09-21,2011-09-21 17:16:00,1166.76,1166.76,1166.76,1166.76
2011-09-22,2011-09-22 17:16:00,1129.56,1129.56,1129.56,1129.56
2011-09-23,2011-09-23 17:16:00,1136.43,1136.43,1136.43,1136.43
2011-09-26,2011-09-26 17:16:00,1162.95,1162.95,1162.95,1162.95
2011-09-27,2011-09-27 17:16:00,1175.38,1175.38,1175.38,1175.38
2011-09-28,2011-09-28 17:16:00,1151.06,1151.06,1151.06,1151.06
2011-09-29,2011-09-29 17:16:00,1160.4,1160.4,1160.4,1160.4
2011-09-30,2011-09-30 17:16:00,1131.42,1131.42,1131.42,1131.42
2011-10-03,2011-10-03 17:16:00,1099.23,1099.23,1099.23,1099.23
2011-10-04,2011-10-04 17:16:00,1123.95,1123.95,1123.95,1123.95
2011-10-05,2011-10-05 17:31:00,1144.03,1144.03,1144.03,1144.03
2011-10-06,2011-10-06 17:16:00,1164.97,1164.97,1164.97,1164.97
2011-10-07,2011-10-07 17:16:00,1155.46,1155.46,1155.46,1155.46
2011-10-10,2011-10-10 17:16:00,1194.89,1194.89,1194.89,1194.89
2011-10-11,2011-10-11 17:16:00,1195.54,1195.54,1195.54,1195.54
2011-10-12,2011-10-12 17:16:00,1207.25,1207.25,1207.25,1207.25
2011-10-13,2011-10-13 17:16:00,1203.66,1203.66,1203.66,1203.66
2011-10-14,2011-10-14 17:16:00,1224.58,1224.58,1224.58,1224.58
2011-10-17,2011-10-17 17:16:00,1200.86,1200.86,1200.86,1200.86
2011-10-18,2011-10-18 17:16:00,1225.38,1225.38,1225.38,1225.38
2011-10-19,2011-10-19 17:16:00,1209.88,1209.88,1209.88,1209.88
2011-10-20,2011-10-20 17:16:00,1215.39,1215.39,1215.39,1215.39
2011-10-21,2011-10-21 17:16:00,1238.25,1238.25,1238.25,1238.25
2011-10-24,2011-10-24 17:16:00,1254.19,1254.19,1254.19,1254.19
2011-10-25,2011-10-25 17:16:00,1229.05,1229.05,1229.05,1229.05
2011-10-26,2011-10-26 17:16:00,1242.0,1242.0,1242.0,1242.0
2011-10-27,2011-10-27 17:16:00,1284.59,1284.59,1284.59,1284.59
2011-10-28,2011-10-28 17:38:00,1285.09,1285.09,1285.09,1285.09
2011-10-31,2011-10-31 17:16:00,1253.3,1253.3,1253.3,1253.3
2011-11-01,2011-11-01 17:16:00,1218.28,1218.28,1218.28,1218.28
2011-11-02,2011-11-02 17:16:00,1237.9,1237.9,1237.9,1237.9
2011-11-03,2011-11-03 17:16:00,1261.15,1261.15,1261.15,1261.15
2011-11-04,2011-11-04 17:16:00,1253.23,1253.23,1253.23,1253.23
2011-11-07,2011-11-07 18:04:00,1261.12,1261.12,1261.12,1261.12
2011-11-08,2011-11-08 18:07:00,1275.92,1275.92,1275.92,1275.92
2011-11-09,2011-11-09 18:04:00,1229.11,1229.11,1229.1,1229.1
2011-11-10,2011-11-10 18:05:00,1239.7,1239.7,1239.69,1239.7
2011-11-11,2011-11-11 18:04:00,1263.85,1263.85,1263.85,1263.85
2011-11-14,2011-11-14 18:11:00,1251.78,1251.78,1251.78,1251.78
2011-11-15,2011-11-15 18:05:00,1257.81,1257.81,1257.81,1257.81
2011-11-16,2011-11-16 18:12:00,1236.91,1236.91,1236.91,1236.91
2011-11-17,2011-11-17 18:13:00,1216.13,1216.13,1216.13,1216.13
2011-11-18,2011-11-18 18:05:00,1215.65,1215.65,1215.65,1215.65
2011-11-21,2011-11-21 18:07:00,1192.98,1192.98,1192.98,1192.98
2011-11-22,2011-11-22 18:08:00,1188.04,1188.04,1188.04,1188.04
2011-11-23,2011-11-23 18:06:00,1161.79,1161.79,1161.79,1161.79
2011-11-24,2011-11-24 17:16:00,1161.79,1161.79,1161.79,1161.79
2011-11-25,2011-11-25 17:16:00,1158.67,1158.67,1158.67,1158.67
2011-11-28,2011-11-28 18:04:00,1192.55,1192.55,1192.55,1192.55
2011-11-29,2011-11-29 18:05:00,1195.19,1195.19,1195.19,1195.19
2011-11-30,2011-11-30 18:10:00,1246.96,1246.96,1246.96,1246.96
2011-12-01,2011-12-01 18:14:00,1244.58,1244.58,1244.58,1244.58
2011-12-02,2011-12-02 18:03:00,1244.26,1244.28,1244.26,1244.28
2011-12-05,2011-12-05 18:04:00,1257.08,1257.08,1257.08,1257.08
2011-12-06,2011-12-06 18:04:00,1258.46,1258.47,1258.46,1258.47
2011-12-07,2011-12-07 18:06:00,1261.01,1261.01,1261.01,1261.01
2011-12-08,2011-12-08 18:07:00,1234.36,1234.36,1234.35,1234.35
2011-12-09,2011-12-09 18:04:00,1255.18,1255.19,1255.18,1255.19
2011-12-12,2011-12-12 18:08:00,1236.48,1236.48,1236.47,1236.47
2011-12-13,2011-12-13 18:05:00,1225.73,1225.73,1225.73,1225.73
2011-12-14,2011-12-14 18:02:00,1211.79,1211.82,1211.79,1211.82
2011-12-15,2011-12-15 18:12:00,1215.75,1215.75,1215.75,1215.75
2011-12-16,2011-12-16 18:12:00,1219.66,1219.66,1219.66,1219.66
2011-12-19,2011-12-19 18:05:00,1205.35,1205.35,1205.35,1205.35
2011-12-20,2011-12-20 18:08:00,1241.29,1241.3,1241.29,1241.3
2011-12-21,2011-12-21 18:08:00,1243.72,1243.72,1243.72,1243.72
2011-12-22,2011-12-22 18:06:00,1254.01,1254.01,1254.0,1254.0
2011-12-23,2011-12-23 18:04:00,1265.31,1265.33,1265.31,1265.33
2011-12-26,2011-12-26 17:16:00,1265.33,1265.33,1265.33,1265.33
2011-12-27,2011-12-27 18:45:00,1265.43,1265.43,1265.43,1265.43
2011-12-28,2011-12-28 18:07:00,1249.64,1249.64,1249.64,1249.64
2011-12-29,2011-12-29 18:07:00,1263.02,1263.02,1263.02,1263.02
2011-12-30,2011-12-30 18:10:00,1257.6,1257.6,1257.6,1257.6
2012-01-02,2012-01-02 17:16:00,1257.6,1257.6,1257.6,1257.6
2012-01-03,2012-01-03 18:07:00,1277.06,1277.06,1277.05,1277.06
2012-01-04,2012-01-04 18:03:00,1277.31,1277.31,1277.29,1277.3
2012-01-05,2012-01-05 18:06:00,1281.06,1281.06,1281.06,1281.06
2012-01-06,2012-01-06 18:03:00,1277.82,1277.82,1277.81,1277.81
2012-01-09,2012-01-09 18:04:00,1280.69,1280.7,1280.69,1280.7
2012-01-10,2012-01-10 18:06:00,1292.08,1292.08,1292.07,1292.08
2012-01-11,2012-01-11 18:08:00,1292.48,1292.48,1292.48,1292.48
2012-01-12,2012-01-12 18:03:00,1295.49,1295.5,1295.49,1295.5
2012-01-13,2012-01-13 18:06:00,1289.1,1289.1,1289.09,1289.09
2012-01-16,2012-01-16 17:16:00,1289.09,1289.09,1289.09,1289.09
2012-01-17,2012-01-17 18:06:00,1293.67,1293.67,1293.67,1293.67
2012-01-18,2012-01-18 18:05:00,1308.04,1308.04,1308.04,1308.04
2012-01-19,2012-01-19 18:03:00,1314.51,1314.51,1314.5,1314.5
2012-01-20,2012-01-20 18:05:00,1315.38,1315.38,1315.38,1315.38
2012-01-23,2012-01-23 18:04:00,1316.0,1316.0,1316.0,1316.0
2012-01-24,2012-01-24 18:33:00,1314.65,1314.65,1314.65,1314.65
2012-01-25,2012-01-25 18:04:00,1326.06,1326.06,1326.06,1326.06
2012-01-26,2012-01-26 18:42:00,1318.43,1318.43,1318.43,1318.43
2012-01-27,2012-01-27 18:33:00,1316.33,1316.33,1316.33,1316.33
2012-01-30,2012-01-30 18:32:00,1313.01,1313.01,1313.01,1313.01
2012-01-31,2012-01-31 18:32:00,1312.41,1312.41,1312.41,1312.41
2012-02-01,2012-02-01 18:41:00,1324.09,1324.09,1324.09,1324.09
2012-02-02,2012-02-02 18:06:00,1325.55,1325.55,1325.54,1325.54
2012-02-03,2012-02-03 18:05:00,1344.9,1344.9,1344.9,1344.9
2012-02-06,2012-02-06 18:05:00,1344.33,1344.33,1344.33,1344.33
2012-02-07,2012-02-07 18:10:00,1347.05,1347.05,1347.05,1347.05
2012-02-08,2012-02-08 18:05:00,1349.96,1349.96,1349.96,1349.96
2012-02-09,2012-02-09 18:05:00,1351.96,1351.96,1351.95,1351.95
2012-02-10,2012-02-10 18:00:00,1341.37,1342.59,1341.37,1342.59
2012-02-13,2012-02-13 19:16:00,1351.77,1351.77,1351.77,1351.77
2012-02-14,2012-02-14 19:16:00,1350.5,1350.5,1350.5,1350.5
2012-02-15,2012-02-15 19:16:00,1343.23,1343.23,1343.23,1343.23
2012-02-16,2012-02-16 19:16:00,1358.04,1358.04,1358.04,1358.04
2012-02-17,2012-02-17 19:16:00,1361.23,1361.23,1361.23,1361.23
2012-02-20,2012-02-20 19:16:00,1361.23,1361.23,1361.23,1361.23
2012-02-21,2012-02-21 19:16:00,1362.21,1362.21,1362.21,1362.21
2012-02-22,2012-02-22 19:16:00,1357.66,1357.66,1357.66,1357.66
2012-02-23,2012-02-23 19:16:00,1363.46,1363.46,1363.46,1363.46
2012-02-24,2012-02-24 19:16:00,1365.74,1365.74,1365.74,1365.74
2012-02-27,2012-02-27 19:16:00,1367.59,1367.59,1367.59,1367.59
2012-02-28,2012-02-28 19:16:00,1372.18,1372.18,1372.18,1372.18
2012-02-29,2012-02-29 19:16:00,1365.68,1365.68,1365.68,1365.68
2012-03-01,2012-03-01 19:16:00,1374.09,1374.09,1374.09,1374.09
2012-03-02,2012-03-02 19:16:00,1369.63,1369.63,1369.63,1369.63
2012-03-05,2012-03-05 19:16:00,1364.33,1364.33,1364.33,1364.33
2012-03-06,2012-03-06 19:16:00,1343.36,1343.36,1343.36,1343.36
2012-03-07,2012-03-07 19:16:00,1352.63,1352.63,1352.63,1352.63
2012-03-08,2012-03-08 19:16:00,1365.91,1365.91,1365.91,1365.91
2012-03-09,2012-03-09 19:16:00,1370.87,1370.87,1370.87,1370.87
2012-03-12,2012-03-12 19:16:00,1371.09,1371.09,1371.09,1371.09
2012-03-13,2012-03-13 19:16:00,1395.95,1395.95,1395.95,1395.95
2012-03-14,2012-03-14 19:16:00,1394.28,1394.28,1394.28,1394.28
2012-03-15,2012-03-15 19:16:00,1402.6,1402.6,1402.6,1402.6
2012-03-16,2012-03-16 19:16:00,1404.17,1404.17,1404.17,1404.17
2012-03-19,2012-03-19 19:16:00,1409.75,1409.75,1409.75,1409.75
2012-03-20,2012-03-20 19:16:00,1405.52,1405.52,1405.52,1405.52
2012-03-21,2012-03-21 19:16:00,1402.89,1402.89,1402.89,1402.89
2012-03-22,2012-03-22 19:16:00,1392.78,1392.78,1392.78,1392.78
2012-03-23,2012-03-23 19:16:00,1397.11,1397.11,1397.11,1397.11
2012-03-26,2012-03-26 19:16:00,1416.51,1416.51,1416.51,1416.51
2012-03-27,2012-03-27 19:16:00,1412.52,1412.52,1412.52,1412.52
2012-03-28,2012-03-28 19:16:00,1405.54,1405.54,1405.54,1405.54
2012-03-29,2012-03-29 19:16:00,1403.28,1403.28,1403.28,1403.28
2012-03-30,2012-03-30 19:16:00,1408.47,1408.47,1408.47,1408.47
2012-04-02,2012-04-02 19:16:00,1419.04,1419.04,1419.04,1419.04
2012-04-03,2012-04-03 19:16:00,1413.38,1413.38,1413.38,1413.38
2012-04-04,2012-04-04 19:16:00,1398.96,1398.96,1398.96,1398.96
2012-04-05,2012-04-05 19:16:00,1398.08,1398.08,1398.08,1398.08
2012-04-06,2012-04-06 19:16:00,1398.08,1398.08,1398.08,1398.08
2012-04-09,2012-04-09 19:16:00,1382.2,1382.2,1382.2,1382.2
2012-04-10,2012-04-10 19:16:00,1358.59,1358.59,1358.59,1358.59
2012-04-11,2012-04-11 19:16:00,1368.71,1368.71,1368.71,1368.71
2012-04-12,2012-04-12 19:16:00,1387.57,1387.57,1387.57,1387.57
2012-04-13,2012-04-13 19:16:00,1370.26,1370.26,1370.26,1370.26
2012-04-16,2012-04-16 19:16:00,1369.57,1369.57,1369.57,1369.57
2012-04-17,2012-04-17 19:16:00,1390.78,1390.78,1390.78,1390.78
2012-04-18,2012-04-18 19:16:00,1385.14,1385.14,1385.14,1385.14
2012-04-19,2012-04-19 19:16:00,1376.92,1376.92,1376.92,1376.92
2012-04-20,2012-04-20 19:16:00,1378.53,1378.53,1378.53,1378.53
2012-04-23,2012-04-23 19:16:00,1366.94,1366.94,1366.94,1366.94
2012-04-24,2012-04-24 19:16:00,1371.97,1371.97,1371.97,1371.97
2012-04-25,2012-04-25 19:16:00,1390.69,1390.69,1390.69,1390.69
2012-04-26,2012-04-26 19:16:00,1399.98,1399.98,1399.98,1399.98
2012-04-27,2012-04-27 19:49:00,1403.36,1403.36,1403.36,1403.36
2012-04-30,2012-04-30 19:16:00,1397.91,1397.91,1397.91,1397.91
2012-05-01,2012-05-01 19:16:00,1405.82,1405.82,1405.82,1405.82
2012-05-02,2012-05-02 19:16:00,1402.31,1402.31,1402.31,1402.31
2012-05-03,2012-05-03 19:16:00,1391.57,1391.57,1391.57,1391.57
2012-05-04,2012-05-04 19:17:00,1369.1,1369.1,1369.1,1369.1
2012-05-07,2012-05-07 19:16:00,1369.58,1369.58,1369.58,1369.58
2012-05-08,2012-05-08 19:16:00,1363.72,1363.72,1363.72,1363.72
2012-05-09,2012-05-09 19:16:00,1354.58,1354.58,1354.58,1354.58
2012-05-10,2012-05-10 19:16:00,1357.99,1357.99,1357.99,1357.99
2012-05-11,2012-05-11 19:16:00,1353.39,1353.39,1353.39,1353.39
2012-05-14,2012-05-14 19:16:00,1338.35,1338.35,1338.35,1338.35
2012-05-15,2012-05-15 19:16:00,1330.66,1330.66,1330.66,1330.66
2012-05-16,2012-05-16 19:16:00,1324.8,1324.8,1324.8,1324.8
2012-05-17,2012-05-17 19:16:00,1304.86,1304.86,1304.86,1304.86
2012-05-18,2012-05-18 19:16:00,1295.22,1295.22,1295.22,1295.22
2012-05-21,2012-05-21 19:16:00,1315.99,1315.99,1315.99,1315.99
2012-05-22,2012-05-22 19:16:00,1316.63,1316.63,1316.63,1316.63
2012-05-23,2012-05-23 19:16:00,1318.86,1318.86,1318.86,1318.86
2012-05-24,2012-05-24 19:16:00,1320.68,1320.68,1320.68,1320.68
2012-05-25,2012-05-25 19:16:00,1317.82,1317.82,1317.82,1317.82
2012-05-28,2012-05-28 19:16:00,1317.82,1317.82,1317.82,1317.82
2012-05-29,2012-05-29 19:16:00,1332.42,1332.42,1332.42,1332.42
2012-05-30,2012-05-30 19:16:00,1313.32,1313.32,1313.32,1313.32
2012-05-31,2012-05-31 19:16:00,1310.33,1310.33,1310.33,1310.33
2012-06-01,2012-06-01 19:16:00,1278.04,1278.04,1278.04,1278.04
2012-06-04,2012-06-04 19:16:00,1278.18,1278.18,1278.18,1278.18
2012-06-05,2012-06-05 19:16:00,1285.5,1285.5,1285.5,1285.5
2012-06-06,2012-06-06 19:16:00,1315.13,1315.13,1315.13,1315.13
2012-06-07,2012-06-07 19:16:00,1314.99,1314.99,1314.99,1314.99
2012-06-08,2012-06-08 19:16:00,1325.66,1325.66,1325.66,1325.66
2012-06-11,2012-06-11 19:16:00,1308.93,1308.93,1308.93,1308.93
2012-06-12,2012-06-12 19:16:00,1324.18,1324.18,1324.18,1324.18
2012-06-13,2012-06-13 19:16:00,1314.88,1314.88,1314.88,1314.88
2012-06-14,2012-06-14 19:16:00,1329.1,1329.1,1329.1,1329.1
2012-06-15,2012-06-15 19:16:00,1342.84,1342.84,1342.84,1342.84
2012-06-18,2012-06-18 19:16:00,1344.78,1344.78,1344.78,1344.78
2012-06-19,2012-06-19 19:16:00,1357.98,1357.98,1357.98,1357.98
2012-06-20,2012-06-20 19:16:00,1355.69,1355.69,1355.69,1355.69
2012-06-21,2012-06-21 19:16:00,1325.51,1325.51,1325.51,1325.51
2012-06-22,2012-06-22 19:16:00,1335.02,1335.02,1335.02,1335.02
2012-06-25,2012-06-25 19:16:00,1313.72,1313.72,1313.72,1313.72
2012-06-26,2012-06-26 19:16:00,1319.99,1319.99,1319.99,1319.99
2012-06-27,2012-06-27 19:16:00,1331.85,1331.85,1331.85,1331.85
2012-06-28,2012-06-28 19:16:00,1329.04,1329.04,1329.04,1329.04
2012-06-29,2012-06-29 19:16:00,1362.16,1362.16,1362.16,1362.16
2012-07-02,2012-07-02 19:16:00,1365.51,1365.51,1365.51,1365.51
2012-07-03,2012-07-03 19:16:00,1374.02,1374.02,1374.02,1374.02
2012-07-04,2012-07-04 19:16:00,1374.02,1374.02,1374.02,1374.02
2012-07-05,2012-07-05 19:16:00,1367.58,1367.58,1367.58,1367.58
2012-07-06,2012-07-06 19:16:00,1354.68,1354.68,1354.68,1354.68
2012-07-09,2012-07-09 19:16:00,1352.46,1352.46,1352.46,1352.46
2012-07-10,2012-07-10 19:16:00,1341.47,1341.47,1341.47,1341.47
2012-07-11,2012-07-11 19:16:00,1341.45,1341.45,1341.45,1341.45
2012-07-12,2012-07-12 19:16:00,1334.76,1334.76,1334.76,1334.76
2012-07-13,2012-07-13 19:16:00,1356.78,1356.78,1356.78,1356.78
2012-07-16,2012-07-16 19:16:00,1353.64,1353.64,1353.64,1353.64
2012-07-17,2012-07-17 19:16:00,1363.67,1363.67,1363.67,1363.67
2012-07-18,2012-07-18 19:17:00,1372.78,1372.78,1372.78,1372.78
2012-07-19,2012-07-19 19:16:00,1376.51,1376.51,1376.51,1376.51
2012-07-20,2012-07-20 19:16:00,1362.66,1362.66,1362.66,1362.66
2012-07-23,2012-07-23 19:16:00,1350.52,1350.52,1350.52,1350.52
2012-07-24,2012-07-24 19:16:00,1338.31,1338.31,1338.31,1338.31
2012-07-25,2012-07-25 19:16:00,1337.89,1337.89,1337.89,1337.89
2012-07-26,2012-07-26 19:16:00,1360.02,1360.02,1360.02,1360.02
2012-07-27,2012-07-27 19:16:00,1385.97,1385.97,1385.97,1385.97
2012-07-30,2012-07-30 19:16:00,1385.3,1385.3,1385.3,1385.3
2012-07-31,2012-07-31 19:16:00,1379.32,1379.32,1379.32,1379.32
2012-08-01,2012-08-01 19:16:00,1375.32,1375.32,1375.32,1375.32
2012-08-02,2012-08-02 19:16:00,1365.0,1365.0,1365.0,1365.0
2012-08-03,2012-08-03 19:16:00,1390.99,1390.99,1390.99,1390.99
2012-08-06,2012-08-06 19:16:00,1394.23,1394.23,1394.23,1394.23
2012-08-07,2012-08-07 19:16:00,1401.35,1401.35,1401.35,1401.35
2012-08-08,2012-08-08 19:16:00,1402.22,1402.22,1402.22,1402.22
2012-08-09,2012-08-09 19:16:00,1402.8,1402.8,1402.8,1402.8
2012-08-10,2012-08-10 19:16:00,1405.87,1405.87,1405.87,1405.87
2012-08-13,2012-08-13 19:16:00,1404.11,1404.11,1404.11,1404.11
2012-08-14,2012-08-14 19:16:00,1403.93,1403.93,1403.93,1403.93
2012-08-15,2012-08-15 19:16:00,1405.53,1405.53,1405.53,1405.53
2012-08-16,2012-08-16 19:16:00,1415.51,1415.51,1415.51,1415.51
2012-08-17,2012-08-17 19:16:00,1418.16,1418.16,1418.16,1418.16
2012-08-20,2012-08-20 19:16:00,1418.13,1418.13,1418.13,1418.13
2012-08-21,2012-08-21 19:16:00,1413.17,1413.17,1413.17,1413.17
2012-08-22,2012-08-22 19:16:00,1413.49,1413.49,1413.49,1413.49
2012-08-23,2012-08-23 19:16:00,1402.08,1402.08,1402.08,1402.08
2012-08-24,2012-08-24 19:16:00,1411.13,1411.13,1411.13,1411.13
2012-08-27,2012-08-27 19:16:00,1410.44,1410.44,1410.44,1410.44
2012-08-28,2012-08-28 19:16:00,1409.3,1409.3,1409.3,1409.3
2012-08-29,2012-08-29 19:16:00,1410.49,1410.49,1410.49,1410.49
2012-08-30,2012-08-30 19:16:00,1399.48,1399.48,1399.48,1399.48
2012-08-31,2012-08-31 19:16:00,1406.58,1406.58,1406.58,1406.58
2012-09-03,2012-09-03 19:16:00,1406.58,1406.58,1406.58,1406.58
2012-09-04,2012-09-04 19:16:00,1404.94,1404.94,1404.94,1404.94
2012-09-05,2012-09-05 19:16:00,1403.44,1403.44,1403.44,1403.44
2012-09-06,2012-09-06 19:16:00,1432.12,1432.12,1432.12,1432.12
2012-09-07,2012-09-07 19:16:00,1437.92,1437.92,1437.92,1437.92
2012-09-10,2012-09-10 19:16:00,1429.08,1429.08,1429.08,1429.08
2012-09-11,2012-09-11 19:16:00,1433.56,1433.56,1433.56,1433.56
2012-09-12,2012-09-12 19:16:00,1436.56,1436.56,1436.56,1436.56
2012-09-13,2012-09-13 19:16:00,1459.99,1459.99,1459.99,1459.99
2012-09-14,2012-09-14 19:16:00,1465.77,1465.77,1465.77,1465.77
2012-09-17,2012-09-17 19:16:00,1461.19,1461.19,1461.19,1461.19
2012-09-18,2012-09-18 19:16:00,1459.32,1459.32,1459.32,1459.32
2012-09-19,2012-09-19 19:16:00,1461.05,1461.05,1461.05,1461.05
2012-09-20,2012-09-20 19:16:00,1460.26,1460.26,1460.26,1460.26
2012-09-21,2012-09-21 19:16:00,1460.15,1460.15,1460.15,1460.15
2012-09-24,2012-09-24 19:16:00,1456.89,1456.89,1456.89,1456.89
2012-09-25,2012-09-25 19:16:00,1441.59,1441.59,1441.59,1441.59
2012-09-26,2012-09-26 19:16:00,1433.32,1433.32,1433.32,1433.32
2012-09-27,2012-09-27 19:16:00,1447.15,1447.15,1447.15,1447.15
2012-09-28,2012-09-28 19:16:00,1440.67,1440.67,1440.67,1440.67
2012-10-01,2012-10-01 19:16:00,1444.49,1444.49,1444.49,1444.49
2012-10-02,2012-10-02 19:16:00,1445.75,1445.75,1445.75,1445.75
2012-10-03,2012-10-03 19:16:00,1450.99,1450.99,1450.99,1450.99
2012-10-04,2012-10-04 19:16:00,1461.4,1461.4,1461.4,1461.4
2012-10-05,2012-10-05 19:16:00,1460.93,1460.93,1460.93,1460.93
2012-10-08,2012-10-08 19:16:00,1455.88,1455.88,1455.88,1455.88
2012-10-09,2012-10-09 19:16:00,1441.48,1441.48,1441.48,1441.48
2012-10-10,2012-10-10 19:16:00,1432.56,1432.56,1432.56,1432.56
2012-10-11,2012-10-11 19:16:00,1432.84,1432.84,1432.84,1432.84
2012-10-12,2012-10-12 19:16:00,1428.59,1428.59,1428.59,1428.59
2012-10-15,2012-10-15 19:16:00,1440.13,1440.13,1440.13,1440.13
2012-10-16,2012-10-16 19:16:00,1454.92,1454.92,1454.92,1454.92
2012-10-17,2012-10-17 19:16:00,1460.91,1460.91,1460.91,1460.91
2012-10-18,2012-10-18 17:07:00,1457.34,1457.34,1457.34,1457.34
2012-10-19,2012-10-19 17:07:00,1433.2,1433.2,1433.19,1433.19
2012-10-22,2012-10-22 17:57:00,1433.82,1433.82,1433.82,1433.82
2012-10-23,2012-10-23 19:16:00,1413.11,1413.11,1413.11,1413.11
2012-10-24,2012-10-24 19:16:00,1408.75,1408.75,1408.75,1408.75
2012-10-25,2012-10-25 19:16:00,1412.97,1412.97,1412.97,1412.97
2012-10-26,2012-10-26 19:16:00,1411.94,1411.94,1411.94,1411.94
2012-10-29,2012-10-29 19:16:00,1411.94,1411.94,1411.94,1411.94
2012-10-30,2012-10-30 19:16:00,1411.94,1411.94,1411.94,1411.94
2012-10-31,2012-10-31 19:16:00,1412.16,1412.16,1412.16,1412.16
2012-11-01,2012-11-01 19:16:00,1427.59,1427.59,1427.59,1427.59
2012-11-02,2012-11-02 19:16:00,1414.2,1414.2,1414.2,1414.2
2012-11-05,2012-11-05 19:16:00,1417.26,1417.26,1417.26,1417.26
2012-11-06,2012-11-06 19:16:00,1428.39,1428.39,1428.39,1428.39
2012-11-07,2012-11-07 19:16:00,1394.53,1394.53,1394.53,1394.53
2012-11-08,2012-11-08 19:16:00,1377.51,1377.51,1377.51,1377.51
2012-11-09,2012-11-09 19:16:00,1379.85,1379.85,1379.85,1379.85
2012-11-12,2012-11-12 19:16:00,1380.03,1380.03,1380.03,1380.03
2012-11-13,2012-11-13 19:16:00,1374.53,1374.53,1374.53,1374.53
2012-11-14,2012-11-14 19:16:00,1355.49,1355.49,1355.49,1355.49
2012-11-15,2012-11-15 19:16:00,1353.33,1353.33,1353.33,1353.33
2012-11-16,2012-11-16 19:16:00,1359.88,1359.88,1359.88,1359.88
2012-11-19,2012-11-19 19:16:00,1386.89,1386.89,1386.89,1386.89
2012-11-20,2012-11-20 19:16:00,1387.81,1387.81,1387.81,1387.81
2012-11-21,2012-11-21 19:16:00,1391.03,1391.03,1391.03,1391.03
2012-11-22,2012-11-22 19:16:00,1391.03,1391.03,1391.03,1391.03
2012-11-23,2012-11-23 19:16:00,1409.15,1409.15,1409.15,1409.15
2012-11-26,2012-11-26 19:16:00,1406.29,1406.29,1406.29,1406.29
2012-11-27,2012-11-27 19:16:00,1398.94,1398.94,1398.94,1398.94
2012-11-28,2012-11-28 19:16:00,1409.93,1409.93,1409.93,1409.93
2012-11-29,2012-11-29 19:16:00,1415.95,1415.95,1415.95,1415.95
2012-11-30,2012-11-30 19:16:00,1416.18,1416.18,1416.18,1416.18
2012-12-03,2012-12-03 19:16:00,1409.46,1409.46,1409.46,1409.46
2012-12-04,2012-12-04 19:16:00,1407.05,1407.05,1407.05,1407.05
2012-12-05,2012-12-05 19:16:00,1409.28,1409.28,1409.28,1409.28
2012-12-06,2012-12-06 19:16:00,1413.94,1413.94,1413.94,1413.94
2012-12-07,2012-12-07 19:16:00,1418.07,1418.07,1418.07,1418.07
2012-12-10,2012-12-10 19:16:00,1418.55,1418.55,1418.55,1418.55
2012-12-11,2012-12-11 19:16:00,1427.84,1427.84,1427.84,1427.84
2012-12-12,2012-12-12 19:16:00,1428.48,1428.48,1428.48,1428.48
2012-12-13,2012-12-13 19:16:00,1419.45,1419.45,1419.45,1419.45
2012-12-14,2012-12-14 19:16:00,1413.58,1413.58,1413.58,1413.58
2012-12-17,2012-12-17 19:16:00,1430.36,1430.36,1430.36,1430.36
2012-12-18,2012-12-18 19:16:00,1446.79,1446.79,1446.79,1446.79
2012-12-19,2012-12-19 19:16:00,1435.81,1435.81,1435.81,1435.81
2012-12-20,2012-12-20 19:16:00,1443.69,1443.69,1443.69,1443.69
2012-12-21,2012-12-21 19:16:00,1430.15,1430.15,1430.15,1430.15
2012-12-24,2012-12-24 19:16:00,1426.66,1426.66,1426.66,1426.66
2012-12-25,2012-12-25 19:16:00,1426.66,1426.66,1426.66,1426.66
2012-12-26,2012-12-26 19:16:00,1419.83,1419.83,1419.83,1419.83
2012-12-27,2012-12-27 19:16:00,1418.1,1418.1,1418.1,1418.1
2012-12-28,2012-12-28 19:16:00,1402.43,1402.43,1402.43,1402.43
2012-12-31,2012-12-31 19:16:00,1426.19,1426.19,1426.19,1426.19
2013-01-01,2013-01-01 19:16:00,1426.19,1426.19,1426.19,1426.19
2013-01-02,2013-01-02 19:16:00,1462.42,1462.42,1462.42,1462.42
2013-01-03,2013-01-03 19:16:00,1459.37,1459.37,1459.37,1459.37
2013-01-04,2013-01-04 19:16:00,1466.47,1466.47,1466.47,1466.47
2013-01-07,2013-01-07 19:16:00,1461.89,1461.89,1461.89,1461.89
2013-01-08,2013-01-08 19:16:00,1457.15,1457.15,1457.15,1457.15
2013-01-09,2013-01-09 19:16:00,1461.02,1461.02,1461.02,1461.02
2013-01-10,2013-01-10 19:16:00,1472.12,1472.12,1472.12,1472.12
2013-01-11,2013-01-11 19:16:00,1472.05,1472.05,1472.05,1472.05
2013-01-14,2013-01-14 20:56:00,1470.68,1470.68,1470.68,1470.68
2013-01-15,2013-01-15 19:16:00,1472.34,1472.34,1472.34,1472.34
2013-01-16,2013-01-16 19:16:00,1472.63,1472.63,1472.63,1472.63
2013-01-17,2013-01-17 19:16:00,1480.94,1480.94,1480.94,1480.94
2013-01-18,2013-01-18 19:16:00,1485.98,1485.98,1485.98,1485.98
2013-01-21,2013-01-21 19:16:00,1485.98,1485.98,1485.98,1485.98
2013-01-22,2013-01-22 19:16:00,1492.56,1492.56,1492.56,1492.56
2013-01-23,2013-01-23 19:16:00,1494.81,1494.81,1494.81,1494.81
2013-01-24,2013-01-24 19:16:00,1494.82,1494.82,1494.82,1494.82
2013-01-25,2013-01-25 19:16:00,1502.96,1502.96,1502.96,1502.96
2013-01-28,2013-01-28 19:16:00,1500.18,1500.18,1500.18,1500.18
2013-01-29,2013-01-29 19:16:00,1507.84,1507.84,1507.84,1507.84
2013-01-30,2013-01-30 19:17:00,1501.96,1501.96,1501.96,1501.96
2013-01-31,2013-01-31 19:16:00,1498.11,1498.11,1498.11,1498.11
2013-02-01,2013-02-01 19:16:00,1513.17,1513.17,1513.17,1513.17
2013-02-04,2013-02-04 19:16:00,1495.71,1495.71,1495.71,1495.71
2013-02-05,2013-02-05 19:16:00,1511.29,1511.29,1511.29,1511.29
2013-02-06,2013-02-06 19:16:00,1512.12,1512.12,1512.12,1512.12
2013-02-07,2013-02-07 19:16:00,1509.39,1509.39,1509.39,1509.39
2013-02-08,2013-02-08 19:16:00,1517.93,1517.93,1517.93,1517.93
2013-02-11,2013-02-11 19:16:00,1517.01,1517.01,1517.01,1517.01
2013-02-12,2013-02-12 19:16:00,1519.43,1519.43,1519.43,1519.43
2013-02-13,2013-02-13 19:16:00,1520.33,1520.33,1520.33,1520.33
2013-02-14,2013-02-14 19:16:00,1521.38,1521.38,1521.38,1521.38
2013-02-15,2013-02-15 19:16:00,1519.79,1519.79,1519.79,1519.79
2013-02-18,2013-02-18 19:16:00,1519.79,1519.79,1519.79,1519.79
2013-02-19,2013-02-19 19:16:00,1530.94,1530.94,1530.94,1530.94
2013-02-20,2013-02-20 19:16:00,1511.95,1511.95,1511.95,1511.95
2013-02-21,2013-02-21 19:16:00,1502.42,1502.42,1502.42,1502.42
2013-02-22,2013-02-22 19:16:00,1515.6,1515.6,1515.6,1515.6
2013-02-25,2013-02-25 19:16:00,1487.85,1487.85,1487.85,1487.85
2013-02-26,2013-02-26 19:16:00,1496.94,1496.94,1496.94,1496.94
2013-02-27,2013-02-27 19:16:00,1515.99,1515.99,1515.99,1515.99
2013-02-28,2013-02-28 19:16:00,1514.68,1514.68,1514.68,1514.68
2013-03-01,2013-03-01 19:16:00,1518.2,1518.2,1518.2,1518.2
2013-03-04,2013-03-04 19:17:00,1525.2,1525.2,1525.2,1525.2
2013-03-05,2013-03-05 19:16:00,1539.79,1539.79,1539.79,1539.79
2013-03-06,2013-03-06 19:16:00,1541.46,1541.46,1541.46,1541.46
2013-03-07,2013-03-07 19:16:00,1544.26,1544.26,1544.26,1544.26
2013-03-08,2013-03-08 19:16:00,1551.18,1551.18,1551.18,1551.18
2013-03-11,2013-03-11 19:16:00,1556.22,1556.22,1556.22,1556.22
2013-03-12,2013-03-12 19:16:00,1552.48,1552.48,1552.48,1552.48
2013-03-13,2013-03-13 19:16:00,1554.52,1554.52,1554.52,1554.52
2013-03-14,2013-03-14 19:16:00,1563.23,1563.23,1563.23,1563.23
2013-03-15,2013-03-15 19:16:00,1560.7,1560.7,1560.7,1560.7
2013-03-18,2013-03-18 19:16:00,1552.1,1552.1,1552.1,1552.1
2013-03-19,2013-03-19 19:16:00,1548.34,1548.34,1548.34,1548.34
2013-03-20,2013-03-20 19:16:00,1558.71,1558.71,1558.71,1558.71
2013-03-21,2013-03-21 19:16:00,1545.8,1545.8,1545.8,1545.8
2013-03-22,2013-03-22 19:16:00,1556.89,1556.89,1556.89,1556.89
2013-03-25,2013-03-25 19:16:00,1551.69,1551.69,1551.69,1551.69
2013-03-26,2013-03-26 19:16:00,1563.77,1563.77,1563.77,1563.77
2013-03-27,2013-03-27 19:16:00,1562.85,1562.85,1562.85,1562.85
2013-03-28,2013-03-28 19:16:00,1569.19,1569.19,1569.19,1569.19
2013-03-29,2013-03-29 19:16:00,1569.19,1569.19,1569.19,1569.19
2013-04-01,2013-04-01 19:16:00,1562.17,1562.17,1562.17,1562.17
2013-04-02,2013-04-02 19:16:00,1570.25,1570.25,1570.25,1570.25
2013-04-03,2013-04-03 19:16:00,1553.69,1553.69,1553.69,1553.69
2013-04-04,2013-04-04 19:16:00,1559.98,1559.98,1559.98,1559.98
2013-04-05,2013-04-05 19:16:00,1553.28,1553.28,1553.28,1553.28
2013-04-08,2013-04-08 19:16:00,1563.07,1563.07,1563.07,1563.07
2013-04-09,2013-04-09 19:16:00,1568.61,1568.61,1568.61,1568.61
2013-04-10,2013-04-10 19:16:00,1587.73,1587.73,1587.73,1587.73
2013-04-11,2013-04-11 19:16:00,1593.37,1593.37,1593.37,1593.37
2013-04-12,2013-04-12 19:16:00,1588.85,1588.85,1588.85,1588.85
2013-04-15,2013-04-15 19:16:00,1552.36,1552.36,1552.36,1552.36
2013-04-16,2013-04-16 19:16:00,1574.57,1574.57,1574.57,1574.57
2013-04-17,2013-04-17 19:16:00,1552.01,1552.01,1552.01,1552.01
2013-04-18,2013-04-18 19:16:00,1541.61,1541.61,1541.61,1541.61
2013-04-19,2013-04-19 19:16:00,1555.25,1555.25,1555.25,1555.25
2013-04-22,2013-04-22 19:16:00,1562.5,1562.5,1562.5,1562.5
2013-04-23,2013-04-23 19:16:00,1578.78,1578.78,1578.78,1578.78
2013-04-24,2013-04-24 19:16:00,1578.79,1578.79,1578.79,1578.79
2013-04-25,2013-04-25 19:16:00,1585.16,1585.16,1585.16,1585.16
2013-04-26,2013-04-26 19:16:00,1582.24,1582.24,1582.24,1582.24
2013-04-29,2013-04-29 19:16:00,1593.61,1593.61,1593.61,1593.61
2013-04-30,2013-04-30 19:16:00,1597.57,1597.57,1597.57,1597.57
2013-05-01,2013-05-01 19:16:00,1582.7,1582.7,1582.7,1582.7
2013-05-02,2013-05-02 19:16:00,1597.59,1597.59,1597.59,1597.59
2013-05-03,2013-05-03 19:16:00,1614.42,1614.42,1614.42,1614.42
2013-05-06,2013-05-06 19:16:00,1617.5,1617.5,1617.5,1617.5
2013-05-07,2013-05-07 19:16:00,1625.96,1625.96,1625.96,1625.96
2013-05-08,2013-05-08 19:16:00,1632.69,1632.69,1632.69,1632.69
2013-05-09,2013-05-09 19:16:00,1626.67,1626.67,1626.67,1626.67
2013-05-10,2013-05-10 19:16:00,1633.7,1633.7,1633.7,1633.7
2013-05-13,2013-05-13 19:16:00,1633.77,1633.77,1633.77,1633.77
2013-05-14,2013-05-14 19:16:00,1650.34,1650.34,1650.34,1650.34
2013-05-15,2013-05-15 19:16:00,1658.78,1658.78,1658.78,1658.78
2013-05-16,2013-05-16 19:16:00,1650.47,1650.47,1650.47,1650.47
2013-05-17,2013-05-17 19:16:00,1667.47,1667.47,1667.47,1667.47
2013-05-20,2013-05-20 19:16:00,1666.29,1666.29,1666.29,1666.29
2013-05-21,2013-05-21 19:16:00,1669.16,1669.16,1669.16,1669.16
2013-05-22,2013-05-22 19:16:00,1655.35,1655.35,1655.35,1655.35
2013-05-23,2013-05-23 19:16:00,1650.51,1650.51,1650.51,1650.51
2013-05-24,2013-05-24 19:16:00,1649.6,1649.6,1649.6,1649.6
2013-05-27,2013-05-27 19:16:00,1649.6,1649.6,1649.6,1649.6
2013-05-28,2013-05-28 19:16:00,1660.06,1660.06,1660.06,1660.06
2013-05-29,2013-05-29 19:16:00,1648.36,1648.36,1648.36,1648.36
2013-05-30,2013-05-30 19:16:00,1654.41,1654.41,1654.41,1654.41
2013-05-31,2013-05-31 19:16:00,1630.74,1630.74,1630.74,1630.74
2013-06-03,2013-06-03 19:16:00,1640.42,1640.42,1640.42,1640.42
2013-06-04,2013-06-04 19:16:00,1631.38,1631.38,1631.38,1631.38
2013-06-05,2013-06-05 19:16:00,1608.9,1608.9,1608.9,1608.9
2013-06-06,2013-06-06 19:16:00,1622.56,1622.56,1622.56,1622.56
2013-06-07,2013-06-07 19:16:00,1643.38,1643.38,1643.38,1643.38
2013-06-10,2013-06-10 19:16:00,1642.81,1642.81,1642.81,1642.81
2013-06-11,2013-06-11 19:16:00,1626.13,1626.13,1626.13,1626.13
2013-06-12,2013-06-12 19:16:00,1612.52,1612.52,1612.52,1612.52
2013-06-13,2013-06-13 19:16:00,1636.36,1636.36,1636.36,1636.36
2013-06-14,2013-06-14 19:16:00,1626.73,1626.73,1626.73,1626.73
2013-06-17,2013-06-17 19:16:00,1639.04,1639.04,1639.04,1639.04
2013-06-18,2013-06-18 19:16:00,1651.81,1651.81,1651.81,1651.81
2013-06-19,2013-06-19 19:16:00,1628.93,1628.93,1628.93,1628.93
2013-06-20,2013-06-20 19:16:00,1588.19,1588.19,1588.19,1588.19
2013-06-21,2013-06-21 19:16:00,1592.43,1592.43,1592.43,1592.43
2013-06-24,2013-06-24 19:17:00,1573.09,1573.09,1573.09,1573.09
2013-06-25,2013-06-25 19:16:00,1588.03,1588.03,1588.03,1588.03
2013-06-26,2013-06-26 19:16:00,1603.26,1603.26,1603.26,1603.26
2013-06-27,2013-06-27 19:16:00,1613.2,1613.2,1613.2,1613.2
2013-06-28,2013-06-28 19:16:00,1606.28,1606.28,1606.28,1606.28
2013-07-01,2013-07-01 19:16:00,1614.96,1614.96,1614.96,1614.96
2013-07-02,2013-07-02 19:16:00,1614.08,1614.08,1614.08,1614.08
2013-07-03,2013-07-03 19:16:00,1615.41,1615.41,1615.41,1615.41
2013-07-04,2013-07-04 19:16:00,1615.41,1615.41,1615.41,1615.41
2013-07-05,2013-07-05 19:16:00,1631.89,1631.89,1631.89,1631.89
2013-07-08,2013-07-08 19:16:00,1640.46,1640.46,1640.46,1640.46
2013-07-09,2013-07-09 19:16:00,1652.32,1652.32,1652.32,1652.32
2013-07-10,2013-07-10 19:16:00,1652.62,1652.62,1652.62,1652.62
2013-07-11,2013-07-11 19:16:00,1675.02,1675.02,1675.02,1675.02
2013-07-12,2013-07-12 19:16:00,1680.19,1680.19,1680.19,1680.19
2013-07-15,2013-07-15 19:16:00,1682.5,1682.5,1682.5,1682.5
2013-07-16,2013-07-16 19:16:00,1676.26,1676.26,1676.26,1676.26
2013-07-17,2013-07-17 19:16:00,1680.91,1680.91,1680.91,1680.91
2013-07-18,2013-07-18 19:16:00,1689.37,1689.37,1689.37,1689.37
2013-07-19,2013-07-19 19:16:00,1692.09,1692.09,1692.09,1692.09
2013-07-22,2013-07-22 19:16:00,1695.53,1695.53,1695.53,1695.53
2013-07-23,2013-07-23 19:16:00,1692.39,1692.39,1692.39,1692.39
2013-07-24,2013-07-24 19:16:00,1685.94,1685.94,1685.94,1685.94
2013-07-25,2013-07-25 19:16:00,1690.25,1690.25,1690.25,1690.25
2013-07-26,2013-07-26 19:16:00,1691.65,1691.65,1691.65,1691.65
2013-07-29,2013-07-29 19:16:00,1685.33,1685.33,1685.33,1685.33
2013-07-30,2013-07-30 19:16:00,1685.96,1685.96,1685.96,1685.96
2013-07-31,2013-07-31 19:16:00,1685.73,1685.73,1685.73,1685.73
2013-08-01,2013-08-01 19:16:00,1706.87,1706.87,1706.87,1706.87
2013-08-02,2013-08-02 19:16:00,1709.67,1709.67,1709.67,1709.67
2013-08-05,2013-08-05 19:16:00,1707.14,1707.14,1707.14,1707.14
2013-08-06,2013-08-06 19:16:00,1697.37,1697.37,1697.37,1697.37
2013-08-07,2013-08-07 19:16:00,1690.91,1690.91,1690.91,1690.91
2013-08-08,2013-08-08 19:16:00,1697.48,1697.48,1697.48,1697.48
2013-08-09,2013-08-09 19:16:00,1691.42,1691.42,1691.42,1691.42
2013-08-12,2013-08-12 19:16:00,1689.47,1689.47,1689.47,1689.47
2013-08-13,2013-08-13 19:16:00,1694.16,1694.16,1694.16,1694.16
2013-08-14,2013-08-14 19:16:00,1685.39,1685.39,1685.39,1685.39
2013-08-15,2013-08-15 19:16:00,1661.32,1661.32,1661.32,1661.32
2013-08-16,2013-08-16 19:16:00,1655.83,1655.83,1655.83,1655.83
2013-08-19,2013-08-19 19:16:00,1646.06,1646.06,1646.06,1646.06
2013-08-20,2013-08-20 19:16:00,1652.35,1652.35,1652.35,1652.35
2013-08-21,2013-08-21 19:16:00,1642.8,1642.8,1642.8,1642.8
2013-08-22,2013-08-22 19:16:00,1656.96,1656.96,1656.96,1656.96
2013-08-23,2013-08-23 19:16:00,1663.5,1663.5,1663.5,1663.5
2013-08-26,2013-08-26 19:16:00,1656.78,1656.78,1656.78,1656.78
2013-08-27,2013-08-27 19:16:00,1630.48,1630.48,1630.48,1630.48
2013-08-28,2013-08-28 19:16:00,1634.96,1634.96,1634.96,1634.96
2013-08-29,2013-08-29 19:16:00,1638.17,1638.17,1638.17,1638.17
2013-08-30,2013-08-30 19:16:00,1632.97,1632.97,1632.97,1632.97
2013-09-02,2013-09-02 19:16:00,1632.97,1632.97,1632.97,1632.97
2013-09-03,2013-09-03 19:16:00,1639.77,1639.77,1639.77,1639.77
2013-09-04,2013-09-04 19:16:00,1653.08,1653.08,1653.08,1653.08
2013-09-05,2013-09-05 19:16:00,1655.08,1655.08,1655.08,1655.08
2013-09-06,2013-09-06 19:16:00,1655.17,1655.17,1655.17,1655.17
2013-09-09,2013-09-09 19:16:00,1671.71,1671.71,1671.71,1671.71
2013-09-10,2013-09-10 19:16:00,1683.99,1683.99,1683.99,1683.99
2013-09-11,2013-09-11 19:17:00,1689.13,1689.13,1689.13,1689.13
2013-09-12,2013-09-12 19:17:00,1683.42,1683.42,1683.42,1683.42
2013-09-13,2013-09-13 19:17:00,1687.99,1687.99,1687.99,1687.99
2013-09-16,2013-09-16 19:16:00,1697.6,1697.6,1697.6,1697.6
2013-09-17,2013-09-17 19:16:00,1704.76,1704.76,1704.76,1704.76
2013-09-18,2013-09-18 19:16:00,1725.52,1725.52,1725.52,1725.52
2013-09-19,2013-09-19 19:17:00,1722.34,1722.34,1722.34,1722.34
2013-09-20,2013-09-20 19:17:00,1709.91,1709.91,1709.91,1709.91
2013-09-23,2013-09-23 19:16:00,1701.84,1701.84,1701.84,1701.84
2013-09-24,2013-09-24 19:16:00,1697.42,1697.42,1697.42,1697.42
2013-09-25,2013-09-25 19:16:00,1692.77,1692.77,1692.77,1692.77
2013-09-26,2013-09-26 19:17:00,1698.67,1698.67,1698.67,1698.67
2013-09-27,2013-09-27 19:17:00,1691.75,1691.75,1691.75,1691.75
2013-09-30,2013-09-30 19:16:00,1681.55,1681.55,1681.55,1681.55
2013-10-01,2013-10-01 19:16:00,1695.0,1695.0,1695.0,1695.0
2013-10-02,2013-10-02 19:16:00,1693.87,1693.87,1693.87,1693.87
2013-10-03,2013-10-03 19:17:00,1678.66,1678.66,1678.66,1678.66
2013-10-04,2013-10-04 19:17:00,1690.5,1690.5,1690.5,1690.5
2013-10-07,2013-10-07 19:16:00,1676.12,1676.12,1676.12,1676.12
2013-10-08,2013-10-08 19:16:00,1655.45,1655.45,1655.45,1655.45
2013-10-09,2013-10-09 19:16:00,1656.4,1656.4,1656.4,1656.4
2013-10-10,2013-10-10 19:17:00,1692.56,1692.56,1692.56,1692.56
2013-10-11,2013-10-11 19:17:00,1703.2,1703.2,1703.2,1703.2
2013-10-14,2013-10-14 19:16:00,1710.14,1710.14,1710.14,1710.14
2013-10-15,2013-10-15 19:16:00,1698.06,1698.06,1698.06,1698.06
2013-10-16,2013-10-16 19:16:00,1721.54,1721.54,1721.54,1721.54
2013-10-17,2013-10-17 19:17:00,1733.15,1733.15,1733.15,1733.15
2013-10-18,2013-10-18 19:17:00,1744.5,1744.5,1744.5,1744.5
2013-10-21,2013-10-21 19:16:00,1744.66,1744.66,1744.66,1744.66
2013-10-22,2013-10-22 19:16:00,1754.67,1754.67,1754.67,1754.67
2013-10-23,2013-10-23 19:16:00,1746.38,1746.38,1746.38,1746.38
2013-10-24,2013-10-24 19:16:00,1752.07,1752.07,1752.07,1752.07
2013-10-25,2013-10-25 19:16:00,1759.77,1759.77,1759.77,1759.77
2013-10-28,2013-10-28 19:16:00,1762.11,1762.11,1762.11,1762.11
2013-10-29,2013-10-29 19:16:00,1771.95,1771.95,1771.95,1771.95
2013-10-30,2013-10-30 19:16:00,1763.31,1763.31,1763.31,1763.31
2013-10-31,2013-10-31 19:16:00,1756.54,1756.54,1756.54,1756.54
2013-11-01,2013-11-01 19:16:00,1761.64,1761.64,1761.64,1761.64
2013-11-04,2013-11-04 19:16:00,1767.93,1767.93,1767.93,1767.93
2013-11-05,2013-11-05 19:16:00,1762.97,1762.97,1762.97,1762.97
2013-11-06,2013-11-06 19:16:00,1770.49,1770.49,1770.49,1770.49
2013-11-07,2013-11-07 19:16:00,1747.15,1747.15,1747.15,1747.15
2013-11-08,2013-11-08 19:16:00,1770.61,1770.61,1770.61,1770.61
2013-11-11,2013-11-11 19:16:00,1771.89,1771.89,1771.89,1771.89
2013-11-12,2013-11-12 19:16:00,1767.69,1767.69,1767.69,1767.69
2013-11-13,2013-11-13 19:16:00,1782.0,1782.0,1782.0,1782.0
2013-11-14,2013-11-14 19:16:00,1790.62,1790.62,1790.62,1790.62
2013-11-15,2013-11-15 19:16:00,1798.18,1798.18,1798.18,1798.18
2013-11-18,2013-11-18 19:16:00,1791.53,1791.53,1791.53,1791.53
2013-11-19,2013-11-19 19:16:00,1787.87,1787.87,1787.87,1787.87
2013-11-20,2013-11-20 19:16:00,1781.37,1781.37,1781.37,1781.37
2013-11-21,2013-11-21 19:16:00,1795.85,1795.85,1795.85,1795.85
2013-11-22,2013-11-22 19:16:00,1804.76,1804.76,1804.76,1804.76
2013-11-25,2013-11-25 19:16:00,1802.48,1802.48,1802.48,1802.48
2013-11-26,2013-11-26 19:16:00,1802.75,1802.75,1802.75,1802.75
2013-11-27,2013-11-27 19:16:00,1807.23,1807.23,1807.23,1807.23
2013-11-28,2013-11-28 19:16:00,1807.23,1807.23,1807.23,1807.23
2013-11-29,2013-11-29 19:16:00,1805.81,1805.81,1805.81,1805.81
2013-12-02,2013-12-02 19:16:00,1800.9,1800.9,1800.9,1800.9
2013-12-03,2013-12-03 19:16:00,1795.15,1795.15,1795.15,1795.15
2013-12-04,2013-12-04 19:16:00,1792.81,1792.81,1792.81,1792.81
2013-12-05,2013-12-05 19:16:00,1785.03,1785.03,1785.03,1785.03
2013-12-06,2013-12-06 19:16:00,1805.09,1805.09,1805.09,1805.09
2013-12-09,2013-12-09 19:16:00,1808.37,1808.37,1808.37,1808.37
2013-12-10,2013-12-10 19:16:00,1802.62,1802.62,1802.62,1802.62
2013-12-11,2013-12-11 19:16:00,1782.22,1782.22,1782.22,1782.22
2013-12-12,2013-12-12 19:16:00,1775.5,1775.5,1775.5,1775.5
2013-12-13,2013-12-13 19:16:00,1775.32,1775.32,1775.32,1775.32
2013-12-16,2013-12-16 19:16:00,1786.54,1786.54,1786.54,1786.54
2013-12-17,2013-12-17 19:16:00,1781.0,1781.0,1781.0,1781.0
2013-12-18,2013-12-18 19:16:00,1810.65,1810.65,1810.65,1810.65
2013-12-19,2013-12-19 19:16:00,1809.6,1809.6,1809.6,1809.6
2013-12-20,2013-12-20 19:16:00,1818.32,1818.32,1818.32,1818.32
2013-12-23,2013-12-23 19:16:00,1827.99,1827.99,1827.99,1827.99
2013-12-24,2013-12-24 19:16:00,1833.32,1833.32,1833.32,1833.32
2013-12-25,2013-12-25 19:16:00,1833.32,1833.32,1833.32,1833.32
2013-12-26,2013-12-26 19:16:00,1842.02,1842.02,1842.02,1842.02
2013-12-27,2013-12-27 19:16:00,1841.4,1841.4,1841.4,1841.4
2013-12-30,2013-12-30 19:16:00,1841.07,1841.07,1841.07,1841.07
2013-12-31,2013-12-31 19:16:00,1848.36,1848.36,1848.36,1848.36
