,Date,Close,Open,High,Low,Vol.,Change %
0,2010-01-04,1132.99,1116.56,1133.87,1116.56,,1.60%
1,2010-01-05,1136.52,1132.66,1136.63,1129.66,,0.31%
2,2010-01-06,1137.14,1135.71,1139.19,1133.95,,0.05%
3,2010-01-07,1141.69,1136.27,1142.46,1131.32,,0.40%
4,2010-01-08,1144.98,1140.52,1145.39,1136.22,,0.29%
5,2010-01-09,1145.6466666666668,1142.3333333333333,1146.8400000000001,1138.1533333333334,,
6,2010-01-10,1146.3133333333333,1144.1466666666668,1148.29,1140.0866666666666,,
7,2010-01-11,1146.98,1145.96,1149.74,1142.02,,0.17%
8,2010-01-12,1136.22,1143.81,1143.81,1131.77,,-0.94%
9,2010-01-13,1145.68,1137.31,1148.4,1133.18,,0.83%
10,2010-01-14,1148.46,1145.68,1150.41,1143.8,,0.24%
11,2010-01-15,1136.03,1147.72,1147.77,1131.39,,-1.08%
12,2010-01-16,1139.58,1144.7975000000001,1148.44,1132.4850000000001,,
13,2010-01-17,1143.13,1141.875,1149.1100000000001,1133.58,,
14,2010-01-18,1146.68,1138.9524999999999,1149.78,1134.675,,
15,2010-01-19,1150.23,1136.03,1150.45,1135.77,,1.25%
16,2010-01-20,1138.04,1147.95,1147.95,1129.25,,-1.06%
17,2010-01-21,1116.48,1138.68,1141.58,1114.84,,-1.89%
18,2010-01-22,1091.76,1115.49,1115.49,1090.18,,-2.21%
19,2010-01-23,1093.4333333333334,1107.7933333333333,1111.3166666666666,1090.92,,
20,2010-01-24,1095.1066666666666,1100.0966666666668,1107.1433333333334,1091.66,,
21,2010-01-25,1096.78,1092.4,1102.97,1092.4,,0.46%
22,2010-01-26,1092.17,1095.8,1103.69,1089.86,,-0.42%
23,2010-01-27,1097.5,1091.94,1099.51,1083.11,,0.49%
24,2010-01-28,1084.53,1096.93,1100.22,1078.46,,-1.18%
25,2010-01-29,1073.87,1087.61,1096.45,1071.59,,-0.98%
26,2010-01-30,1078.9766666666667,1083.0366666666666,1094.0933333333335,1072.3566666666666,,
27,2010-01-31,1084.0833333333333,1078.4633333333334,1091.7366666666667,1073.1233333333334,,
28,2010-02-01,1089.19,1073.89,1089.38,1073.89,,1.43%
29,2010-02-02,1103.32,1090.05,1104.73,1087.96,,1.30%
30,2010-02-03,1097.28,1100.67,1102.72,1093.97,,-0.55%
31,2010-02-04,1063.11,1097.25,1097.25,1062.78,,-3.11%
32,2010-02-05,1066.19,1064.12,1067.13,1044.5,,0.29%
33,2010-02-06,1063.04,1064.5833333333333,1068.4866666666667,1048.5033333333333,,
34,2010-02-07,1059.89,1065.0466666666666,1069.8433333333335,1052.5066666666667,,
35,2010-02-08,1056.74,1065.51,1071.2,1056.51,,-0.89%
36,2010-02-09,1070.52,1060.06,1079.28,1060.06,,1.30%
37,2010-02-10,1068.13,1069.68,1073.67,1059.34,,-0.22%
38,2010-02-11,1078.47,1067.1,1080.04,1060.59,,0.97%
39,2010-02-12,1075.51,1075.95,1077.81,1062.97,,-0.27%
40,2010-02-13,1080.35,1076.7450000000001,1082.275,1067.01,,
41,2010-02-14,1085.19,1077.54,1086.74,1071.0500000000002,,
42,2010-02-15,1090.03,1078.335,1091.205,1075.0900000000001,,
43,2010-02-16,1094.87,1079.13,1095.67,1079.13,,1.80%
44,2010-02-17,1099.51,1096.14,1101.03,1094.72,,0.42%
45,2010-02-18,1106.75,1099.03,1108.24,1097.48,,0.66%
46,2010-02-19,1109.17,1105.49,1112.42,1100.8,,0.22%
47,2010-02-20,1108.7833333333333,1106.9933333333333,1112.3766666666668,1102.3266666666666,,
48,2010-02-21,1108.3966666666668,1108.4966666666667,1112.3333333333333,1103.8533333333335,,
49,2010-02-22,1108.01,1110.0,1112.29,1105.38,,-0.10%
50,2010-02-23,1094.6,1107.49,1108.58,1092.18,,-1.21%
51,2010-02-24,1105.24,1095.89,1106.42,1095.5,,0.97%
52,2010-02-25,1102.94,1101.24,1103.5,1086.02,,-0.21%
53,2010-02-26,1104.49,1103.1,1107.24,1097.56,,0.14%
54,2010-02-27,1108.23,1103.8533333333332,1110.1966666666667,1100.1599999999999,,
55,2010-02-28,1111.97,1104.6066666666666,1113.1533333333332,1102.76,,
56,2010-03-01,1115.71,1105.36,1116.11,1105.36,,1.02%
57,2010-03-02,1118.31,1117.01,1123.46,1116.51,,0.23%
58,2010-03-03,1118.79,1119.36,1125.64,1116.58,,0.04%
59,2010-03-04,1122.97,1119.12,1123.73,1116.66,,0.37%
60,2010-03-05,1138.7,1125.12,1139.38,1125.12,,1.40%
61,2010-03-06,1138.6333333333334,1129.5466666666666,1139.9366666666667,1129.0033333333333,,
62,2010-03-07,1138.5666666666666,1133.9733333333334,1140.4933333333333,1132.8866666666665,,
63,2010-03-08,1138.5,1138.4,1141.05,1136.77,,-0.02%
64,2010-03-09,1140.45,1137.56,1145.37,1134.9,,0.17%
65,2010-03-10,1145.61,1140.22,1148.26,1140.09,,0.45%
66,2010-03-11,1150.24,1143.96,1150.24,1138.99,,0.40%
67,2010-03-12,1149.99,1151.71,1153.41,1146.97,,-0.02%
68,2010-03-13,1150.1633333333334,1150.65,1152.6000000000001,1145.13,,
69,2010-03-14,1150.3366666666666,1149.59,1151.79,1143.29,,
70,2010-03-15,1150.51,1148.53,1150.98,1141.45,,0.05%
71,2010-03-16,1159.46,1150.83,1160.28,1150.35,,0.78%
72,2010-03-17,1166.21,1159.94,1169.84,1159.94,,0.58%
73,2010-03-18,1165.83,1166.13,1167.77,1161.16,,-0.03%
74,2010-03-19,1159.9,1166.68,1169.2,1155.33,,-0.51%
75,2010-03-20,1161.8700000000001,1163.5366666666666,1168.74,1154.5133333333333,,
76,2010-03-21,1163.84,1160.3933333333334,1168.28,1153.6966666666667,,
77,2010-03-22,1165.81,1157.25,1167.82,1152.88,,0.51%
78,2010-03-23,1174.17,1166.47,1174.72,1163.83,,0.72%
79,2010-03-24,1167.72,1172.7,1173.04,1166.01,,-0.55%
80,2010-03-25,1165.73,1170.03,1180.69,1165.09,,-0.17%
81,2010-03-26,1166.59,1167.58,1173.93,1161.48,,0.07%
82,2010-03-27,1168.8,1167.6233333333332,1174.2366666666667,1163.5566666666666,,
83,2010-03-28,1171.01,1167.6666666666667,1174.5433333333333,1165.6333333333334,,
84,2010-03-29,1173.22,1167.71,1174.85,1167.71,,0.57%
85,2010-03-30,1173.27,1173.75,1177.83,1168.92,,0.00%
86,2010-03-31,1169.43,1171.75,1174.56,1165.77,,-0.33%
87,2010-04-01,1178.1,1171.23,1181.43,1170.69,,0.74%
88,2010-04-02,1180.435,1173.1,1183.005,1172.6950000000002,,
89,2010-04-03,1182.77,1174.97,1184.58,1174.7,,
90,2010-04-04,1185.105,1176.8400000000001,1186.155,1176.705,,
91,2010-04-05,1187.44,1178.71,1187.73,1178.71,,0.79%
92,2010-04-06,1189.44,1186.01,1191.8,1182.77,,0.17%
93,2010-04-07,1182.45,1188.23,1189.6,1177.25,,-0.59%
94,2010-04-08,1186.44,1181.75,1188.55,1175.12,,0.34%
95,2010-04-09,1194.37,1187.47,1194.66,1187.15,,0.67%
96,2010-04-10,1195.0733333333333,1189.96,1196.1733333333334,1189.67,,
97,2010-04-11,1195.7766666666666,1192.45,1197.6866666666667,1192.19,,
98,2010-04-12,1196.48,1194.94,1199.2,1194.71,,0.18%
99,2010-04-13,1197.3,1195.94,1199.04,1188.82,,0.07%
100,2010-04-14,1210.65,1198.69,1210.65,1198.69,,1.12%
101,2010-04-15,1211.67,1210.77,1213.92,1208.5,,0.08%
102,2010-04-16,1192.13,1210.17,1210.17,1186.77,,-1.61%
103,2010-04-17,1193.9266666666667,1204.1333333333334,1206.07,1185.74,,
104,2010-04-18,1195.7233333333334,1198.0966666666666,1201.97,1184.71,,
105,2010-04-19,1197.52,1192.06,1197.87,1183.68,,0.45%
106,2010-04-20,1207.17,1199.04,1208.58,1199.04,,0.81%
107,2010-04-21,1205.94,1207.16,1210.99,1198.85,,-0.10%
108,2010-04-22,1208.67,1202.52,1210.27,1190.19,,0.23%
109,2010-04-23,1217.28,1207.87,1217.28,1205.1,,0.71%
110,2010-04-24,1215.5366666666666,1210.9366666666665,1218.12,1207.09,,
111,2010-04-25,1213.7933333333333,1214.0033333333333,1218.96,1209.08,,
112,2010-04-26,1212.05,1217.07,1219.8,1211.07,,-0.43%
113,2010-04-27,1183.71,1209.92,1211.38,1181.62,,-2.34%
114,2010-04-28,1191.36,1184.59,1195.05,1181.81,,0.65%
115,2010-04-29,1206.78,1193.3,1209.36,1193.3,,1.29%
116,2010-04-30,1186.69,1206.77,1207.99,1186.32,,-1.66%
117,2010-05-01,1191.88,1200.7066666666667,1207.0366666666666,1187.0733333333333,,
118,2010-05-02,1197.07,1194.6433333333332,1206.0833333333335,1187.8266666666666,,
119,2010-05-03,1202.26,1188.58,1205.13,1188.58,,1.31%
120,2010-05-04,1173.6,1197.5,1197.5,1168.12,,-2.38%
121,2010-05-05,1165.87,1169.24,1175.95,1158.15,,-0.66%
122,2010-05-06,1128.15,1164.38,1167.58,1065.79,,-3.24%
123,2010-05-07,1110.88,1127.04,1135.13,1094.15,,-1.53%
124,2010-05-08,1127.1633333333334,1125.45,1144.7033333333334,1103.5233333333333,,
125,2010-05-09,1143.4466666666667,1123.86,1154.2766666666666,1112.8966666666668,,
126,2010-05-10,1159.73,1122.27,1163.85,1122.27,,4.40%
127,2010-05-11,1155.79,1156.39,1170.48,1147.71,,-0.34%
128,2010-05-12,1171.67,1155.43,1172.87,1155.43,,1.37%
129,2010-05-13,1157.44,1170.04,1173.57,1156.14,,-1.21%
130,2010-05-14,1135.68,1157.19,1157.19,1126.14,,-1.88%
131,2010-05-15,1136.1000000000001,1150.3,1152.0866666666668,1122.4133333333334,,
132,2010-05-16,1136.52,1143.41,1146.9833333333333,1118.6866666666667,,
133,2010-05-17,1136.94,1136.52,1141.88,1114.96,,0.11%
134,2010-05-18,1120.8,1138.78,1148.66,1117.2,,-1.42%
135,2010-05-19,1115.05,1119.57,1124.27,1100.66,,-0.51%
136,2010-05-20,1071.59,1107.34,1107.34,1071.58,,-3.90%
137,2010-05-21,1087.69,1067.26,1090.16,1055.9,,1.50%
138,2010-05-22,1083.01,1073.1,1090.0900000000001,1061.5,,
139,2010-05-23,1078.3300000000002,1078.94,1090.02,1067.1000000000001,,
140,2010-05-24,1073.65,1084.78,1089.95,1072.7,,-1.29%
141,2010-05-25,1074.03,1067.42,1074.75,1040.78,,0.04%
142,2010-05-26,1067.95,1075.51,1090.75,1065.59,,-0.57%
143,2010-05-27,1103.06,1074.27,1103.52,1074.27,,3.29%
144,2010-05-28,1089.41,1102.59,1102.59,1084.78,,-1.24%
145,2010-05-29,1084.7350000000001,1098.7675,1100.635,1081.0575,,
146,2010-05-30,1080.06,1094.945,1098.6799999999998,1077.335,,
147,2010-05-31,1075.385,1091.1225,1096.725,1073.6125000000002,,
148,2010-06-01,1070.71,1087.3,1094.77,1069.89,,-1.72%
149,2010-06-02,1098.38,1073.01,1098.56,1072.03,,2.58%
150,2010-06-03,1102.83,1098.82,1105.67,1091.81,,0.41%
151,2010-06-04,1064.88,1098.43,1098.43,1060.5,,-3.44%
152,2010-06-05,1060.0766666666668,1087.5666666666666,1089.4066666666668,1056.9533333333334,,
153,2010-06-06,1055.2733333333333,1076.7033333333334,1080.3833333333332,1053.4066666666665,,
154,2010-06-07,1050.47,1065.84,1071.36,1049.86,,-1.35%
155,2010-06-08,1062.0,1050.81,1063.15,1042.17,,1.10%
156,2010-06-09,1055.69,1062.75,1077.74,1052.25,,-0.59%
157,2010-06-10,1086.84,1058.77,1087.85,1058.77,,2.95%
158,2010-06-11,1091.6,1082.65,1092.25,1077.12,,0.44%
159,2010-06-12,1090.9433333333334,1086.7666666666667,1096.8033333333333,1081.09,,
160,2010-06-13,1090.2866666666666,1090.8833333333334,1101.3566666666668,1085.06,,
161,2010-06-14,1089.63,1095.0,1105.91,1089.03,,-0.18%
162,2010-06-15,1115.23,1091.21,1115.59,1091.21,,2.35%
163,2010-06-16,1114.61,1114.02,1118.74,1107.13,,-0.06%
164,2010-06-17,1116.04,1115.98,1117.72,1105.87,,0.13%
165,2010-06-18,1117.51,1116.16,1121.01,1113.93,,0.13%
166,2010-06-19,1116.0733333333333,1118.3700000000001,1124.4166666666667,1112.0333333333333,,
167,2010-06-20,1114.6366666666668,1120.58,1127.8233333333333,1110.1366666666668,,
168,2010-06-21,1113.2,1122.79,1131.23,1108.24,,-0.39%
169,2010-06-22,1095.31,1113.9,1118.5,1094.18,,-1.61%
170,2010-06-23,1092.04,1095.57,1099.64,1085.31,,-0.30%
171,2010-06-24,1073.69,1090.93,1090.93,1071.6,,-1.68%
172,2010-06-25,1076.76,1075.1,1083.56,1067.89,,0.29%
173,2010-06-26,1076.03,1075.8999999999999,1083.24,1069.0766666666668,,
174,2010-06-27,1075.3,1076.7,1082.9199999999998,1070.2633333333333,,
175,2010-06-28,1074.57,1077.5,1082.6,1071.45,,-0.20%
176,2010-06-29,1041.24,1071.1,1071.1,1035.18,,-3.10%
177,2010-06-30,1030.71,1040.56,1048.08,1028.33,,-1.01%
178,2010-07-01,1027.37,1031.1,1033.58,1010.91,,-0.32%
179,2010-07-02,1022.58,1027.65,1032.95,1015.93,,-0.47%
180,2010-07-03,1023.95,1027.76,1035.3375,1016.535,,
181,2010-07-04,1025.32,1027.87,1037.725,1017.14,,
182,2010-07-05,1026.69,1027.98,1040.1125,1017.745,,
183,2010-07-06,1028.06,1028.09,1042.5,1018.35,,0.54%
184,2010-07-07,1060.27,1028.54,1060.89,1028.54,,3.13%
185,2010-07-08,1070.25,1062.92,1071.25,1058.24,,0.94%
186,2010-07-09,1077.96,1070.5,1078.16,1068.1,,0.72%
187,2010-07-10,1078.2233333333334,1072.7433333333333,1079.0333333333333,1068.8833333333332,,
188,2010-07-11,1078.4866666666667,1074.9866666666667,1079.9066666666668,1069.6666666666667,,
189,2010-07-12,1078.75,1077.23,1080.78,1070.45,,0.07%
190,2010-07-13,1095.34,1080.65,1099.46,1080.65,,1.54%
191,2010-07-14,1095.17,1095.61,1099.08,1087.68,,-0.02%
192,2010-07-15,1096.48,1094.46,1098.66,1080.53,,0.12%
193,2010-07-16,1064.88,1093.85,1093.85,1063.32,,-2.88%
194,2010-07-17,1067.0033333333333,1084.85,1087.4666666666667,1062.5833333333333,,
195,2010-07-18,1069.1266666666668,1075.85,1081.0833333333333,1061.8466666666666,,
196,2010-07-19,1071.25,1066.85,1074.7,1061.11,,0.60%
197,2010-07-20,1083.48,1064.53,1083.94,1056.88,,1.14%
198,2010-07-21,1069.59,1086.67,1088.96,1065.25,,-1.28%
199,2010-07-22,1093.67,1072.14,1097.5,1072.14,,2.25%
200,2010-07-23,1102.66,1092.17,1103.73,1087.88,,0.82%
201,2010-07-24,1106.7766666666666,1095.7433333333333,1107.49,1092.3533333333335,,
202,2010-07-25,1110.8933333333334,1099.3166666666668,1111.25,1096.8266666666666,,
203,2010-07-26,1115.01,1102.89,1115.01,1101.3,,1.12%
204,2010-07-27,1113.84,1117.36,1120.95,1109.78,,-0.10%
205,2010-07-28,1106.13,1112.84,1114.66,1103.11,,-0.69%
206,2010-07-29,1101.53,1108.07,1115.9,1092.82,,-0.42%
207,2010-07-30,1101.6,1098.44,1106.44,1088.01,,0.01%
208,2010-07-31,1109.6866666666665,1101.47,1113.3933333333334,1094.5166666666667,,
209,2010-08-01,1117.7733333333333,1104.5,1120.3466666666666,1101.0233333333333,,
210,2010-08-02,1125.86,1107.53,1127.3,1107.53,,2.20%
211,2010-08-03,1120.46,1125.34,1125.44,1116.76,,-0.48%
212,2010-08-04,1127.24,1121.06,1128.75,1119.46,,0.61%
213,2010-08-05,1125.81,1125.78,1126.56,1118.81,,-0.13%
214,2010-08-06,1121.64,1122.07,1123.06,1107.17,,-0.37%
215,2010-08-07,1123.69,1122.3133333333333,1125.12,1111.75,,
216,2010-08-08,1125.74,1122.5566666666666,1127.18,1116.3300000000002,,
217,2010-08-09,1127.79,1122.8,1129.24,1120.91,,0.55%
218,2010-08-10,1121.06,1122.92,1127.16,1111.58,,-0.60%
219,2010-08-11,1089.47,1116.89,1116.89,1088.55,,-2.82%
220,2010-08-12,1083.61,1081.48,1086.72,1076.69,,-0.54%
221,2010-08-13,1079.25,1082.22,1086.25,1079.0,,-0.40%
222,2010-08-14,1079.2933333333333,1080.6433333333334,1085.04,1075.83,,
223,2010-08-15,1079.3366666666668,1079.0666666666666,1083.83,1072.66,,
224,2010-08-16,1079.38,1077.49,1082.62,1069.49,,0.01%
225,2010-08-17,1092.54,1081.16,1100.14,1081.16,,1.22%
226,2010-08-18,1094.16,1092.08,1099.77,1085.76,,0.15%
227,2010-08-19,1075.63,1092.44,1092.44,1070.66,,-1.69%
228,2010-08-20,1071.69,1075.63,1075.63,1063.91,,-0.37%
229,2010-08-21,1070.2466666666667,1074.8733333333334,1077.6133333333335,1064.9666666666667,,
230,2010-08-22,1068.8033333333333,1074.1166666666666,1079.5966666666666,1066.0233333333333,,
231,2010-08-23,1067.36,1073.36,1081.58,1067.08,,-0.40%
232,2010-08-24,1051.87,1063.2,1063.2,1046.68,,-1.45%
233,2010-08-25,1055.33,1048.98,1059.38,1039.83,,0.33%
234,2010-08-26,1047.22,1056.28,1061.45,1045.4,,-0.77%
235,2010-08-27,1064.59,1049.27,1065.21,1039.7,,1.66%
236,2010-08-28,1059.3666666666666,1053.8133333333333,1064.94,1042.73,,
237,2010-08-29,1054.1433333333334,1058.3566666666668,1064.67,1045.76,,
238,2010-08-30,1048.92,1062.9,1064.4,1048.79,,-1.47%
239,2010-08-31,1049.33,1046.88,1055.14,1040.88,,0.04%
240,2010-09-01,1080.29,1049.72,1081.3,1049.72,,2.95%
241,2010-09-02,1090.1,1080.66,1090.1,1080.39,,0.91%
242,2010-09-03,1104.51,1093.61,1105.1,1093.61,,1.32%
243,2010-09-04,1101.3425,1095.8574999999998,1104.475,1092.995,,
244,2010-09-05,1098.175,1098.105,1103.85,1092.38,,
245,2010-09-06,1095.0075,1100.3525,1103.225,1091.765,,
246,2010-09-07,1091.84,1102.6,1102.6,1091.15,,-1.15%
247,2010-09-08,1098.87,1092.36,1103.26,1092.36,,0.64%
248,2010-09-09,1104.18,1101.15,1110.27,1101.15,,0.48%
249,2010-09-10,1109.55,1104.57,1110.88,1103.92,,0.49%
250,2010-09-11,1113.6666666666667,1107.5066666666667,1115.21,1107.0733333333335,,
251,2010-09-12,1117.7833333333333,1110.4433333333334,1119.54,1110.2266666666667,,
252,2010-09-13,1121.9,1113.38,1123.87,1113.38,,1.11%
253,2010-09-14,1121.1,1121.16,1127.36,1115.58,,-0.07%
254,2010-09-15,1125.07,1119.43,1126.46,1114.63,,0.35%
255,2010-09-16,1124.66,1123.89,1125.44,1118.88,,-0.04%
256,2010-09-17,1125.59,1126.39,1131.47,1122.43,,0.08%
257,2010-09-18,1131.2966666666666,1126.45,1135.9333333333334,1123.81,,
258,2010-09-19,1137.0033333333333,1126.51,1140.3966666666665,1125.19,,
259,2010-09-20,1142.71,1126.57,1144.86,1126.57,,1.52%
260,2010-09-21,1139.78,1142.82,1148.59,1136.22,,-0.26%
261,2010-09-22,1134.28,1139.49,1144.38,1131.58,,-0.48%
262,2010-09-23,1124.83,1131.1,1136.77,1122.79,,-0.83%
263,2010-09-24,1148.67,1131.69,1148.9,1131.69,,2.12%
264,2010-09-25,1146.5,1137.3400000000001,1149.24,1135.1266666666668,,
265,2010-09-26,1144.3300000000002,1142.99,1149.5800000000002,1138.5633333333333,,
266,2010-09-27,1142.16,1148.64,1149.92,1142.0,,-0.57%
267,2010-09-28,1147.7,1142.31,1150.0,1132.09,,0.49%
268,2010-09-29,1144.73,1146.75,1148.63,1140.26,,-0.26%
269,2010-09-30,1141.2,1145.97,1157.16,1136.08,,-0.31%
270,2010-10-01,1146.24,1143.49,1150.3,1139.42,,0.44%
271,2010-10-02,1143.17,1143.98,1149.5866666666666,1136.9033333333334,,
272,2010-10-03,1140.1,1144.47,1148.8733333333334,1134.3866666666665,,
273,2010-10-04,1137.03,1144.96,1148.16,1131.87,,-0.80%
274,2010-10-05,1160.75,1140.68,1162.76,1140.68,,2.09%
275,2010-10-06,1159.97,1159.81,1162.33,1154.85,,-0.07%
276,2010-10-07,1158.06,1161.57,1163.87,1151.41,,-0.16%
277,2010-10-08,1165.15,1158.36,1167.73,1155.58,,0.61%
278,2010-10-09,1165.2066666666667,1160.6799999999998,1168.0466666666666,1157.7266666666667,,
279,2010-10-10,1165.2633333333333,1163.0,1168.3633333333335,1159.8733333333332,,
280,2010-10-11,1165.32,1165.32,1168.68,1162.02,,0.01%
281,2010-10-12,1169.77,1164.28,1172.58,1155.71,,0.38%
282,2010-10-13,1178.1,1171.32,1184.38,1171.32,,0.71%
283,2010-10-14,1173.81,1177.82,1178.89,1166.71,,-0.36%
284,2010-10-15,1176.19,1177.47,1181.2,1167.12,,0.20%
285,2010-10-16,1179.03,1177.2566666666667,1182.6433333333334,1169.5966666666666,,
286,2010-10-17,1181.8700000000001,1177.0433333333333,1184.0866666666666,1172.0733333333333,,
287,2010-10-18,1184.71,1176.83,1185.53,1174.55,,0.72%
288,2010-10-19,1165.9,1178.64,1178.64,1159.71,,-1.59%
289,2010-10-20,1178.17,1166.74,1182.94,1166.74,,1.05%
290,2010-10-21,1180.26,1179.82,1189.43,1171.17,,0.18%
291,2010-10-22,1183.08,1180.52,1183.93,1178.99,,0.24%
292,2010-10-23,1183.9266666666665,1181.9266666666667,1188.0,1180.9066666666668,,
293,2010-10-24,1184.7733333333333,1183.3333333333333,1192.0700000000002,1182.8233333333333,,
294,2010-10-25,1185.62,1184.74,1196.14,1184.74,,0.21%
295,2010-10-26,1185.64,1184.88,1187.11,1177.72,,0.00%
296,2010-10-27,1182.45,1183.84,1183.84,1171.7,,-0.27%
297,2010-10-28,1183.78,1184.47,1189.53,1177.1,,0.11%
298,2010-10-29,1183.26,1183.87,1185.46,1179.7,,-0.04%
299,2010-10-30,1183.6333333333334,1184.4833333333333,1188.91,1179.0166666666667,,
300,2010-10-31,1184.0066666666667,1185.0966666666666,1192.36,1178.3333333333335,,
301,2010-11-01,1184.38,1185.71,1195.81,1177.65,,0.09%
302,2010-11-02,1193.57,1187.86,1195.88,1187.86,,0.78%
303,2010-11-03,1197.96,1193.79,1198.3,1183.56,,0.37%
304,2010-11-04,1221.06,1198.34,1221.25,1198.34,,1.93%
305,2010-11-05,1225.85,1221.2,1227.08,1220.29,,0.39%
306,2010-11-06,1224.9833333333333,1221.88,1226.2433333333333,1219.3766666666666,,
307,2010-11-07,1224.1166666666666,1222.56,1225.4066666666665,1218.4633333333334,,
308,2010-11-08,1223.25,1223.24,1224.57,1217.55,,-0.21%
309,2010-11-09,1213.4,1223.59,1226.84,1208.94,,-0.81%
310,2010-11-10,1218.71,1213.14,1218.75,1204.33,,0.44%
311,2010-11-11,1213.54,1213.04,1215.45,1204.49,,-0.42%
312,2010-11-12,1199.21,1209.07,1210.5,1194.08,,-1.18%
313,2010-11-13,1198.7233333333334,1206.1933333333334,1209.4766666666667,1195.1033333333332,,
314,2010-11-14,1198.2366666666667,1203.3166666666666,1208.4533333333334,1196.1266666666668,,
315,2010-11-15,1197.75,1200.44,1207.43,1197.15,,-0.12%
316,2010-11-16,1178.34,1194.79,1194.79,1173.0,,-1.62%
317,2010-11-17,1178.59,1178.33,1183.56,1175.82,,0.02%
318,2010-11-18,1196.69,1183.75,1200.29,1183.75,,1.54%
319,2010-11-19,1199.73,1196.12,1199.97,1189.44,,0.25%
320,2010-11-20,1199.1,1196.77,1199.6266666666668,1187.82,,
321,2010-11-21,1198.47,1197.4199999999998,1199.2833333333333,1186.2,,
322,2010-11-22,1197.84,1198.07,1198.94,1184.58,,-0.16%
323,2010-11-23,1180.73,1192.51,1192.51,1176.91,,-1.43%
324,2010-11-24,1198.35,1183.7,1198.62,1183.7,,1.49%
325,2010-11-25,1193.875,1188.93,1196.3899999999999,1185.315,,
326,2010-11-26,1189.4,1194.16,1194.16,1186.93,,-0.75%
327,2010-11-27,1188.8533333333335,1192.4666666666667,1192.8866666666668,1182.5,,
328,2010-11-28,1188.3066666666666,1190.7733333333333,1191.6133333333332,1178.0700000000002,,
329,2010-11-29,1187.76,1189.08,1190.34,1173.64,,-0.14%
330,2010-11-30,1180.55,1182.96,1187.4,1174.14,,-0.61%
331,2010-12-01,1206.07,1186.6,1207.61,1186.6,,2.16%
332,2010-12-02,1221.53,1206.81,1221.89,1206.81,,1.28%
333,2010-12-03,1224.71,1219.93,1225.57,1216.82,,0.26%
334,2010-12-04,1224.18,1221.2433333333333,1225.6466666666665,1218.1033333333332,,
335,2010-12-05,1223.6499999999999,1222.5566666666666,1225.7233333333334,1219.3866666666668,,
336,2010-12-06,1223.12,1223.87,1225.8,1220.67,,-0.13%
337,2010-12-07,1223.75,1227.25,1235.05,1223.25,,0.05%
338,2010-12-08,1228.28,1225.02,1228.93,1219.5,,0.37%
339,2010-12-09,1233.0,1230.14,1234.71,1226.85,,0.38%
340,2010-12-10,1240.4,1233.85,1240.4,1232.58,,0.60%
341,2010-12-11,1240.42,1236.74,1242.51,1235.1666666666665,,
342,2010-12-12,1240.44,1239.6299999999999,1244.6200000000001,1237.7533333333333,,
343,2010-12-13,1240.46,1242.52,1246.73,1240.34,,0.00%
344,2010-12-14,1241.59,1241.84,1246.59,1238.17,,0.09%
345,2010-12-15,1235.23,1241.58,1244.25,1234.01,,-0.51%
346,2010-12-16,1242.87,1236.34,1243.75,1232.85,,0.62%
347,2010-12-17,1243.91,1243.63,1245.81,1239.87,,0.08%
348,2010-12-18,1244.9666666666667,1244.3400000000001,1247.2733333333333,1240.4166666666665,,
349,2010-12-19,1246.0233333333333,1245.05,1248.7366666666667,1240.9633333333334,,
350,2010-12-20,1247.08,1245.76,1250.2,1241.51,,0.25%
351,2010-12-21,1254.6,1249.43,1255.82,1249.43,,0.60%
352,2010-12-22,1258.84,1254.94,1259.39,1254.94,,0.34%
353,2010-12-23,1256.77,1257.53,1258.59,1254.05,,-0.16%
354,2010-12-24,1256.9625,1256.8125,1258.55,1253.4075,,
355,2010-12-25,1257.155,1256.095,1258.51,1252.7649999999999,,
356,2010-12-26,1257.3474999999999,1255.3775,1258.47,1252.1225,,
357,2010-12-27,1257.54,1254.66,1258.43,1251.48,,0.06%
358,2010-12-28,1258.51,1259.1,1259.9,1256.22,,0.08%
359,2010-12-29,1259.78,1258.78,1262.6,1258.78,,0.10%
360,2010-12-30,1257.88,1259.44,1261.09,1256.32,,-0.15%
361,2010-12-31,1257.64,1256.76,1259.34,1254.19,,-0.02%
362,2011-01-01,1262.3833333333334,1257.0466666666666,1264.95,1255.3333333333333,,
363,2011-01-02,1267.1266666666666,1257.3333333333333,1270.56,1256.4766666666667,,
364,2011-01-03,1271.87,1257.62,1276.17,1257.62,,1.13%
365,2011-01-04,1270.2,1272.95,1274.12,1262.66,,-0.13%
366,2011-01-05,1276.56,1268.78,1277.63,1265.36,,0.50%
367,2011-01-06,1273.85,1276.29,1278.17,1270.43,,-0.21%
368,2011-01-07,1271.5,1274.41,1276.83,1261.7,,-0.18%
369,2011-01-08,1270.9166666666667,1273.22,1275.06,1261.8600000000001,,
370,2011-01-09,1270.3333333333333,1272.03,1273.29,1262.02,,
371,2011-01-10,1269.75,1270.84,1271.52,1262.18,,-0.14%
372,2011-01-11,1274.48,1272.58,1277.25,1269.62,,0.37%
373,2011-01-12,1285.96,1275.65,1286.87,1275.65,,0.90%
374,2011-01-13,1283.76,1285.78,1286.7,1280.47,,-0.17%
375,2011-01-14,1293.24,1282.9,1293.24,1281.24,,0.74%
376,2011-01-15,1293.685,1285.48,1293.945,1283.47,,
377,2011-01-16,1294.13,1288.06,1294.65,1285.7,,
378,2011-01-17,1294.575,1290.64,1295.355,1287.93,,
379,2011-01-18,1295.02,1293.22,1296.06,1290.16,,0.14%
380,2011-01-19,1281.92,1294.52,1294.6,1278.92,,-1.01%
381,2011-01-20,1280.26,1280.85,1283.35,1271.26,,-0.13%
382,2011-01-21,1283.35,1283.63,1291.21,1282.07,,0.24%
383,2011-01-22,1285.8466666666666,1283.5166666666667,1291.45,1282.2033333333334,,
384,2011-01-23,1288.3433333333332,1283.4033333333334,1291.69,1282.3366666666666,,
385,2011-01-24,1290.84,1283.29,1291.93,1282.47,,0.58%
386,2011-01-25,1291.18,1288.17,1291.26,1281.07,,0.03%
387,2011-01-26,1296.63,1291.97,1299.74,1291.97,,0.42%
388,2011-01-27,1299.54,1297.51,1301.29,1294.41,,0.22%
389,2011-01-28,1276.34,1299.63,1302.67,1275.1,,-1.79%
390,2011-01-29,1279.6,1291.92,1297.5033333333333,1275.5666666666666,,
391,2011-01-30,1282.86,1284.21,1292.3366666666668,1276.0333333333333,,
392,2011-01-31,1286.12,1276.5,1287.17,1276.5,,0.77%
393,2011-02-01,1307.59,1289.14,1308.86,1289.14,,1.67%
394,2011-02-02,1304.03,1305.91,1307.61,1302.62,,-0.27%
395,2011-02-03,1307.1,1302.77,1308.6,1294.83,,0.24%
396,2011-02-04,1310.87,1307.01,1311.0,1301.67,,0.29%
397,2011-02-05,1313.5966666666666,1308.6233333333332,1314.95,1305.0633333333333,,
398,2011-02-06,1316.3233333333333,1310.2366666666667,1318.8999999999999,1308.4566666666667,,
399,2011-02-07,1319.05,1311.85,1322.85,1311.85,,0.62%
400,2011-02-08,1324.57,1318.76,1324.87,1316.03,,0.42%
401,2011-02-09,1320.88,1322.48,1324.54,1314.89,,-0.28%
402,2011-02-10,1321.87,1318.13,1322.78,1311.74,,0.07%
403,2011-02-11,1329.15,1318.66,1330.79,1316.08,,0.55%
404,2011-02-12,1330.2066666666667,1322.0166666666667,1331.5133333333333,1319.6866666666667,,
405,2011-02-13,1331.2633333333333,1325.3733333333334,1332.2366666666667,1323.2933333333333,,
406,2011-02-14,1332.32,1328.73,1332.96,1326.9,,0.24%
407,2011-02-15,1328.01,1330.43,1330.43,1324.61,,-0.32%
408,2011-02-16,1336.32,1329.51,1337.61,1329.51,,0.63%
409,2011-02-17,1340.43,1334.37,1341.5,1331.0,,0.31%
410,2011-02-18,1343.01,1340.38,1344.07,1338.12,,0.19%
411,2011-02-19,1336.1175,1340.0125,1342.78,1331.6725,,
412,2011-02-20,1329.225,1339.645,1341.49,1325.225,,
413,2011-02-21,1322.3325,1339.2775000000001,1340.2,1318.7775,,
414,2011-02-22,1315.44,1338.91,1338.91,1312.33,,-2.05%
415,2011-02-23,1307.4,1315.44,1317.91,1299.55,,-0.61%
416,2011-02-24,1306.1,1307.09,1310.91,1294.26,,-0.10%
417,2011-02-25,1319.88,1307.34,1320.61,1307.34,,1.06%
418,2011-02-26,1322.3266666666668,1312.0966666666666,1323.5333333333333,1311.7433333333333,,
419,2011-02-27,1324.7733333333333,1316.8533333333332,1326.4566666666667,1316.1466666666665,,
420,2011-02-28,1327.22,1321.61,1329.38,1320.55,,0.56%
421,2011-03-01,1306.33,1328.64,1332.09,1306.14,,-1.57%
422,2011-03-02,1308.44,1305.47,1314.19,1302.58,,0.16%
423,2011-03-03,1330.97,1312.37,1332.28,1312.37,,1.72%
424,2011-03-04,1321.15,1330.73,1331.08,1312.59,,-0.74%
425,2011-03-05,1317.4766666666667,1328.06,1329.9466666666667,1309.7233333333334,,
426,2011-03-06,1313.8033333333335,1325.39,1328.8133333333333,1306.8566666666666,,
427,2011-03-07,1310.13,1322.72,1327.68,1303.99,,-0.83%
428,2011-03-08,1321.82,1311.05,1325.74,1306.86,,0.89%
429,2011-03-09,1320.02,1319.92,1323.21,1312.27,,-0.14%
430,2011-03-10,1295.11,1315.72,1315.72,1294.21,,-1.89%
431,2011-03-11,1304.28,1293.43,1308.35,1291.99,,0.71%
432,2011-03-12,1301.65,1296.0166666666667,1305.9633333333334,1290.1166666666666,,
433,2011-03-13,1299.02,1298.6033333333335,1303.5766666666666,1288.2433333333333,,
434,2011-03-14,1296.39,1301.19,1301.19,1286.37,,-0.60%
435,2011-03-15,1281.87,1288.46,1288.46,1261.12,,-1.12%
436,2011-03-16,1256.88,1279.46,1280.91,1249.05,,-1.95%
437,2011-03-17,1273.72,1261.61,1278.88,1261.61,,1.34%
438,2011-03-18,1279.21,1276.71,1288.88,1276.18,,0.43%
439,2011-03-19,1285.6000000000001,1278.3566666666668,1292.78,1278.0033333333333,,
440,2011-03-20,1291.99,1280.0033333333333,1296.68,1279.8266666666668,,
441,2011-03-21,1298.38,1281.65,1300.58,1281.65,,1.50%
442,2011-03-22,1293.77,1298.29,1299.35,1292.7,,-0.36%
443,2011-03-23,1297.54,1292.19,1300.51,1284.05,,0.29%
444,2011-03-24,1309.66,1300.61,1311.34,1297.74,,0.93%
445,2011-03-25,1313.8,1311.8,1319.18,1310.15,,0.32%
446,2011-03-26,1312.5966666666666,1313.0166666666667,1319.3666666666668,1310.1633333333334,,
447,2011-03-27,1311.3933333333334,1314.2333333333333,1319.5533333333333,1310.1766666666667,,
448,2011-03-28,1310.19,1315.45,1319.74,1310.19,,-0.27%
449,2011-03-29,1319.44,1309.37,1319.45,1305.26,,0.71%
450,2011-03-30,1328.26,1321.89,1331.74,1321.89,,0.67%
451,2011-03-31,1325.83,1327.44,1329.77,1325.03,,-0.18%
452,2011-04-01,1332.41,1329.48,1337.85,1328.89,,0.50%
453,2011-04-02,1332.5633333333333,1330.84,1337.48,1328.96,,
454,2011-04-03,1332.7166666666667,1332.2,1337.11,1329.03,,
455,2011-04-04,1332.87,1333.56,1336.74,1329.1,,0.03%
456,2011-04-05,1332.63,1332.03,1338.21,1330.03,,-0.02%
457,2011-04-06,1335.54,1335.94,1339.38,1331.09,,0.22%
458,2011-04-07,1333.51,1334.82,1338.8,1326.56,,-0.15%
459,2011-04-08,1328.17,1336.16,1339.46,1322.94,,-0.40%
460,2011-04-09,1326.9333333333334,1333.7766666666666,1337.5633333333333,1322.3133333333333,,
461,2011-04-10,1325.6966666666667,1331.3933333333334,1335.6666666666667,1321.6866666666667,,
462,2011-04-11,1324.46,1329.01,1333.77,1321.06,,-0.28%
463,2011-04-12,1314.16,1321.96,1321.96,1309.51,,-0.78%
464,2011-04-13,1314.41,1314.03,1321.35,1309.19,,0.02%
465,2011-04-14,1314.52,1311.13,1316.79,1302.42,,0.01%
466,2011-04-15,1319.68,1314.54,1322.88,1313.68,,0.39%
467,2011-04-16,1314.8333333333335,1314.1433333333332,1319.7033333333334,1307.3533333333335,,
468,2011-04-17,1309.9866666666667,1313.7466666666667,1316.5266666666666,1301.0266666666666,,
469,2011-04-18,1305.14,1313.35,1313.35,1294.7,,-1.10%
470,2011-04-19,1312.62,1305.99,1312.7,1303.97,,0.57%
471,2011-04-20,1330.36,1319.12,1332.66,1319.12,,1.35%
472,2011-04-21,1337.38,1333.23,1337.49,1332.83,,0.53%
473,2011-04-22,1336.8475,1334.2075,1337.505,1332.49,,
474,2011-04-23,1336.315,1335.185,1337.52,1332.15,,
475,2011-04-24,1335.7825,1336.1625000000001,1337.5349999999999,1331.81,,
476,2011-04-25,1335.25,1337.14,1337.55,1331.47,,-0.16%
477,2011-04-26,1347.24,1336.75,1349.55,1336.75,,0.90%
478,2011-04-27,1355.66,1348.43,1357.49,1344.25,,0.62%
479,2011-04-28,1360.48,1353.86,1361.71,1353.6,,0.36%
480,2011-04-29,1363.61,1360.14,1364.56,1358.69,,0.23%
481,2011-04-30,1362.8133333333333,1361.8300000000002,1366.5666666666666,1358.6566666666668,,
482,2011-05-01,1362.0166666666667,1363.52,1368.5733333333333,1358.6233333333332,,
483,2011-05-02,1361.22,1365.21,1370.58,1358.59,,-0.18%
484,2011-05-03,1356.62,1359.76,1360.84,1349.52,,-0.34%
485,2011-05-04,1347.32,1355.9,1355.9,1341.5,,-0.69%
486,2011-05-05,1335.1,1344.16,1348.0,1329.17,,-0.91%
487,2011-05-06,1340.2,1340.24,1354.36,1335.58,,0.38%
488,2011-05-07,1342.23,1340.2266666666667,1352.72,1336.6,,
489,2011-05-08,1344.26,1340.2133333333334,1351.08,1337.6200000000001,,
490,2011-05-09,1346.29,1340.2,1349.44,1338.64,,0.45%
491,2011-05-10,1357.16,1348.34,1359.44,1348.34,,0.81%
492,2011-05-11,1342.08,1354.51,1354.51,1336.36,,-1.11%
493,2011-05-12,1348.65,1339.39,1351.05,1332.03,,0.49%
494,2011-05-13,1337.77,1348.69,1350.47,1333.36,,-0.81%
495,2011-05-14,1335.0033333333333,1344.05,1348.09,1331.3466666666666,,
496,2011-05-15,1332.2366666666667,1339.41,1345.71,1329.3333333333333,,
497,2011-05-16,1329.47,1334.77,1343.33,1327.32,,-0.62%
498,2011-05-17,1328.98,1326.1,1330.42,1318.51,,-0.04%
499,2011-05-18,1340.68,1328.54,1341.82,1326.59,,0.88%
500,2011-05-19,1343.6,1342.4,1346.82,1336.36,,0.22%
501,2011-05-20,1333.27,1342.0,1342.0,1330.67,,-0.77%
502,2011-05-21,1327.97,1339.0233333333333,1339.0233333333333,1324.74,,
503,2011-05-22,1322.6699999999998,1336.0466666666666,1336.0466666666666,1318.8100000000002,,
504,2011-05-23,1317.37,1333.07,1333.07,1312.88,,-1.19%
505,2011-05-24,1316.28,1317.7,1323.72,1313.87,,-0.08%
506,2011-05-25,1320.47,1316.36,1325.86,1311.8,,0.32%
507,2011-05-26,1325.69,1320.64,1328.51,1314.41,,0.40%
508,2011-05-27,1331.1,1325.69,1334.62,1325.69,,0.41%
509,2011-05-28,1334.625,1327.0425,1337.2649999999999,1327.0425,,
510,2011-05-29,1338.15,1328.395,1339.9099999999999,1328.395,,
511,2011-05-30,1341.675,1329.7475,1342.555,1329.7475,,
512,2011-05-31,1345.2,1331.1,1345.2,1331.1,,1.06%
513,2011-06-01,1314.55,1345.2,1345.2,1313.71,,-2.28%
514,2011-06-02,1312.94,1314.55,1318.03,1305.61,,-0.12%
515,2011-06-03,1300.16,1312.94,1312.94,1297.9,,-0.97%
516,2011-06-04,1295.4966666666667,1308.7133333333334,1308.7133333333334,1293.5066666666667,,
517,2011-06-05,1290.8333333333335,1304.4866666666667,1304.4866666666667,1289.1133333333335,,
518,2011-06-06,1286.17,1300.26,1300.26,1284.72,,-1.08%
519,2011-06-07,1284.94,1286.31,1296.22,1284.74,,-0.10%
520,2011-06-08,1279.56,1284.63,1287.04,1277.42,,-0.42%
521,2011-06-09,1289.0,1279.63,1294.54,1279.63,,0.74%
522,2011-06-10,1270.98,1288.6,1288.6,1268.28,,-1.40%
523,2011-06-11,1271.2633333333333,1282.8366666666666,1284.7466666666667,1267.4,,
524,2011-06-12,1271.5466666666666,1277.0733333333333,1280.8933333333332,1266.52,,
525,2011-06-13,1271.83,1271.31,1277.04,1265.64,,0.07%
526,2011-06-14,1287.87,1272.22,1292.5,1272.22,,1.26%
527,2011-06-15,1265.42,1287.87,1287.87,1261.9,,-1.74%
528,2011-06-16,1267.64,1265.53,1274.11,1258.07,,0.18%
529,2011-06-17,1271.5,1268.58,1279.82,1267.4,,0.30%
530,2011-06-18,1273.7866666666666,1269.5533333333333,1280.02,1267.4533333333334,,
531,2011-06-19,1276.0733333333333,1270.5266666666666,1280.22,1267.5066666666667,,
532,2011-06-20,1278.36,1271.5,1280.42,1267.56,,0.54%
533,2011-06-21,1295.52,1278.4,1297.62,1278.4,,1.34%
534,2011-06-22,1287.14,1295.48,1298.61,1286.79,,-0.65%
535,2011-06-23,1283.5,1286.6,1286.6,1262.87,,-0.28%
536,2011-06-24,1268.45,1283.04,1283.93,1267.24,,-1.17%
537,2011-06-25,1272.3333333333333,1278.1733333333334,1284.2566666666667,1267.3366666666666,,
538,2011-06-26,1276.2166666666667,1273.3066666666666,1284.5833333333335,1267.4333333333334,,
539,2011-06-27,1280.1,1268.44,1284.91,1267.53,,0.92%
540,2011-06-28,1296.67,1280.21,1296.8,1280.21,,1.29%
541,2011-06-29,1307.41,1296.85,1309.21,1296.85,,0.83%
542,2011-06-30,1320.64,1307.64,1321.97,1307.64,,1.01%
543,2011-07-01,1339.67,1320.64,1341.01,1318.18,,1.44%
544,2011-07-02,1339.2225,1325.3775,1340.98,1322.21,,
545,2011-07-03,1338.775,1330.115,1340.95,1326.24,,
546,2011-07-04,1338.3275,1334.8525,1340.92,1330.27,,
547,2011-07-05,1337.88,1339.59,1340.89,1334.3,,-0.13%
548,2011-07-06,1339.22,1337.56,1340.94,1330.92,,0.10%
549,2011-07-07,1353.22,1339.62,1356.48,1339.62,,1.05%
550,2011-07-08,1343.8,1352.39,1352.39,1333.71,,-0.70%
551,2011-07-09,1335.6966666666667,1349.3633333333335,1349.3633333333335,1327.9466666666667,,
552,2011-07-10,1327.5933333333332,1346.3366666666666,1346.3366666666666,1322.1833333333334,,
553,2011-07-11,1319.49,1343.31,1343.31,1316.42,,-1.81%
554,2011-07-12,1313.64,1319.61,1327.17,1313.33,,-0.44%
555,2011-07-13,1317.72,1314.45,1331.48,1314.45,,0.31%
556,2011-07-14,1308.87,1317.74,1326.88,1306.51,,-0.67%
557,2011-07-15,1316.14,1308.87,1317.7,1307.52,,0.56%
558,2011-07-16,1312.5733333333335,1311.2266666666667,1317.1133333333335,1303.6533333333334,,
559,2011-07-17,1309.0066666666667,1313.5833333333333,1316.5266666666666,1299.7866666666666,,
560,2011-07-18,1305.44,1315.94,1315.94,1295.92,,-0.81%
561,2011-07-19,1326.73,1307.07,1328.14,1307.07,,1.63%
562,2011-07-20,1325.84,1328.66,1330.43,1323.65,,-0.07%
563,2011-07-21,1343.8,1325.65,1347.0,1325.65,,1.35%
564,2011-07-22,1345.02,1343.8,1346.1,1336.95,,0.09%
565,2011-07-23,1342.49,1343.9733333333334,1345.5066666666667,1334.9966666666667,,
566,2011-07-24,1339.96,1344.1466666666665,1344.9133333333332,1333.0433333333333,,
567,2011-07-25,1337.43,1344.32,1344.32,1331.09,,-0.56%
568,2011-07-26,1331.94,1337.39,1338.51,1329.59,,-0.41%
569,2011-07-27,1304.89,1331.91,1331.91,1303.49,,-2.03%
570,2011-07-28,1300.67,1304.84,1316.32,1299.16,,-0.32%
571,2011-07-29,1292.28,1300.12,1304.16,1282.86,,-0.65%
572,2011-07-30,1290.5,1297.61,1305.2333333333333,1280.1499999999999,,
573,2011-07-31,1288.72,1295.1,1306.3066666666668,1277.44,,
574,2011-08-01,1286.94,1292.59,1307.38,1274.73,,-0.41%
575,2011-08-02,1254.05,1286.56,1286.56,1254.03,,-2.56%
576,2011-08-03,1260.34,1254.25,1261.2,1234.56,,0.50%
577,2011-08-04,1200.07,1260.23,1260.23,1199.54,,-4.78%
578,2011-08-05,1199.38,1200.28,1218.11,1168.09,,-0.06%
579,2011-08-06,1172.74,1199.68,1211.5666666666666,1151.82,,
580,2011-08-07,1146.1000000000001,1199.08,1205.0233333333333,1135.55,,
581,2011-08-08,1119.46,1198.48,1198.48,1119.28,,-6.66%
582,2011-08-09,1172.53,1120.23,1172.88,1101.54,,4.74%
583,2011-08-10,1120.76,1171.77,1171.77,1118.01,,-4.42%
584,2011-08-11,1172.64,1121.3,1186.29,1121.3,,4.63%
585,2011-08-12,1178.81,1172.87,1189.04,1170.74,,0.53%
586,2011-08-13,1187.37,1174.8666666666666,1194.19,1173.4466666666667,,
587,2011-08-14,1195.93,1176.8633333333332,1199.34,1176.1533333333332,,
588,2011-08-15,1204.49,1178.86,1204.49,1178.86,,2.18%
589,2011-08-16,1192.76,1204.22,1204.22,1180.53,,-0.97%
590,2011-08-17,1193.89,1192.89,1208.47,1184.36,,0.09%
591,2011-08-18,1140.65,1189.62,1189.62,1131.03,,-4.46%
592,2011-08-19,1123.53,1140.47,1154.54,1122.05,,-1.50%
593,2011-08-20,1123.6266666666666,1134.83,1151.5233333333333,1121.73,,
594,2011-08-21,1123.7233333333334,1129.19,1148.5066666666667,1121.4099999999999,,
595,2011-08-22,1123.82,1123.55,1145.49,1121.09,,0.03%
596,2011-08-23,1162.35,1124.36,1162.35,1122.91,,3.43%
597,2011-08-24,1177.6,1162.16,1178.56,1156.3,,1.31%
598,2011-08-25,1159.27,1176.69,1190.68,1155.47,,-1.56%
599,2011-08-26,1176.8,1158.85,1181.23,1135.91,,1.51%
600,2011-08-27,1187.8933333333332,1165.2033333333334,1190.9133333333334,1149.91,,
601,2011-08-28,1198.9866666666667,1171.5566666666666,1200.5966666666666,1163.91,,
602,2011-08-29,1210.08,1177.91,1210.28,1177.91,,2.83%
603,2011-08-30,1212.92,1209.76,1220.1,1195.77,,0.23%
604,2011-08-31,1218.89,1213.0,1230.71,1209.35,,0.49%
605,2011-09-01,1204.42,1219.12,1229.29,1203.85,,-1.19%
606,2011-09-02,1173.97,1203.9,1203.9,1170.56,,-2.53%
607,2011-09-03,1171.7875,1196.4175,1196.4175,1162.9524999999999,,
608,2011-09-04,1169.605,1188.935,1188.935,1155.345,,
609,2011-09-05,1167.4225000000001,1181.4525,1181.4525,1147.7375000000002,,
610,2011-09-06,1165.24,1173.97,1173.97,1140.13,,-0.74%
611,2011-09-07,1198.62,1165.85,1198.62,1165.85,,2.86%
612,2011-09-08,1185.9,1197.98,1204.4,1183.34,,-1.06%
613,2011-09-09,1154.23,1185.37,1185.37,1148.37,,-2.67%
614,2011-09-10,1156.91,1174.7466666666667,1177.7533333333333,1144.27,,
615,2011-09-11,1159.59,1164.1233333333332,1170.1366666666665,1140.1699999999998,,
616,2011-09-12,1162.27,1153.5,1162.52,1136.07,,0.70%
617,2011-09-13,1172.87,1162.59,1176.41,1157.44,,0.91%
618,2011-09-14,1188.68,1173.32,1202.38,1162.73,,1.35%
619,2011-09-15,1209.11,1189.44,1209.11,1189.44,,1.72%
620,2011-09-16,1216.01,1209.21,1220.06,1204.46,,0.57%
621,2011-09-17,1212.0366666666666,1211.1366666666668,1218.37,1199.0933333333332,,
622,2011-09-18,1208.0633333333333,1213.0633333333333,1216.68,1193.7266666666667,,
623,2011-09-19,1204.09,1214.99,1214.99,1188.36,,-0.98%
624,2011-09-20,1202.09,1204.5,1220.39,1201.29,,-0.17%
625,2011-09-21,1166.76,1203.63,1206.3,1166.21,,-2.94%
626,2011-09-22,1129.56,1164.55,1164.55,1114.22,,-3.19%
627,2011-09-23,1136.43,1128.82,1141.72,1121.36,,0.61%
628,2011-09-24,1145.27,1131.5166666666667,1149.21,1124.5966666666666,,
629,2011-09-25,1154.1100000000001,1134.2133333333334,1156.7,1127.8333333333333,,
630,2011-09-26,1162.95,1136.91,1164.19,1131.07,,2.33%
631,2011-09-27,1175.38,1163.32,1195.86,1163.32,,1.07%
632,2011-09-28,1151.06,1175.39,1184.71,1150.4,,-2.07%
633,2011-09-29,1160.4,1151.74,1175.87,1139.93,,0.81%
634,2011-09-30,1131.42,1159.93,1159.93,1131.34,,-2.50%
635,2011-10-01,1120.69,1150.3566666666668,1152.95,1120.5333333333333,,
636,2011-10-02,1109.96,1140.7833333333333,1145.97,1109.7266666666667,,
637,2011-10-03,1099.23,1131.21,1138.99,1098.92,,-2.85%
638,2011-10-04,1123.95,1097.42,1125.12,1074.77,,2.25%
639,2011-10-05,1144.03,1124.03,1146.07,1115.68,,1.79%
640,2011-10-06,1164.97,1144.11,1165.55,1134.95,,1.83%
641,2011-10-07,1155.46,1165.03,1171.4,1150.26,,-0.82%
642,2011-10-08,1168.6033333333335,1162.7366666666667,1179.2366666666667,1152.89,,
643,2011-10-09,1181.7466666666667,1160.4433333333334,1187.0733333333335,1155.52,,
644,2011-10-10,1194.89,1158.15,1194.91,1158.15,,3.41%
645,2011-10-11,1195.54,1194.6,1199.24,1187.3,,0.05%
646,2011-10-12,1207.25,1196.19,1220.25,1196.19,,0.98%
647,2011-10-13,1203.66,1206.96,1207.46,1190.58,,-0.30%
648,2011-10-14,1224.58,1205.65,1224.61,1205.65,,1.74%
649,2011-10-15,1216.6733333333332,1211.9233333333334,1224.5633333333333,1203.2833333333333,,
650,2011-10-16,1208.7666666666667,1218.1966666666667,1224.5166666666667,1200.9166666666667,,
651,2011-10-17,1200.86,1224.47,1224.47,1198.55,,-1.94%
652,2011-10-18,1225.38,1200.75,1233.1,1191.48,,2.04%
653,2011-10-19,1209.88,1223.46,1229.64,1206.31,,-1.26%
654,2011-10-20,1215.39,1211.1,1219.53,1197.34,,0.46%
655,2011-10-21,1238.25,1215.39,1239.03,1215.39,,1.88%
656,2011-10-22,1243.5633333333333,1223.1666666666667,1244.87,1223.1666666666667,,
657,2011-10-23,1248.8766666666668,1230.9433333333334,1250.71,1230.9433333333334,,
658,2011-10-24,1254.19,1238.72,1256.55,1238.72,,1.29%
659,2011-10-25,1229.05,1254.19,1254.19,1226.79,,-2.00%
660,2011-10-26,1242.0,1229.17,1246.28,1221.06,,1.05%
661,2011-10-27,1284.59,1243.97,1292.66,1243.97,,3.43%
662,2011-10-28,1285.09,1284.39,1287.08,1277.01,,0.04%
663,2011-10-29,1274.4933333333333,1284.5800000000002,1286.3733333333332,1269.06,,
664,2011-10-30,1263.8966666666665,1284.77,1285.6666666666667,1261.1100000000001,,
665,2011-10-31,1253.3,1284.96,1284.96,1253.16,,-2.47%
666,2011-11-01,1218.28,1251.0,1251.0,1215.42,,-2.79%
667,2011-11-02,1237.9,1219.62,1242.48,1219.62,,1.61%
668,2011-11-03,1261.15,1238.25,1263.21,1234.81,,1.88%
669,2011-11-04,1253.23,1260.82,1260.82,1238.92,,-0.63%
670,2011-11-05,1255.86,1258.2833333333333,1261.1133333333332,1239.53,,
671,2011-11-06,1258.49,1255.7466666666667,1261.4066666666668,1240.14,,
672,2011-11-07,1261.12,1253.21,1261.7,1240.75,,0.63%
673,2011-11-08,1275.92,1261.12,1277.55,1254.99,,1.17%
674,2011-11-09,1229.1,1275.18,1275.18,1226.64,,-3.67%
675,2011-11-10,1239.69,1229.59,1246.22,1227.7,,0.86%
676,2011-11-11,1263.85,1240.12,1266.98,1240.12,,1.95%
677,2011-11-12,1259.8266666666666,1248.03,1265.9366666666667,1242.3066666666666,,
678,2011-11-13,1255.8033333333333,1255.9399999999998,1264.8933333333332,1244.4933333333333,,
679,2011-11-14,1251.78,1263.85,1263.85,1246.68,,-0.96%
680,2011-11-15,1257.81,1251.7,1264.25,1244.34,,0.48%
681,2011-11-16,1236.91,1257.81,1259.61,1235.67,,-1.66%
682,2011-11-17,1216.13,1236.56,1237.73,1209.43,,-1.68%
683,2011-11-18,1215.65,1216.19,1223.51,1211.36,,-0.04%
684,2011-11-19,1208.0933333333335,1216.0,1220.8799999999999,1201.96,,
685,2011-11-20,1200.5366666666666,1215.81,1218.25,1192.56,,
686,2011-11-21,1192.98,1215.62,1215.62,1183.16,,-1.86%
687,2011-11-22,1188.04,1192.98,1196.81,1181.65,,-0.41%
688,2011-11-23,1161.79,1187.48,1187.48,1161.79,,-2.21%
689,2011-11-24,1160.23,1174.4450000000002,1180.0700000000002,1160.225,,
690,2011-11-25,1158.67,1161.41,1172.66,1158.66,,-0.27%
691,2011-11-26,1169.9633333333334,1160.4966666666667,1180.89,1158.6633333333334,,
692,2011-11-27,1181.2566666666667,1159.5833333333335,1189.12,1158.6666666666667,,
693,2011-11-28,1192.55,1158.67,1197.35,1158.67,,2.92%
694,2011-11-29,1195.19,1192.56,1203.67,1191.8,,0.22%
695,2011-11-30,1246.96,1196.72,1247.11,1196.72,,4.33%
696,2011-12-01,1244.58,1246.91,1251.09,1239.73,,-0.19%
697,2011-12-02,1244.28,1246.03,1260.08,1243.35,,-0.02%
698,2011-12-03,1248.5466666666666,1245.4633333333334,1262.2966666666666,1243.6766666666665,,
699,2011-12-04,1252.8133333333333,1244.8966666666665,1264.5133333333333,1244.0033333333333,,
700,2011-12-05,1257.08,1244.33,1266.73,1244.33,,1.03%
701,2011-12-06,1258.47,1257.19,1266.03,1253.03,,0.11%
702,2011-12-07,1261.01,1258.14,1267.06,1244.8,,0.20%
703,2011-12-08,1234.35,1260.87,1260.87,1231.47,,-2.11%
704,2011-12-09,1255.19,1234.48,1258.25,1234.48,,1.69%
705,2011-12-10,1248.95,1241.3366666666666,1257.1833333333334,1232.07,,
706,2011-12-11,1242.71,1248.1933333333334,1256.1166666666666,1229.66,,
707,2011-12-12,1236.47,1255.05,1255.05,1227.25,,-1.49%
708,2011-12-13,1225.73,1236.83,1249.86,1219.43,,-0.87%
709,2011-12-14,1211.82,1225.73,1225.73,1209.47,,-1.13%
710,2011-12-15,1215.75,1212.12,1225.6,1212.12,,0.32%
711,2011-12-16,1219.66,1216.09,1231.04,1215.2,,0.32%
712,2011-12-17,1214.89,1217.3066666666666,1228.8833333333332,1210.9233333333334,,
713,2011-12-18,1210.12,1218.5233333333333,1226.7266666666667,1206.6466666666665,,
714,2011-12-19,1205.35,1219.74,1224.57,1202.37,,-1.17%
715,2011-12-20,1241.3,1205.72,1242.82,1205.72,,2.98%
716,2011-12-21,1243.72,1241.25,1245.09,1229.51,,0.19%
717,2011-12-22,1254.0,1243.72,1255.22,1243.72,,0.83%
718,2011-12-23,1265.33,1254.0,1265.42,1254.0,,0.90%
719,2011-12-24,1265.355,1256.755,1266.4075,1256.075,,
720,2011-12-25,1265.38,1259.51,1267.395,1258.15,,
721,2011-12-26,1265.405,1262.2649999999999,1268.3825,1260.225,,
722,2011-12-27,1265.43,1265.02,1269.37,1262.3,,0.01%
723,2011-12-28,1249.64,1265.38,1265.85,1248.64,,-1.25%
724,2011-12-29,1263.02,1249.75,1263.54,1249.75,,1.07%
725,2011-12-30,1257.6,1262.82,1264.12,1257.46,,-0.43%
726,2011-12-31,1262.465,1261.83,1269.245,1257.81,,
727,2012-01-01,1267.33,1260.84,1274.37,1258.1599999999999,,
728,2012-01-02,1272.195,1259.85,1279.495,1258.51,,
729,2012-01-03,1277.06,1258.86,1284.62,1258.86,,1.55%
730,2012-01-04,1277.3,1277.03,1278.73,1268.1,,0.02%
731,2012-01-05,1281.06,1277.3,1283.05,1265.26,,0.29%
732,2012-01-06,1277.81,1280.93,1281.84,1273.34,,-0.25%
733,2012-01-07,1278.7733333333333,1279.8966666666668,1281.8899999999999,1273.7433333333333,,
734,2012-01-08,1279.7366666666667,1278.8633333333332,1281.94,1274.1466666666665,,
735,2012-01-09,1280.7,1277.83,1281.99,1274.55,,0.23%
736,2012-01-10,1292.08,1280.77,1296.46,1280.77,,0.89%
737,2012-01-11,1292.48,1292.02,1293.8,1285.41,,0.03%
738,2012-01-12,1295.5,1292.48,1296.82,1285.77,,0.23%
739,2012-01-13,1289.09,1294.82,1294.82,1277.58,,-0.49%
740,2012-01-14,1290.235,1293.67,1296.865,1280.74,,
741,2012-01-15,1291.38,1292.52,1298.9099999999999,1283.9,,
742,2012-01-16,1292.525,1291.37,1300.955,1287.06,,
743,2012-01-17,1293.67,1290.22,1303.0,1290.22,,0.36%
744,2012-01-18,1308.04,1293.65,1308.11,1290.99,,1.11%
745,2012-01-19,1314.5,1308.07,1315.49,1308.07,,0.49%
746,2012-01-20,1315.38,1314.49,1315.38,1309.17,,0.07%
747,2012-01-21,1315.5866666666668,1314.7566666666667,1317.68,1309.41,,
748,2012-01-22,1315.7933333333333,1315.0233333333333,1319.98,1309.65,,
749,2012-01-23,1316.0,1315.29,1322.28,1309.89,,0.05%
750,2012-01-24,1314.65,1315.96,1315.96,1306.06,,-0.10%
751,2012-01-25,1326.05,1314.4,1328.3,1307.65,,0.87%
752,2012-01-26,1318.43,1326.28,1333.47,1313.6,,-0.57%
753,2012-01-27,1316.33,1318.25,1320.06,1311.72,,-0.16%
754,2012-01-28,1315.2233333333334,1317.5533333333333,1318.76,1307.9766666666667,,
755,2012-01-29,1314.1166666666666,1316.8566666666668,1317.46,1304.2333333333333,,
756,2012-01-30,1313.01,1316.16,1316.16,1300.49,,-0.25%
757,2012-01-31,1312.41,1313.53,1321.41,1306.69,,-0.05%
758,2012-02-01,1324.09,1312.45,1330.52,1312.45,,0.89%
759,2012-02-02,1325.54,1324.24,1329.19,1321.57,,0.11%
760,2012-02-03,1344.9,1326.21,1345.34,1326.21,,1.46%
761,2012-02-04,1344.71,1332.2466666666667,1345.0133333333333,1329.98,,
762,2012-02-05,1344.52,1338.2833333333333,1344.6866666666665,1333.75,,
763,2012-02-06,1344.33,1344.32,1344.36,1337.52,,-0.04%
764,2012-02-07,1347.05,1344.33,1349.24,1335.92,,0.20%
765,2012-02-08,1349.96,1347.04,1351.0,1341.95,,0.22%
766,2012-02-09,1351.95,1349.97,1354.32,1344.63,,0.15%
767,2012-02-10,1342.64,1351.21,1351.21,1337.35,,-0.69%
768,2012-02-11,1345.6833333333334,1348.4933333333333,1351.9233333333334,1339.2533333333333,,
769,2012-02-12,1348.7266666666667,1345.7766666666666,1352.6366666666665,1341.1566666666665,,
770,2012-02-13,1351.77,1343.06,1353.35,1343.06,,0.68%
771,2012-02-14,1350.5,1351.3,1351.3,1340.83,,-0.09%
772,2012-02-15,1343.23,1350.52,1355.87,1340.8,,-0.54%
773,2012-02-16,1358.04,1342.61,1359.02,1341.22,,1.10%
774,2012-02-17,1361.23,1358.06,1363.4,1357.24,,0.23%
775,2012-02-18,1361.475,1358.85,1364.49,1357.4575,,
776,2012-02-19,1361.72,1359.6399999999999,1365.58,1357.675,,
777,2012-02-20,1361.9650000000001,1360.43,1366.67,1357.8925,,
778,2012-02-21,1362.21,1361.22,1367.76,1358.11,,0.07%
779,2012-02-22,1357.66,1362.11,1362.7,1355.53,,-0.33%
780,2012-02-23,1363.46,1357.53,1364.24,1352.28,,0.43%
781,2012-02-24,1365.74,1363.46,1368.92,1363.46,,0.17%
782,2012-02-25,1366.3566666666666,1364.04,1369.9266666666667,1360.6133333333335,,
783,2012-02-26,1366.9733333333334,1364.6200000000001,1370.9333333333334,1357.7666666666667,,
784,2012-02-27,1367.59,1365.2,1371.94,1354.92,,0.14%
785,2012-02-28,1372.18,1367.56,1373.09,1365.97,,0.34%
786,2012-02-29,1365.68,1372.2,1378.04,1363.81,,-0.47%
787,2012-03-01,1374.09,1365.9,1376.17,1365.9,,0.62%
788,2012-03-02,1369.63,1374.09,1374.53,1366.42,,-0.32%
789,2012-03-03,1367.8633333333335,1372.59,1372.8833333333332,1363.99,,
790,2012-03-04,1366.0966666666666,1371.09,1371.2366666666667,1361.5600000000002,,
791,2012-03-05,1364.33,1369.59,1369.59,1359.13,,-0.39%
792,2012-03-06,1343.36,1363.63,1363.63,1340.03,,-1.54%
793,2012-03-07,1352.63,1343.39,1354.85,1343.39,,0.69%
794,2012-03-08,1365.91,1352.65,1368.72,1352.65,,0.98%
795,2012-03-09,1370.87,1365.97,1374.76,1365.97,,0.36%
796,2012-03-10,1370.9433333333332,1367.5733333333333,1374.1866666666667,1366.21,,
797,2012-03-11,1371.0166666666667,1369.1766666666667,1373.6133333333332,1366.45,,
798,2012-03-12,1371.09,1370.78,1373.04,1366.69,,0.02%
799,2012-03-13,1395.95,1371.92,1396.13,1371.92,,1.81%
800,2012-03-14,1394.28,1395.95,1399.42,1389.97,,-0.12%
801,2012-03-15,1402.6,1394.17,1402.63,1392.78,,0.60%
802,2012-03-16,1404.17,1402.55,1405.88,1401.47,,0.11%
803,2012-03-17,1406.03,1403.09,1408.5866666666668,1401.79,,
804,2012-03-18,1407.89,1403.63,1411.2933333333333,1402.1100000000001,,
805,2012-03-19,1409.75,1404.17,1414.0,1402.43,,0.40%
806,2012-03-20,1405.52,1409.59,1409.59,1397.68,,-0.30%
807,2012-03-21,1402.89,1405.52,1407.75,1400.64,,-0.19%
808,2012-03-22,1392.78,1402.89,1402.89,1388.73,,-0.72%
809,2012-03-23,1397.11,1392.78,1399.18,1386.87,,0.31%
810,2012-03-24,1403.5766666666666,1394.2233333333334,1404.98,1390.2833333333333,,
811,2012-03-25,1410.0433333333333,1395.6666666666665,1410.78,1393.6966666666665,,
812,2012-03-26,1416.51,1397.11,1416.58,1397.11,,1.39%
813,2012-03-27,1412.52,1416.55,1419.15,1411.95,,-0.28%
814,2012-03-28,1405.54,1412.52,1413.65,1397.2,,-0.49%
815,2012-03-29,1403.28,1405.39,1405.39,1391.56,,-0.16%
816,2012-03-30,1408.47,1403.31,1410.89,1401.42,,0.37%
817,2012-03-31,1411.9933333333333,1405.03,1414.72,1402.4333333333334,,
818,2012-04-01,1415.5166666666667,1406.75,1418.5500000000002,1403.4466666666667,,
819,2012-04-02,1419.04,1408.47,1422.38,1404.46,,0.75%
820,2012-04-03,1413.38,1418.98,1419.0,1404.62,,-0.40%
821,2012-04-04,1398.96,1413.09,1413.09,1394.09,,-1.02%
822,2012-04-05,1398.08,1398.79,1401.6,1392.92,,-0.06%
823,2012-04-06,1394.11,1398.455,1400.5625,1389.25,,
824,2012-04-07,1390.1399999999999,1398.12,1399.525,1385.58,,
825,2012-04-08,1386.17,1397.785,1398.4875,1381.91,,
826,2012-04-09,1382.2,1397.45,1397.45,1378.24,,-1.14%
827,2012-04-10,1358.59,1382.18,1383.01,1357.38,,-1.71%
828,2012-04-11,1368.71,1358.98,1374.71,1358.98,,0.74%
829,2012-04-12,1387.57,1368.77,1388.13,1368.77,,1.38%
830,2012-04-13,1370.26,1387.61,1387.61,1369.85,,-1.25%
831,2012-04-14,1370.03,1381.83,1384.96,1368.36,,
832,2012-04-15,1369.8,1376.05,1382.31,1366.8700000000001,,
833,2012-04-16,1369.57,1370.27,1379.66,1365.38,,-0.05%
834,2012-04-17,1390.78,1369.57,1392.76,1369.57,,1.55%
835,2012-04-18,1385.14,1390.78,1390.78,1383.29,,-0.41%
836,2012-04-19,1376.92,1385.08,1390.46,1370.3,,-0.59%
837,2012-04-20,1378.53,1376.96,1387.4,1376.96,,0.12%
838,2012-04-21,1374.6666666666667,1377.4833333333333,1384.4433333333334,1370.9033333333334,,
839,2012-04-22,1370.8033333333333,1378.0066666666667,1381.4866666666667,1364.8466666666666,,
840,2012-04-23,1366.94,1378.53,1378.53,1358.79,,-0.84%
841,2012-04-24,1371.97,1366.97,1375.57,1366.82,,0.37%
842,2012-04-25,1390.69,1372.11,1391.37,1372.11,,1.36%
843,2012-04-26,1399.98,1390.64,1402.09,1387.28,,0.67%
844,2012-04-27,1403.36,1400.19,1406.64,1397.31,,0.24%
845,2012-04-28,1401.5433333333333,1401.2133333333334,1405.5133333333333,1396.2066666666667,,
846,2012-04-29,1399.7266666666667,1402.2366666666667,1404.3866666666668,1395.1033333333332,,
847,2012-04-30,1397.91,1403.26,1403.26,1394.0,,-0.39%
848,2012-05-01,1405.82,1397.86,1415.32,1395.73,,0.57%
849,2012-05-02,1402.31,1405.5,1405.5,1393.92,,-0.25%
850,2012-05-03,1391.57,1402.32,1403.07,1388.71,,-0.77%
851,2012-05-04,1369.1,1391.51,1391.51,1367.96,,-1.61%
852,2012-05-05,1369.26,1383.9366666666667,1385.6433333333334,1366.6200000000001,,
853,2012-05-06,1369.4199999999998,1376.3633333333332,1379.7766666666666,1365.28,,
854,2012-05-07,1369.58,1368.79,1373.91,1363.94,,0.04%
855,2012-05-08,1363.72,1369.16,1369.16,1347.75,,-0.43%
856,2012-05-09,1354.58,1363.2,1363.73,1343.13,,-0.67%
857,2012-05-10,1357.99,1354.58,1365.88,1354.58,,0.25%
858,2012-05-11,1353.39,1358.11,1365.66,1348.89,,-0.34%
859,2012-05-12,1348.3766666666668,1356.05,1361.0833333333335,1344.7966666666666,,
860,2012-05-13,1343.3633333333332,1353.99,1356.5066666666667,1340.7033333333334,,
861,2012-05-14,1338.35,1351.93,1351.93,1336.61,,-1.11%
862,2012-05-15,1330.66,1338.36,1344.94,1328.41,,-0.57%
863,2012-05-16,1324.8,1330.78,1341.78,1324.79,,-0.44%
864,2012-05-17,1304.86,1324.82,1326.36,1304.86,,-1.51%
865,2012-05-18,1295.22,1305.05,1312.24,1291.98,,-0.74%
866,2012-05-19,1302.1433333333334,1301.9433333333334,1313.6233333333334,1293.23,,
867,2012-05-20,1309.0666666666666,1298.8366666666666,1315.0066666666667,1294.48,,
868,2012-05-21,1315.99,1295.73,1316.39,1295.73,,1.60%
869,2012-05-22,1316.63,1316.09,1328.49,1310.04,,0.05%
870,2012-05-23,1318.86,1316.02,1320.71,1296.53,,0.17%
871,2012-05-24,1320.68,1318.72,1324.14,1310.5,,0.14%
872,2012-05-25,1317.82,1320.81,1324.2,1314.23,,-0.22%
873,2012-05-26,1321.47,1320.3325,1326.8825000000002,1315.3975,,
874,2012-05-27,1325.12,1319.855,1329.565,1316.565,,
875,2012-05-28,1328.77,1319.3775,1332.2475,1317.7325,,
876,2012-05-29,1332.42,1318.9,1334.93,1318.9,,1.11%
877,2012-05-30,1313.32,1331.25,1331.25,1310.76,,-1.43%
878,2012-05-31,1310.33,1313.09,1319.74,1298.9,,-0.23%
879,2012-06-01,1278.04,1309.87,1309.87,1277.25,,-2.46%
880,2012-06-02,1278.0866666666666,1299.3433333333332,1300.7633333333333,1273.7466666666667,,
881,2012-06-03,1278.1333333333334,1288.8166666666666,1291.6566666666665,1270.2433333333333,,
882,2012-06-04,1278.18,1278.29,1282.55,1266.74,,0.01%
883,2012-06-05,1285.5,1277.82,1287.62,1274.16,,0.57%
884,2012-06-06,1315.13,1285.61,1315.13,1285.61,,2.30%
885,2012-06-07,1314.99,1316.15,1329.05,1312.68,,-0.01%
886,2012-06-08,1325.66,1314.99,1325.81,1307.77,,0.81%
887,2012-06-09,1320.0833333333335,1318.5666666666666,1329.0466666666666,1307.7566666666667,,
888,2012-06-10,1314.5066666666667,1322.1433333333334,1332.2833333333333,1307.7433333333333,,
889,2012-06-11,1308.93,1325.72,1335.52,1307.73,,-1.26%
890,2012-06-12,1324.18,1309.4,1324.31,1306.62,,1.17%
891,2012-06-13,1314.88,1324.02,1327.28,1310.51,,-0.70%
892,2012-06-14,1329.1,1314.88,1333.68,1314.14,,1.08%
893,2012-06-15,1342.84,1329.19,1343.32,1329.19,,1.03%
894,2012-06-16,1343.4866666666667,1333.6000000000001,1344.9533333333334,1330.9466666666667,,
895,2012-06-17,1344.1333333333332,1338.01,1346.5866666666666,1332.7033333333334,,
896,2012-06-18,1344.78,1342.42,1348.22,1334.46,,0.14%
897,2012-06-19,1357.98,1344.83,1363.46,1344.83,,0.98%
898,2012-06-20,1355.69,1358.04,1361.57,1346.45,,-0.17%
899,2012-06-21,1325.51,1355.43,1358.27,1324.41,,-2.23%
900,2012-06-22,1335.02,1325.92,1337.82,1325.92,,0.72%
901,2012-06-23,1327.92,1328.9133333333334,1336.8466666666666,1320.3700000000001,,
902,2012-06-24,1320.82,1331.9066666666668,1335.8733333333334,1314.82,,
903,2012-06-25,1313.72,1334.9,1334.9,1309.27,,-1.60%
904,2012-06-26,1319.99,1314.09,1324.24,1310.3,,0.48%
905,2012-06-27,1331.85,1320.71,1334.4,1320.71,,0.90%
906,2012-06-28,1329.04,1331.52,1331.52,1313.29,,-0.21%
907,2012-06-29,1362.16,1330.12,1362.17,1330.12,,2.49%
908,2012-06-30,1363.2766666666666,1340.8566666666666,1363.5633333333333,1338.6466666666665,,
909,2012-07-01,1364.3933333333334,1351.5933333333332,1364.9566666666667,1347.1733333333334,,
910,2012-07-02,1365.51,1362.33,1366.35,1355.7,,0.25%
911,2012-07-03,1374.02,1365.75,1374.81,1363.53,,0.62%
912,2012-07-04,1370.8,1369.7350000000001,1374.33,1363.275,,
913,2012-07-05,1367.58,1373.72,1373.85,1363.02,,-0.47%
914,2012-07-06,1354.68,1367.09,1367.09,1348.03,,-0.94%
915,2012-07-07,1353.94,1362.9466666666667,1363.0166666666667,1347.57,,
916,2012-07-08,1353.2,1358.8033333333333,1358.9433333333332,1347.1100000000001,,
917,2012-07-09,1352.46,1354.66,1354.87,1346.65,,-0.16%
918,2012-07-10,1341.47,1352.96,1361.54,1336.27,,-0.81%
919,2012-07-11,1341.45,1341.4,1345.0,1333.25,,0.00%
920,2012-07-12,1334.76,1341.29,1341.29,1325.41,,-0.50%
921,2012-07-13,1356.78,1334.81,1357.7,1334.81,,1.65%
922,2012-07-14,1355.7333333333333,1342.04,1357.5533333333333,1339.3766666666666,,
923,2012-07-15,1354.6866666666667,1349.27,1357.4066666666668,1343.9433333333334,,
924,2012-07-16,1353.64,1356.5,1357.26,1348.51,,-0.23%
925,2012-07-17,1363.67,1353.68,1365.36,1345.07,,0.74%
926,2012-07-18,1372.78,1363.58,1375.26,1358.96,,0.67%
927,2012-07-19,1376.51,1373.01,1380.39,1371.21,,0.27%
928,2012-07-20,1362.66,1376.51,1376.51,1362.19,,-1.01%
929,2012-07-21,1358.6133333333335,1371.7866666666666,1371.7866666666666,1353.98,,
930,2012-07-22,1354.5666666666666,1367.0633333333333,1367.0633333333333,1345.77,,
931,2012-07-23,1350.52,1362.34,1362.34,1337.56,,-0.89%
932,2012-07-24,1338.31,1350.52,1351.53,1329.24,,-0.90%
933,2012-07-25,1337.89,1338.35,1343.98,1331.5,,-0.03%
934,2012-07-26,1360.02,1338.17,1363.13,1338.17,,1.65%
935,2012-07-27,1385.97,1360.05,1389.19,1360.05,,1.91%
936,2012-07-28,1385.7466666666667,1368.68,1390.04,1367.1566666666665,,
937,2012-07-29,1385.5233333333333,1377.31,1390.89,1374.2633333333333,,
938,2012-07-30,1385.3,1385.94,1391.74,1381.37,,-0.05%
939,2012-07-31,1379.32,1385.27,1387.16,1379.17,,-0.43%
940,2012-08-01,1375.14,1379.32,1385.03,1373.35,,-0.30%
941,2012-08-02,1365.0,1375.13,1375.13,1354.65,,-0.74%
942,2012-08-03,1390.99,1365.45,1394.16,1365.45,,1.90%
943,2012-08-04,1392.07,1373.98,1395.9833333333333,1373.98,,
944,2012-08-05,1393.15,1382.51,1397.8066666666668,1382.51,,
945,2012-08-06,1394.23,1391.04,1399.63,1391.04,,0.23%
946,2012-08-07,1401.35,1394.46,1407.14,1394.46,,0.51%
947,2012-08-08,1402.22,1401.23,1404.14,1396.13,,0.06%
948,2012-08-09,1402.8,1402.26,1405.95,1398.8,,0.04%
949,2012-08-10,1405.87,1402.58,1405.98,1395.62,,0.22%
950,2012-08-11,1405.2833333333333,1403.6766666666665,1405.9433333333334,1396.1866666666665,,
951,2012-08-12,1404.6966666666665,1404.7733333333333,1405.9066666666665,1396.7533333333333,,
952,2012-08-13,1404.11,1405.87,1405.87,1397.32,,-0.13%
953,2012-08-14,1403.93,1404.36,1410.03,1400.6,,-0.01%
954,2012-08-15,1405.53,1403.89,1407.73,1401.83,,0.11%
955,2012-08-16,1415.51,1406.61,1417.44,1404.15,,0.71%
956,2012-08-17,1418.16,1415.84,1418.71,1414.67,,0.19%
957,2012-08-18,1418.15,1416.51,1418.5166666666667,1413.82,,
958,2012-08-19,1418.14,1417.1799999999998,1418.3233333333335,1412.97,,
959,2012-08-20,1418.13,1417.85,1418.13,1412.12,,0.00%
960,2012-08-21,1413.17,1418.13,1426.68,1410.86,,-0.35%
961,2012-08-22,1413.49,1413.09,1416.12,1406.78,,0.02%
962,2012-08-23,1402.08,1413.49,1413.49,1400.5,,-0.81%
963,2012-08-24,1411.13,1401.99,1413.46,1398.04,,0.65%
964,2012-08-25,1410.9,1405.0366666666666,1414.3633333333335,1401.73,,
965,2012-08-26,1410.67,1408.0833333333335,1415.2666666666667,1405.4199999999998,,
966,2012-08-27,1410.44,1411.13,1416.17,1409.11,,-0.05%
967,2012-08-28,1409.3,1410.44,1413.63,1405.59,,-0.08%
968,2012-08-29,1410.49,1409.32,1413.95,1406.57,,0.08%
969,2012-08-30,1399.48,1410.08,1410.08,1397.01,,-0.78%
970,2012-08-31,1406.58,1400.07,1413.09,1398.96,,0.51%
971,2012-09-01,1406.17,1401.6875,1412.145,1398.3600000000001,,
972,2012-09-02,1405.76,1403.3049999999998,1411.1999999999998,1397.76,,
973,2012-09-03,1405.35,1404.9225,1410.2549999999999,1397.1599999999999,,
974,2012-09-04,1404.94,1406.54,1409.31,1396.56,,-0.12%
975,2012-09-05,1403.44,1404.94,1408.81,1401.25,,-0.11%
976,2012-09-06,1432.12,1403.44,1432.12,1403.44,,2.04%
977,2012-09-07,1437.92,1432.12,1437.92,1431.45,,0.40%
978,2012-09-08,1434.9733333333334,1434.0533333333333,1438.1933333333334,1430.6266666666668,,
979,2012-09-09,1432.0266666666666,1435.9866666666667,1438.4666666666667,1429.8033333333333,,
980,2012-09-10,1429.08,1437.92,1438.74,1428.98,,-0.61%
981,2012-09-11,1433.56,1429.13,1437.76,1429.13,,0.31%
982,2012-09-12,1436.56,1433.56,1439.15,1432.99,,0.21%
983,2012-09-13,1459.99,1436.56,1463.76,1435.34,,1.63%
984,2012-09-14,1465.77,1460.07,1474.51,1460.07,,0.40%
985,2012-09-15,1464.2433333333333,1461.8533333333332,1471.55,1459.23,,
986,2012-09-16,1462.7166666666667,1463.6366666666668,1468.5900000000001,1458.3899999999999,,
987,2012-09-17,1461.19,1465.42,1465.63,1457.55,,-0.31%
988,2012-09-18,1459.32,1461.19,1461.47,1456.13,,-0.13%
989,2012-09-19,1461.05,1459.5,1465.15,1457.88,,0.12%
990,2012-09-20,1460.26,1461.05,1461.23,1449.98,,-0.05%
991,2012-09-21,1460.15,1460.34,1467.07,1459.51,,-0.01%
992,2012-09-22,1459.0633333333335,1460.1466666666665,1464.9533333333334,1457.0266666666666,,
993,2012-09-23,1457.9766666666667,1459.9533333333334,1462.8366666666666,1454.5433333333333,,
994,2012-09-24,1456.89,1459.76,1460.72,1452.06,,-0.22%
995,2012-09-25,1441.59,1456.94,1463.24,1441.59,,-1.05%
996,2012-09-26,1433.32,1441.6,1441.6,1430.53,,-0.57%
997,2012-09-27,1447.15,1433.36,1450.2,1433.36,,0.96%
998,2012-09-28,1440.67,1447.13,1447.13,1435.6,,-0.45%
999,2012-09-29,1441.9433333333334,1445.0533333333335,1450.4666666666667,1437.3666666666666,,
1000,2012-09-30,1443.2166666666667,1442.9766666666667,1453.8033333333335,1439.1333333333334,,
1001,2012-10-01,1444.49,1440.9,1457.14,1440.9,,0.27%
1002,2012-10-02,1445.75,1444.99,1451.52,1439.01,,0.09%
1003,2012-10-03,1450.99,1446.05,1454.3,1441.99,,0.36%
1004,2012-10-04,1461.4,1451.08,1463.14,1451.08,,0.72%
1005,2012-10-05,1460.93,1461.4,1470.96,1456.89,,-0.03%
1006,2012-10-06,1459.2466666666667,1461.2433333333333,1467.6166666666668,1455.6266666666668,,
1007,2012-10-07,1457.5633333333335,1461.0866666666668,1464.2733333333333,1454.3633333333332,,
1008,2012-10-08,1455.88,1460.93,1460.93,1453.1,,-0.35%
1009,2012-10-09,1441.48,1455.9,1455.9,1441.18,,-0.99%
1010,2012-10-10,1432.56,1441.48,1442.52,1430.64,,-0.62%
1011,2012-10-11,1432.84,1432.82,1443.9,1432.82,,0.02%
1012,2012-10-12,1428.59,1432.84,1438.43,1425.53,,-0.30%
1013,2012-10-13,1432.4366666666667,1431.4766666666667,1439.39,1426.1,,
1014,2012-10-14,1436.2833333333333,1430.1133333333332,1440.35,1426.67,,
1015,2012-10-15,1440.13,1428.75,1441.31,1427.24,,0.81%
1016,2012-10-16,1454.92,1440.31,1455.51,1440.31,,1.03%
1017,2012-10-17,1460.91,1454.22,1462.2,1453.35,,0.41%
1018,2012-10-18,1457.34,1460.94,1464.02,1452.63,,-0.24%
1019,2012-10-19,1433.19,1457.34,1457.34,1429.85,,-1.66%
1020,2012-10-20,1433.4,1449.2966666666666,1450.0466666666666,1427.2533333333333,,
1021,2012-10-21,1433.61,1441.2533333333333,1442.7533333333333,1424.6566666666665,,
1022,2012-10-22,1433.82,1433.21,1435.46,1422.06,,0.04%
1023,2012-10-23,1413.11,1433.74,1433.74,1407.56,,-1.44%
1024,2012-10-24,1408.75,1413.2,1420.04,1407.1,,-0.31%
1025,2012-10-25,1412.97,1409.74,1421.12,1405.14,,0.30%
1026,2012-10-26,1411.94,1412.97,1417.09,1403.28,,-0.07%
1027,2012-10-27,1411.9840000000002,1412.574,1417.424,1403.814,,
1028,2012-10-28,1412.028,1412.178,1417.758,1404.348,,
1029,2012-10-29,1412.0720000000001,1411.782,1418.0919999999999,1404.882,,
1030,2012-10-30,1412.116,1411.386,1418.426,1405.416,,
1031,2012-10-31,1412.16,1410.99,1418.76,1405.95,,0.02%
1032,2012-11-01,1427.59,1412.2,1428.35,1412.2,,1.09%
1033,2012-11-02,1414.2,1427.59,1434.27,1412.91,,-0.94%
1034,2012-11-03,1415.22,1423.0666666666666,1429.48,1411.3166666666668,,
1035,2012-11-04,1416.24,1418.5433333333333,1424.69,1409.7233333333334,,
1036,2012-11-05,1417.26,1414.02,1419.9,1408.13,,0.22%
1037,2012-11-06,1428.39,1417.26,1433.38,1417.26,,0.79%
1038,2012-11-07,1394.53,1428.27,1428.27,1388.14,,-2.37%
1039,2012-11-08,1377.51,1394.53,1401.23,1377.51,,-1.22%
1040,2012-11-09,1379.85,1377.55,1391.39,1373.03,,0.17%
1041,2012-11-10,1379.9099999999999,1378.32,1389.2166666666667,1374.4166666666667,,
1042,2012-11-11,1379.97,1379.09,1387.0433333333333,1375.8033333333333,,
1043,2012-11-12,1380.03,1379.86,1384.87,1377.19,,0.01%
1044,2012-11-13,1374.53,1380.03,1388.81,1371.39,,-0.40%
1045,2012-11-14,1355.49,1374.64,1380.13,1352.5,,-1.39%
1046,2012-11-15,1353.33,1355.41,1360.62,1348.05,,-0.16%
1047,2012-11-16,1359.88,1353.36,1362.03,1343.35,,0.48%
1048,2012-11-17,1368.8833333333334,1355.5333333333333,1370.3166666666666,1348.86,,
1049,2012-11-18,1377.8866666666668,1357.7066666666667,1378.6033333333335,1354.3700000000001,,
1050,2012-11-19,1386.89,1359.88,1386.89,1359.88,,1.99%
1051,2012-11-20,1387.81,1386.82,1389.77,1377.04,,0.07%
1052,2012-11-21,1391.03,1387.79,1391.25,1386.39,,0.23%
1053,2012-11-22,1400.0900000000001,1389.4099999999999,1400.205,1388.71,,
1054,2012-11-23,1409.15,1391.03,1409.16,1391.03,,1.30%
1055,2012-11-24,1408.1966666666667,1397.07,1409.1566666666668,1393.2466666666667,,
1056,2012-11-25,1407.2433333333333,1403.1100000000001,1409.1533333333334,1395.4633333333334,,
1057,2012-11-26,1406.29,1409.15,1409.15,1397.68,,-0.20%
1058,2012-11-27,1398.94,1406.29,1409.01,1398.03,,-0.52%
1059,2012-11-28,1409.93,1398.77,1410.31,1385.43,,0.79%
1060,2012-11-29,1415.95,1409.96,1419.7,1409.04,,0.43%
1061,2012-11-30,1416.18,1415.95,1418.86,1411.63,,0.02%
1062,2012-12-01,1413.94,1416.08,1420.4833333333333,1410.5733333333335,,
1063,2012-12-02,1411.7,1416.21,1422.1066666666666,1409.5166666666667,,
1064,2012-12-03,1409.46,1416.34,1423.73,1408.46,,-0.47%
1065,2012-12-04,1407.05,1409.46,1413.14,1403.65,,-0.17%
1066,2012-12-05,1409.28,1407.05,1415.56,1398.23,,0.16%
1067,2012-12-06,1413.94,1409.43,1413.95,1405.93,,0.33%
1068,2012-12-07,1418.07,1413.95,1420.34,1410.9,,0.29%
1069,2012-12-08,1418.23,1415.3233333333333,1420.7733333333333,1412.48,,
1070,2012-12-09,1418.3899999999999,1416.6966666666667,1421.2066666666667,1414.0600000000002,,
1071,2012-12-10,1418.55,1418.07,1421.64,1415.64,,0.03%
1072,2012-12-11,1427.84,1418.55,1434.27,1418.55,,0.65%
1073,2012-12-12,1428.48,1427.84,1438.59,1426.76,,0.04%
1074,2012-12-13,1419.45,1428.48,1431.36,1416.0,,-0.63%
1075,2012-12-14,1413.58,1419.45,1419.45,1411.88,,-0.41%
1076,2012-12-15,1419.1733333333332,1417.48,1423.19,1412.4333333333334,,
1077,2012-12-16,1424.7666666666667,1415.51,1426.93,1412.9866666666667,,
1078,2012-12-17,1430.36,1413.54,1430.67,1413.54,,1.19%
1079,2012-12-18,1446.79,1430.47,1448.0,1430.47,,1.15%
1080,2012-12-19,1435.81,1446.79,1447.75,1435.8,,-0.76%
1081,2012-12-20,1443.69,1435.81,1443.7,1432.82,,0.55%
1082,2012-12-21,1430.15,1443.67,1443.67,1422.58,,-0.94%
1083,2012-12-22,1428.9866666666667,1439.1633333333334,1439.1633333333334,1423.2733333333333,,
1084,2012-12-23,1427.8233333333335,1434.6566666666668,1434.6566666666668,1423.9666666666667,,
1085,2012-12-24,1426.66,1430.15,1430.15,1424.66,,-0.24%
1086,2012-12-25,1423.245,1428.4050000000002,1429.785,1420.545,,
1087,2012-12-26,1419.83,1426.66,1429.42,1416.43,,-0.48%
1088,2012-12-27,1418.1,1419.83,1422.8,1401.8,,-0.12%
1089,2012-12-28,1402.43,1418.1,1418.1,1401.58,,-1.10%
1090,2012-12-29,1410.3500000000001,1412.8766666666666,1420.98,1400.4233333333332,,
1091,2012-12-30,1418.27,1407.6533333333334,1423.86,1399.2666666666667,,
1092,2012-12-31,1426.19,1402.43,1426.74,1398.11,,1.69%
1093,2013-01-01,1444.305,1414.31,1444.585,1412.15,,
1094,2013-01-02,1462.42,1426.19,1462.43,1426.19,,2.54%
1095,2013-01-03,1459.37,1462.42,1465.47,1455.53,,-0.21%
1096,2013-01-04,1466.47,1459.37,1467.94,1458.99,,0.49%
1097,2013-01-05,1464.9433333333334,1461.7366666666667,1467.45,1458.2,,
1098,2013-01-06,1463.4166666666667,1464.1033333333332,1466.96,1457.4099999999999,,
1099,2013-01-07,1461.89,1466.47,1466.47,1456.62,,-0.31%
1100,2013-01-08,1457.15,1461.89,1461.89,1451.64,,-0.32%
1101,2013-01-09,1461.02,1457.15,1464.73,1457.15,,0.27%
1102,2013-01-10,1472.12,1464.64,1472.3,1461.02,,0.76%
1103,2013-01-11,1472.05,1472.12,1472.75,1467.58,,0.00%
1104,2013-01-12,1471.5933333333332,1472.0966666666666,1472.5166666666667,1466.95,,
1105,2013-01-13,1471.1366666666668,1472.0733333333333,1472.2833333333333,1466.32,,
1106,2013-01-14,1470.68,1472.05,1472.05,1465.69,,-0.09%
1107,2013-01-15,1472.34,1470.67,1473.31,1463.76,,0.11%
1108,2013-01-16,1472.63,1472.33,1473.96,1467.6,,0.02%
1109,2013-01-17,1480.94,1472.63,1485.16,1472.63,,0.56%
1110,2013-01-18,1485.98,1480.95,1485.98,1475.81,,0.34%
1111,2013-01-19,1487.625,1482.2075,1487.625,1477.1475,,
1112,2013-01-20,1489.27,1483.4650000000001,1489.27,1478.4850000000001,,
1113,2013-01-21,1490.915,1484.7225,1490.915,1479.8225,,
1114,2013-01-22,1492.56,1485.98,1492.56,1481.16,,0.44%
1115,2013-01-23,1494.81,1492.56,1496.13,1489.9,,0.15%
1116,2013-01-24,1494.82,1494.81,1502.27,1489.46,,0.00%
1117,2013-01-25,1502.96,1494.82,1503.26,1494.82,,0.54%
1118,2013-01-26,1502.0333333333333,1497.5333333333333,1503.25,1495.3233333333333,,
1119,2013-01-27,1501.1066666666668,1500.2466666666667,1503.24,1495.8266666666666,,
1120,2013-01-28,1500.18,1502.96,1503.23,1496.33,,-0.18%
1121,2013-01-29,1507.84,1500.18,1509.35,1498.09,,0.51%
1122,2013-01-30,1501.96,1507.84,1509.94,1500.11,,-0.39%
1123,2013-01-31,1498.11,1501.96,1504.19,1496.76,,-0.26%
1124,2013-02-01,1513.17,1498.11,1514.41,1498.11,,1.01%
1125,2013-02-02,1507.3500000000001,1503.1299999999999,1513.9966666666667,1497.08,,
1126,2013-02-03,1501.53,1508.15,1513.5833333333335,1496.05,,
1127,2013-02-04,1495.71,1513.17,1513.17,1495.02,,-1.15%
1128,2013-02-05,1511.29,1495.71,1514.96,1495.71,,1.04%
1129,2013-02-06,1512.12,1511.29,1512.53,1504.71,,0.05%
1130,2013-02-07,1509.39,1512.12,1512.9,1498.49,,-0.18%
1131,2013-02-08,1517.93,1509.39,1518.31,1509.39,,0.57%
1132,2013-02-09,1517.6233333333334,1512.2366666666667,1518.31,1510.7966666666666,,
1133,2013-02-10,1517.3166666666666,1515.0833333333335,1518.31,1512.2033333333334,,
1134,2013-02-11,1517.01,1517.93,1518.31,1513.61,,-0.06%
1135,2013-02-12,1519.43,1517.01,1522.29,1515.61,,0.16%
1136,2013-02-13,1520.33,1519.43,1524.69,1515.93,,0.06%
1137,2013-02-14,1521.38,1520.33,1523.14,1514.02,,0.07%
1138,2013-02-15,1519.79,1521.38,1524.24,1514.14,,-0.10%
1139,2013-02-16,1522.5774999999999,1520.9825,1525.915,1515.5525,,
1140,2013-02-17,1525.365,1520.585,1527.5900000000001,1516.9650000000001,,
1141,2013-02-18,1528.1525000000001,1520.1875,1529.265,1518.3775,,
1142,2013-02-19,1530.94,1519.79,1530.94,1519.79,,0.73%
1143,2013-02-20,1511.95,1530.94,1530.94,1511.41,,-1.24%
1144,2013-02-21,1502.42,1511.95,1511.95,1497.29,,-0.63%
1145,2013-02-22,1515.6,1502.42,1515.64,1502.42,,0.88%
1146,2013-02-23,1506.35,1506.8133333333333,1519.04,1497.5633333333333,,
1147,2013-02-24,1497.1,1511.2066666666667,1522.44,1492.7066666666667,,
1148,2013-02-25,1487.85,1515.6,1525.84,1487.85,,-1.83%
1149,2013-02-26,1496.94,1487.85,1498.99,1485.01,,0.61%
1150,2013-02-27,1515.99,1496.94,1520.08,1494.88,,1.27%
1151,2013-02-28,1514.68,1515.99,1525.34,1514.46,,-0.09%
1152,2013-03-01,1518.2,1514.68,1519.99,1501.48,,0.23%
1153,2013-03-02,1520.5333333333333,1515.8533333333335,1521.75,1505.0833333333333,,
1154,2013-03-03,1522.8666666666668,1517.0266666666666,1523.51,1508.6866666666667,,
1155,2013-03-04,1525.2,1518.2,1525.27,1512.29,,0.46%
1156,2013-03-05,1539.79,1525.2,1543.47,1525.2,,0.96%
1157,2013-03-06,1541.46,1539.79,1545.25,1538.11,,0.11%
1158,2013-03-07,1544.26,1541.46,1545.78,1541.46,,0.18%
1159,2013-03-08,1551.18,1544.26,1552.48,1542.94,,0.45%
1160,2013-03-09,1552.8600000000001,1546.5566666666666,1553.7433333333333,1544.4133333333334,,
1161,2013-03-10,1554.54,1548.8533333333335,1555.0066666666667,1545.8866666666665,,
1162,2013-03-11,1556.22,1551.15,1556.27,1547.36,,0.32%
1163,2013-03-12,1552.48,1556.22,1556.77,1548.24,,-0.24%
1164,2013-03-13,1554.52,1552.48,1556.39,1548.25,,0.13%
1165,2013-03-14,1563.23,1554.52,1563.32,1554.52,,0.56%
1166,2013-03-15,1560.7,1563.21,1563.62,1555.74,,-0.16%
1167,2013-03-16,1557.8333333333333,1562.3733333333334,1562.6466666666665,1552.2033333333334,,
1168,2013-03-17,1554.9666666666667,1561.5366666666666,1561.6733333333334,1548.6666666666667,,
1169,2013-03-18,1552.1,1560.7,1560.7,1545.13,,-0.55%
1170,2013-03-19,1548.34,1552.1,1557.25,1538.57,,-0.24%
1171,2013-03-20,1558.71,1548.34,1561.56,1548.34,,0.67%
1172,2013-03-21,1545.8,1558.71,1558.71,1543.55,,-0.83%
1173,2013-03-22,1556.89,1545.9,1557.74,1545.9,,0.72%
1174,2013-03-23,1555.1566666666668,1549.5633333333335,1560.13,1546.0066666666667,,
1175,2013-03-24,1553.4233333333334,1553.2266666666667,1562.52,1546.1133333333335,,
1176,2013-03-25,1551.69,1556.89,1564.91,1546.22,,-0.33%
1177,2013-03-26,1563.77,1551.69,1563.95,1551.69,,0.78%
1178,2013-03-27,1562.85,1563.75,1564.07,1551.9,,-0.06%
1179,2013-03-28,1569.19,1562.86,1570.28,1561.08,,0.41%
1180,2013-03-29,1567.435,1564.44,1570.3525,1560.4275,,
1181,2013-03-30,1565.68,1566.02,1570.425,1559.775,,
1182,2013-03-31,1563.9250000000002,1567.6,1570.4975,1559.1225,,
1183,2013-04-01,1562.17,1569.18,1570.57,1558.47,,-0.45%
1184,2013-04-02,1570.25,1562.17,1573.66,1562.17,,0.52%
1185,2013-04-03,1553.69,1570.25,1571.47,1549.8,,-1.05%
1186,2013-04-04,1559.98,1553.69,1562.6,1552.52,,0.40%
1187,2013-04-05,1553.28,1559.98,1559.98,1539.5,,-0.43%
1188,2013-04-06,1556.5433333333333,1557.74,1561.01,1542.5433333333333,,
1189,2013-04-07,1559.8066666666666,1555.5,1562.04,1545.5866666666668,,
1190,2013-04-08,1563.07,1553.26,1563.07,1548.63,,0.63%
1191,2013-04-09,1568.61,1563.11,1573.89,1560.92,,0.35%
1192,2013-04-10,1587.73,1568.61,1589.07,1568.61,,1.22%
1193,2013-04-11,1593.37,1587.73,1597.35,1586.17,,0.36%
1194,2013-04-12,1588.85,1593.3,1593.3,1579.97,,-0.28%
1195,2013-04-13,1576.6866666666665,1591.8133333333333,1591.8133333333333,1570.74,,
1196,2013-04-14,1564.5233333333333,1590.3266666666666,1590.3266666666666,1561.51,,
1197,2013-04-15,1552.36,1588.84,1588.84,1552.28,,-2.30%
1198,2013-04-16,1574.57,1552.36,1575.35,1552.36,,1.43%
1199,2013-04-17,1552.01,1574.57,1574.57,1543.69,,-1.43%
1200,2013-04-18,1541.61,1552.03,1554.38,1536.03,,-0.67%
1201,2013-04-19,1555.25,1541.61,1555.89,1539.4,,0.88%
1202,2013-04-20,1557.6666666666667,1546.1566666666665,1559.1100000000001,1542.3300000000002,,
1203,2013-04-21,1560.0833333333333,1550.7033333333334,1562.33,1545.26,,
1204,2013-04-22,1562.5,1555.25,1565.55,1548.19,,0.47%
1205,2013-04-23,1578.78,1562.5,1579.58,1562.5,,1.04%
1206,2013-04-24,1578.79,1578.78,1583.0,1575.8,,0.00%
1207,2013-04-25,1585.16,1578.93,1592.64,1578.93,,0.40%
1208,2013-04-26,1582.24,1585.16,1585.78,1577.56,,-0.18%
1209,2013-04-27,1586.03,1584.22,1589.4033333333334,1579.1533333333332,,
1210,2013-04-28,1589.82,1583.28,1593.0266666666666,1580.7466666666667,,
1211,2013-04-29,1593.61,1582.34,1596.65,1582.34,,0.72%
1212,2013-04-30,1597.57,1593.58,1597.57,1586.5,,0.25%
1213,2013-05-01,1582.7,1597.55,1597.55,1581.28,,-0.93%
1214,2013-05-02,1597.59,1582.77,1598.6,1582.77,,0.94%
1215,2013-05-03,1614.42,1597.6,1618.46,1597.6,,1.05%
1216,2013-05-04,1615.4466666666667,1603.2,1618.8966666666668,1603.1366666666665,,
1217,2013-05-05,1616.4733333333334,1608.8,1619.3333333333333,1608.6733333333334,,
1218,2013-05-06,1617.5,1614.4,1619.77,1614.21,,0.19%
1219,2013-05-07,1625.96,1617.55,1626.03,1616.64,,0.52%
1220,2013-05-08,1632.69,1625.95,1632.78,1622.7,,0.41%
1221,2013-05-09,1626.67,1632.69,1635.01,1623.09,,-0.37%
1222,2013-05-10,1633.7,1626.69,1633.7,1623.71,,0.43%
1223,2013-05-11,1633.7233333333334,1628.4933333333333,1634.4666666666667,1624.72,,
1224,2013-05-12,1633.7466666666667,1630.2966666666666,1635.2333333333333,1625.73,,
1225,2013-05-13,1633.77,1632.1,1636.0,1626.74,,0.00%
1226,2013-05-14,1650.34,1633.75,1651.1,1633.75,,1.01%
1227,2013-05-15,1658.78,1649.13,1661.49,1646.68,,0.51%
1228,2013-05-16,1650.47,1658.07,1660.51,1648.6,,-0.50%
1229,2013-05-17,1667.47,1652.45,1667.47,1652.45,,1.03%
1230,2013-05-18,1667.0766666666666,1656.8700000000001,1669.26,1656.14,,
1231,2013-05-19,1666.6833333333334,1661.29,1671.05,1659.83,,
1232,2013-05-20,1666.29,1665.71,1672.84,1663.52,,-0.07%
1233,2013-05-21,1669.16,1666.2,1674.93,1662.67,,0.17%
1234,2013-05-22,1655.35,1669.39,1687.18,1648.86,,-0.83%
1235,2013-05-23,1650.51,1651.62,1655.5,1635.53,,-0.29%
1236,2013-05-24,1649.6,1646.67,1649.78,1636.88,,-0.06%
1237,2013-05-25,1652.215,1648.16,1655.8875,1640.8175,,
1238,2013-05-26,1654.83,1649.65,1661.995,1644.755,,
1239,2013-05-27,1657.445,1651.14,1668.1025,1648.6925,,
1240,2013-05-28,1660.06,1652.63,1674.21,1652.63,,0.63%
1241,2013-05-29,1648.36,1656.57,1656.57,1640.05,,-0.70%
1242,2013-05-30,1654.41,1649.14,1661.91,1648.61,,0.37%
1243,2013-05-31,1630.74,1652.13,1658.99,1630.74,,-1.43%
1244,2013-06-01,1633.9666666666667,1645.3233333333335,1652.8,1628.0666666666666,,
1245,2013-06-02,1637.1933333333334,1638.5166666666667,1646.6100000000001,1625.3933333333334,,
1246,2013-06-03,1640.42,1631.71,1640.42,1622.72,,0.59%
1247,2013-06-04,1631.38,1640.73,1646.53,1623.62,,-0.55%
1248,2013-06-05,1608.9,1629.05,1629.31,1607.09,,-1.38%
1249,2013-06-06,1622.56,1609.29,1622.56,1598.23,,0.85%
1250,2013-06-07,1643.38,1625.27,1644.4,1625.27,,1.28%
1251,2013-06-08,1643.19,1631.7366666666667,1645.8300000000002,1629.9333333333334,,
1252,2013-06-09,1643.0,1638.2033333333334,1647.26,1634.5966666666666,,
1253,2013-06-10,1642.81,1644.67,1648.69,1639.26,,-0.03%
1254,2013-06-11,1626.13,1638.64,1640.13,1622.92,,-1.02%
1255,2013-06-12,1612.52,1629.94,1637.71,1610.92,,-0.84%
1256,2013-06-13,1636.36,1612.15,1639.25,1608.07,,1.48%
1257,2013-06-14,1626.73,1635.52,1640.8,1623.96,,-0.59%
1258,2013-06-15,1630.8333333333333,1633.8933333333334,1642.7,1626.0866666666666,,
1259,2013-06-16,1634.9366666666667,1632.2666666666667,1644.6,1628.2133333333334,,
1260,2013-06-17,1639.04,1630.64,1646.5,1630.34,,0.76%
1261,2013-06-18,1651.81,1639.77,1654.19,1639.77,,0.78%
1262,2013-06-19,1628.93,1651.83,1652.45,1628.91,,-1.39%
1263,2013-06-20,1588.19,1624.62,1624.62,1584.32,,-2.50%
1264,2013-06-21,1592.43,1588.62,1599.19,1577.7,,0.27%
1265,2013-06-22,1585.9833333333333,1588.6699999999998,1595.7166666666667,1571.91,,
1266,2013-06-23,1579.5366666666666,1588.72,1592.2433333333333,1566.12,,
1267,2013-06-24,1573.09,1588.77,1588.77,1560.33,,-1.21%
1268,2013-06-25,1588.03,1577.52,1593.79,1577.09,,0.95%
1269,2013-06-26,1603.26,1592.27,1606.83,1592.27,,0.96%
1270,2013-06-27,1613.2,1606.44,1620.07,1606.44,,0.62%
1271,2013-06-28,1606.28,1611.12,1615.94,1601.06,,-0.43%
1272,2013-06-29,1609.1733333333334,1610.6733333333332,1619.4966666666667,1603.9666666666667,,
1273,2013-06-30,1612.0666666666666,1610.2266666666667,1623.0533333333333,1606.8733333333332,,
1274,2013-07-01,1614.96,1609.78,1626.61,1609.78,,0.54%
1275,2013-07-02,1614.08,1614.29,1624.26,1606.77,,-0.05%
1276,2013-07-03,1615.41,1611.48,1618.97,1604.57,,0.08%
1277,2013-07-04,1623.65,1615.065,1625.52,1609.6399999999999,,
1278,2013-07-05,1631.89,1618.65,1632.07,1614.71,,1.02%
1279,2013-07-06,1634.7466666666667,1623.8333333333335,1636.2733333333333,1621.2066666666667,,
1280,2013-07-07,1637.6033333333335,1629.0166666666667,1640.4766666666667,1627.7033333333334,,
1281,2013-07-08,1640.46,1634.2,1644.68,1634.2,,0.53%
1282,2013-07-09,1652.32,1642.89,1654.18,1642.89,,0.72%
1283,2013-07-10,1652.62,1651.56,1657.92,1647.66,,0.02%
1284,2013-07-11,1675.02,1657.41,1676.63,1657.41,,1.36%
1285,2013-07-12,1680.19,1675.26,1680.19,1672.33,,0.31%
1286,2013-07-13,1680.96,1676.7033333333334,1681.63,1674.1833333333334,,
1287,2013-07-14,1681.73,1678.1466666666665,1683.07,1676.0366666666666,,
1288,2013-07-15,1682.5,1679.59,1684.51,1677.89,,0.14%
1289,2013-07-16,1676.26,1682.7,1683.73,1671.84,,-0.37%
1290,2013-07-17,1680.91,1677.91,1684.75,1677.91,,0.28%
1291,2013-07-18,1689.37,1681.05,1693.12,1681.05,,0.50%
1292,2013-07-19,1692.09,1686.15,1692.09,1684.08,,0.16%
1293,2013-07-20,1693.2366666666667,1688.9033333333334,1693.9299999999998,1686.2766666666666,,
1294,2013-07-21,1694.3833333333332,1691.6566666666668,1695.77,1688.4733333333334,,
1295,2013-07-22,1695.53,1694.41,1697.61,1690.67,,0.20%
1296,2013-07-23,1692.39,1696.63,1698.78,1691.13,,-0.19%
1297,2013-07-24,1685.94,1696.06,1698.38,1682.57,,-0.38%
1298,2013-07-25,1690.25,1685.21,1690.94,1680.07,,0.26%
1299,2013-07-26,1691.65,1687.31,1691.85,1676.03,,0.08%
1300,2013-07-27,1689.5433333333333,1688.3133333333333,1691.54,1677.9733333333334,,
1301,2013-07-28,1687.4366666666667,1689.3166666666666,1691.23,1679.9166666666665,,
1302,2013-07-29,1685.33,1690.32,1690.92,1681.86,,-0.37%
1303,2013-07-30,1685.96,1687.92,1693.19,1682.42,,0.04%
1304,2013-07-31,1685.73,1687.76,1698.43,1684.94,,-0.01%
1305,2013-08-01,1706.87,1689.42,1707.85,1689.42,,1.25%
1306,2013-08-02,1709.67,1706.1,1709.67,1700.68,,0.16%
1307,2013-08-03,1708.8266666666668,1706.7366666666667,1709.5266666666666,1701.6366666666668,,
1308,2013-08-04,1707.9833333333333,1707.3733333333332,1709.3833333333334,1702.5933333333332,,
1309,2013-08-05,1707.14,1708.01,1709.24,1703.55,,-0.15%
1310,2013-08-06,1697.37,1705.79,1705.79,1693.29,,-0.57%
1311,2013-08-07,1690.91,1695.3,1695.3,1684.91,,-0.38%
1312,2013-08-08,1697.48,1693.35,1700.18,1688.38,,0.39%
1313,2013-08-09,1691.42,1696.1,1699.42,1686.02,,-0.36%
1314,2013-08-10,1690.77,1693.5233333333333,1696.7766666666666,1685.1299999999999,,
1315,2013-08-11,1690.1200000000001,1690.9466666666665,1694.1333333333334,1684.24,,
1316,2013-08-12,1689.47,1688.37,1691.49,1683.35,,-0.12%
1317,2013-08-13,1694.16,1690.65,1696.81,1682.62,,0.28%
1318,2013-08-14,1685.39,1693.88,1695.52,1684.83,,-0.52%
1319,2013-08-15,1661.32,1679.61,1679.61,1658.59,,-1.43%
1320,2013-08-16,1655.83,1661.22,1663.6,1652.61,,-0.33%
1321,2013-08-17,1652.5733333333333,1659.23,1662.1266666666666,1650.3533333333332,,
1322,2013-08-18,1649.3166666666666,1657.24,1660.6533333333334,1648.0966666666666,,
1323,2013-08-19,1646.06,1655.25,1659.18,1645.84,,-0.59%
1324,2013-08-20,1652.35,1646.81,1658.92,1646.08,,0.38%
1325,2013-08-21,1642.8,1650.66,1656.99,1639.43,,-0.58%
1326,2013-08-22,1656.96,1645.03,1659.55,1645.03,,0.86%
1327,2013-08-23,1663.5,1659.92,1664.85,1654.81,,0.39%
1328,2013-08-24,1661.26,1661.3766666666668,1666.4033333333332,1655.2133333333334,,
1329,2013-08-25,1659.02,1662.8333333333333,1667.9566666666667,1655.6166666666666,,
1330,2013-08-26,1656.78,1664.29,1669.51,1656.02,,-0.40%
1331,2013-08-27,1630.48,1652.54,1652.54,1629.05,,-1.59%
1332,2013-08-28,1634.96,1630.25,1641.18,1627.47,,0.27%
1333,2013-08-29,1638.17,1633.5,1646.41,1630.88,,0.20%
1334,2013-08-30,1632.97,1638.89,1640.08,1628.05,,-0.32%
1335,2013-08-31,1634.67,1638.1550000000002,1642.8975,1629.3899999999999,,
1336,2013-09-01,1636.37,1637.42,1645.715,1630.73,,
1337,2013-09-02,1638.07,1636.685,1648.5324999999998,1632.0700000000002,,
1338,2013-09-03,1639.77,1635.95,1651.35,1633.41,,0.42%
1339,2013-09-04,1653.08,1640.72,1655.72,1637.41,,0.81%
1340,2013-09-05,1655.08,1653.28,1659.17,1653.07,,0.12%
1341,2013-09-06,1655.17,1657.44,1664.83,1640.62,,0.01%
1342,2013-09-07,1660.6833333333334,1657.2433333333333,1667.3533333333332,1646.03,,
1343,2013-09-08,1666.1966666666667,1657.0466666666666,1669.8766666666668,1651.4399999999998,,
1344,2013-09-09,1671.71,1656.85,1672.4,1656.85,,1.00%
1345,2013-09-10,1683.99,1674.32,1684.09,1674.32,,0.73%
1346,2013-09-11,1689.13,1681.04,1689.13,1678.7,,0.31%
1347,2013-09-12,1683.42,1689.21,1689.97,1681.96,,-0.34%
1348,2013-09-13,1687.99,1685.04,1688.73,1682.22,,0.27%
1349,2013-09-14,1691.1933333333334,1687.26,1694.1366666666668,1685.38,,
1350,2013-09-15,1694.3966666666665,1689.48,1699.5433333333333,1688.54,,
1351,2013-09-16,1697.6,1691.7,1704.95,1691.7,,0.57%
1352,2013-09-17,1704.76,1697.73,1705.52,1697.73,,0.42%
1353,2013-09-18,1725.52,1705.74,1729.44,1700.35,,1.22%
1354,2013-09-19,1722.34,1727.34,1729.86,1720.2,,-0.18%
1355,2013-09-20,1709.91,1722.44,1725.23,1708.89,,-0.72%
1356,2013-09-21,1707.22,1718.7733333333333,1720.6333333333334,1704.96,,
1357,2013-09-22,1704.53,1715.1066666666668,1716.0366666666666,1701.03,,
1358,2013-09-23,1701.84,1711.44,1711.44,1697.1,,-0.47%
1359,2013-09-24,1697.42,1702.6,1707.63,1694.9,,-0.26%
1360,2013-09-25,1692.77,1698.02,1701.71,1691.88,,-0.27%
1361,2013-09-26,1698.67,1694.05,1703.85,1693.11,,0.35%
1362,2013-09-27,1691.75,1695.52,1695.52,1687.11,,-0.41%
1363,2013-09-28,1688.35,1692.7666666666667,1692.7666666666667,1683.07,,
1364,2013-09-29,1684.95,1690.0133333333333,1690.0133333333333,1679.03,,
1365,2013-09-30,1681.55,1687.26,1687.26,1674.99,,-0.60%
1366,2013-10-01,1695.0,1682.41,1696.55,1682.07,,0.80%
1367,2013-10-02,1693.87,1691.9,1693.87,1680.34,,-0.07%
1368,2013-10-03,1678.66,1692.35,1692.35,1670.36,,-0.90%
1369,2013-10-04,1690.5,1678.79,1691.94,1677.33,,0.71%
1370,2013-10-05,1685.7066666666667,1681.5766666666666,1690.3433333333335,1676.4533333333334,,
1371,2013-10-06,1680.9133333333332,1684.3633333333335,1688.7466666666667,1675.5766666666666,,
1372,2013-10-07,1676.12,1687.15,1687.15,1674.7,,-0.85%
1373,2013-10-08,1655.45,1676.22,1676.79,1655.03,,-1.23%
1374,2013-10-09,1656.4,1656.99,1662.47,1646.47,,0.06%
1375,2013-10-10,1692.56,1660.88,1692.56,1660.88,,2.18%
1376,2013-10-11,1703.2,1691.09,1703.44,1688.52,,0.63%
1377,2013-10-12,1705.5133333333333,1694.0133333333333,1705.97,1689.7233333333334,,
1378,2013-10-13,1707.8266666666668,1696.9366666666665,1708.5,1690.9266666666667,,
1379,2013-10-14,1710.14,1699.86,1711.03,1692.13,,0.41%
1380,2013-10-15,1698.06,1709.17,1711.57,1695.93,,-0.71%
1381,2013-10-16,1721.54,1700.49,1721.76,1700.49,,1.38%
1382,2013-10-17,1733.15,1720.17,1733.45,1714.12,,0.67%
1383,2013-10-18,1744.5,1736.72,1745.31,1735.74,,0.65%
1384,2013-10-19,1744.5533333333333,1739.5466666666666,1746.1366666666665,1737.3833333333334,,
1385,2013-10-20,1744.6066666666668,1742.3733333333334,1746.9633333333334,1739.0266666666666,,
1386,2013-10-21,1744.66,1745.2,1747.79,1740.67,,0.01%
1387,2013-10-22,1754.67,1746.48,1759.33,1746.48,,0.57%
1388,2013-10-23,1746.38,1752.27,1752.27,1740.5,,-0.47%
1389,2013-10-24,1752.07,1747.48,1753.94,1745.5,,0.33%
1390,2013-10-25,1759.77,1756.01,1759.82,1752.45,,0.44%
1391,2013-10-26,1760.55,1757.1466666666668,1761.5433333333333,1754.19,,
1392,2013-10-27,1761.33,1758.2833333333333,1763.2666666666667,1755.93,,
1393,2013-10-28,1762.11,1759.42,1764.99,1757.67,,0.13%
1394,2013-10-29,1771.95,1762.93,1772.09,1762.93,,0.56%
1395,2013-10-30,1763.31,1772.27,1775.22,1757.24,,-0.49%
1396,2013-10-31,1756.54,1763.24,1768.53,1755.72,,-0.38%
1397,2013-11-01,1761.64,1758.7,1765.67,1752.7,,0.29%
1398,2013-11-02,1763.7366666666667,1760.2666666666667,1766.7066666666667,1755.6533333333334,,
1399,2013-11-03,1765.8333333333335,1761.8333333333335,1767.7433333333333,1758.6066666666666,,
1400,2013-11-04,1767.93,1763.4,1768.78,1761.56,,0.36%
1401,2013-11-05,1762.97,1765.67,1767.03,1755.76,,-0.28%
1402,2013-11-06,1770.49,1765.0,1773.74,1764.4,,0.43%
1403,2013-11-07,1747.15,1770.74,1774.54,1746.2,,-1.32%
1404,2013-11-08,1770.61,1748.37,1770.78,1747.63,,1.34%
1405,2013-11-09,1771.0366666666666,1755.5666666666666,1771.6666666666667,1754.3700000000001,,
1406,2013-11-10,1771.4633333333334,1762.7633333333333,1772.5533333333333,1761.11,,
1407,2013-11-11,1771.89,1769.96,1773.44,1767.85,,0.07%
1408,2013-11-12,1767.69,1769.51,1771.78,1762.29,,-0.24%
1409,2013-11-13,1782.0,1764.37,1782.0,1760.64,,0.81%
1410,2013-11-14,1790.62,1782.75,1791.53,1780.22,,0.48%
1411,2013-11-15,1798.18,1790.66,1798.22,1790.66,,0.42%
1412,2013-11-16,1795.9633333333334,1793.38,1799.59,1789.7733333333333,,
1413,2013-11-17,1793.7466666666667,1796.1,1800.96,1788.8866666666668,,
1414,2013-11-18,1791.53,1798.82,1802.33,1788.0,,-0.37%
1415,2013-11-19,1787.87,1790.79,1795.51,1784.72,,-0.20%
1416,2013-11-20,1781.37,1789.59,1795.73,1777.23,,-0.36%
1417,2013-11-21,1795.85,1783.52,1797.16,1783.52,,0.81%
1418,2013-11-22,1804.76,1797.21,1804.84,1794.7,,0.50%
1419,2013-11-23,1804.0,1800.25,1805.9266666666665,1796.66,,
1420,2013-11-24,1803.24,1803.29,1807.0133333333333,1798.62,,
1421,2013-11-25,1802.48,1806.33,1808.1,1800.58,,-0.13%
1422,2013-11-26,1802.75,1802.87,1808.42,1800.77,,0.01%
1423,2013-11-27,1807.23,1803.48,1808.27,1802.77,,0.25%
1424,2013-11-28,1806.52,1806.085,1810.9099999999999,1803.375,,
1425,2013-11-29,1805.81,1808.69,1813.55,1803.98,,-0.08%
1426,2013-11-30,1804.1733333333334,1807.9766666666667,1812.3733333333332,1802.1866666666667,,
1427,2013-12-01,1802.5366666666666,1807.2633333333333,1811.1966666666667,1800.3933333333332,,
1428,2013-12-02,1800.9,1806.55,1810.02,1798.6,,-0.27%
1429,2013-12-03,1795.15,1800.1,1800.1,1787.85,,-0.32%
1430,2013-12-04,1792.81,1793.15,1799.8,1779.09,,-0.13%
1431,2013-12-05,1785.03,1792.82,1792.82,1783.38,,-0.43%
1432,2013-12-06,1805.09,1788.36,1806.04,1788.36,,1.12%
1433,2013-12-07,1806.1833333333332,1794.31,1807.8666666666666,1794.31,,
1434,2013-12-08,1807.2766666666666,1800.26,1809.6933333333334,1800.26,,
1435,2013-12-09,1808.37,1806.21,1811.52,1806.21,,0.18%
1436,2013-12-10,1802.62,1807.6,1808.52,1801.75,,-0.32%
1437,2013-12-11,1782.22,1802.76,1802.97,1780.09,,-1.13%
1438,2013-12-12,1775.5,1781.71,1782.99,1772.28,,-0.38%
1439,2013-12-13,1775.32,1777.98,1780.92,1772.45,,-0.01%
1440,2013-12-14,1779.06,1777.8133333333333,1784.6866666666667,1774.1266666666668,,
1441,2013-12-15,1782.8,1777.6466666666668,1788.4533333333334,1775.8033333333333,,
1442,2013-12-16,1786.54,1777.48,1792.22,1777.48,,0.63%
1443,2013-12-17,1781.0,1786.47,1786.77,1777.05,,-0.31%
1444,2013-12-18,1810.65,1781.46,1811.08,1767.99,,1.66%
1445,2013-12-19,1809.6,1809.0,1810.88,1801.35,,-0.06%
1446,2013-12-20,1818.32,1810.39,1823.75,1810.25,,0.48%
1447,2013-12-21,1821.5433333333333,1814.5666666666668,1825.75,1814.4733333333334,,
1448,2013-12-22,1824.7666666666667,1818.7433333333333,1827.75,1818.6966666666667,,
1449,2013-12-23,1827.99,1822.92,1829.75,1822.92,,0.53%
1450,2013-12-24,1833.32,1828.02,1833.32,1828.02,,0.29%
1451,2013-12-25,1837.67,1831.49,1838.08,1831.49,,
1452,2013-12-26,1842.02,1834.96,1842.84,1834.96,,0.47%
1453,2013-12-27,1841.4,1842.97,1844.89,1839.81,,-0.03%
1454,2013-12-28,1841.29,1842.47,1844.0833333333335,1839.4633333333334,,
1455,2013-12-29,1841.18,1841.97,1843.2766666666666,1839.1166666666666,,
1456,2013-12-30,1841.07,1841.47,1842.47,1838.77,,-0.02%
1457,2013-12-31,1848.36,1842.61,1849.44,1842.41,,0.40%
