,begin_date,end_date,window_size,forecast_days,forecast_precision
0,2010-01-04,2010-05-04,200,90,3.4838388873749895
1,2010-01-05,2010-05-05,200,90,3.4449713537394095
2,2010-01-06,2010-05-06,200,90,3.4606083637339564
3,2010-01-07,2010-05-07,200,90,3.4341798149187293
4,2010-01-08,2010-05-08,200,90,3.3817424699976475
5,2010-01-09,2010-05-09,200,90,3.388810099421445
6,2010-01-10,2010-05-10,200,90,3.364058799852743
7,2010-01-11,2010-05-11,200,90,3.4378909302043024
8,2010-01-12,2010-05-12,200,90,3.497366005473734
9,2010-01-13,2010-05-13,200,90,3.517896928917215
10,2010-01-14,2010-05-14,200,90,3.578685619445934
11,2010-01-15,2010-05-15,200,90,3.5690124647148513
12,2010-01-16,2010-05-16,200,90,3.637980859159008
13,2010-01-17,2010-05-17,200,90,3.5063669537345765
14,2010-01-18,2010-05-18,200,90,3.5526051828662166
15,2010-01-19,2010-05-19,200,90,3.44003557194554
16,2010-01-20,2010-05-20,200,90,3.4363742754790962
17,2010-01-21,2010-05-21,200,90,3.4115775415339114
18,2010-01-22,2010-05-22,200,90,3.446146908441972
19,2010-01-23,2010-05-23,200,90,3.413896366213445
20,2010-01-24,2010-05-24,200,90,3.3922022595892845
21,2010-01-25,2010-05-25,200,90,3.420808712762835
22,2010-01-26,2010-05-26,200,90,3.427177278387337
23,2010-01-27,2010-05-27,200,90,3.517414649420578
24,2010-01-28,2010-05-28,200,90,3.484818934206598
25,2010-01-29,2010-05-29,200,90,3.450731013932329
26,2010-01-30,2010-05-30,200,90,3.4979660603488925
27,2010-01-31,2010-05-31,200,90,3.471852212566323
28,2010-02-01,2010-06-01,200,90,3.5092230504921416
29,2010-02-02,2010-06-02,200,90,3.554440425618447
30,2010-02-03,2010-06-03,200,90,3.5331033986580143
31,2010-02-04,2010-06-04,200,90,3.597827110421289
32,2010-02-05,2010-06-05,200,90,3.6177334098951897
33,2010-02-06,2010-06-06,200,90,3.579653790817785
34,2010-02-07,2010-06-07,200,90,3.5412673924325735
35,2010-02-08,2010-06-08,200,90,3.436436389353783
36,2010-02-09,2010-06-09,200,90,3.4300233184900955
37,2010-02-10,2010-06-10,200,90,3.359782738224165
38,2010-02-11,2010-06-11,200,90,3.4548353505335947
39,2010-02-12,2010-06-12,200,90,3.3466139386690075
40,2010-02-13,2010-06-13,200,90,3.349745711577975
41,2010-02-14,2010-06-14,200,90,3.3554455870171953
42,2010-02-15,2010-06-15,200,90,3.3885290446374907
43,2010-02-16,2010-06-16,200,90,3.432312476593313
44,2010-02-17,2010-06-17,200,90,3.4291981535905265
45,2010-02-18,2010-06-18,200,90,3.399465496102251
46,2010-02-19,2010-06-19,200,90,3.3699615378921446
47,2010-02-20,2010-06-20,200,90,3.328619211355311
48,2010-02-21,2010-06-21,200,90,3.3569169438621964
49,2010-02-22,2010-06-22,200,90,3.3243438162715773
50,2010-02-23,2010-06-23,200,90,3.3494118560377357
51,2010-02-24,2010-06-24,200,90,3.3696136943516852
52,2010-02-25,2010-06-25,200,90,3.471202049018362
53,2010-02-26,2010-06-26,200,90,3.46349097716745
54,2010-02-27,2010-06-27,200,90,3.426718412505149
55,2010-02-28,2010-06-28,200,90,3.456448274253108
56,2010-03-01,2010-06-29,200,90,3.458773668977732
57,2010-03-02,2010-06-30,200,90,3.467787829934419
58,2010-03-03,2010-07-01,200,90,3.5118667024356607
59,2010-03-04,2010-07-02,200,90,3.534433830317834
60,2010-03-05,2010-07-03,200,90,3.5411871830325468
61,2010-03-06,2010-07-04,200,90,3.5802574801495295
62,2010-03-07,2010-07-05,200,90,3.575769674926776
63,2010-03-08,2010-07-06,200,90,3.5571437638849597
64,2010-03-09,2010-07-07,200,90,3.508186728049821
65,2010-03-10,2010-07-08,200,90,3.5246273731089466
66,2010-03-11,2010-07-09,200,90,3.528599901401346
67,2010-03-12,2010-07-10,200,90,3.5257258219250085
68,2010-03-13,2010-07-11,200,90,3.5231561747163576
69,2010-03-14,2010-07-12,200,90,3.5761417570790077
70,2010-03-15,2010-07-13,200,90,3.5670454421136304
71,2010-03-16,2010-07-14,200,90,3.590835597740347
72,2010-03-17,2010-07-15,200,90,3.513028183506139
73,2010-03-18,2010-07-16,200,90,3.6467323704919736
74,2010-03-19,2010-07-17,200,90,3.5958926331024594
75,2010-03-20,2010-07-18,200,90,3.586451272072151
76,2010-03-21,2010-07-19,200,90,3.515670987797666
77,2010-03-22,2010-07-20,200,90,3.3257014352720855
78,2010-03-23,2010-07-21,200,90,3.3926101921755913
79,2010-03-24,2010-07-22,200,90,3.3498894172156257
80,2010-03-25,2010-07-23,200,90,3.3804167511898173
81,2010-03-26,2010-07-24,200,90,3.341079938965409
82,2010-03-27,2010-07-25,200,90,3.260548948870415
83,2010-03-28,2010-07-26,200,90,3.2752568222468676
84,2010-03-29,2010-07-27,200,90,3.2351207216334217
85,2010-03-30,2010-07-28,200,90,3.1985761765400555
86,2010-03-31,2010-07-29,200,90,3.185056654364877
87,2010-04-01,2010-07-30,200,90,3.148401960561563
88,2010-04-02,2010-07-31,200,90,3.040532473336324
89,2010-04-03,2010-08-01,200,90,3.103068188897485
90,2010-04-04,2010-08-02,200,90,3.0802679148066425
91,2010-04-05,2010-08-03,200,90,3.1349162140802345
92,2010-04-06,2010-08-04,200,90,3.086561208403852
93,2010-04-07,2010-08-05,200,90,3.1260013851124238
94,2010-04-08,2010-08-06,200,90,3.1784487691727974
95,2010-04-09,2010-08-07,200,90,3.1362194302717814
96,2010-04-10,2010-08-08,200,90,3.10725816113328
97,2010-04-11,2010-08-09,200,90,3.0249837964629642
98,2010-04-12,2010-08-10,200,90,2.9307050166037447
99,2010-04-13,2010-08-11,200,90,2.875650361248966
100,2010-04-14,2010-08-12,200,90,2.82846531427521
101,2010-04-15,2010-08-13,200,90,2.755300212511353
102,2010-04-16,2010-08-14,200,90,2.6935457237673717
103,2010-04-17,2010-08-15,200,90,2.5926336382153887
104,2010-04-18,2010-08-16,200,90,2.576541893312587
105,2010-04-19,2010-08-17,200,90,2.5108615125423532
106,2010-04-20,2010-08-18,200,90,2.4776301279188835
107,2010-04-21,2010-08-19,200,90,2.4892209558727645
108,2010-04-22,2010-08-20,200,90,2.491229569504244
109,2010-04-23,2010-08-21,200,90,2.486164997783048
110,2010-04-24,2010-08-22,200,90,2.4856307464970673
111,2010-04-25,2010-08-23,200,90,2.5275837965588464
112,2010-04-26,2010-08-24,200,90,2.49353501829942
113,2010-04-27,2010-08-25,200,90,2.497225608734037
114,2010-04-28,2010-08-26,200,90,2.483919096788601
115,2010-04-29,2010-08-27,200,90,2.6231844433924185
116,2010-04-30,2010-08-28,200,90,2.442047557665084
117,2010-05-01,2010-08-29,200,90,2.4822704049753295
118,2010-05-02,2010-08-30,200,90,2.5009699679434796
119,2010-05-03,2010-08-31,200,90,2.788792948533047
120,2010-05-04,2010-09-01,200,90,2.599948899889046
121,2010-05-05,2010-09-02,200,90,2.658918487004168
122,2010-05-06,2010-09-03,200,90,2.5354156103939687
123,2010-05-07,2010-09-04,200,90,2.6445942517507453
124,2010-05-08,2010-09-05,200,90,2.6763801545000514
125,2010-05-09,2010-09-06,200,90,2.6226218858378147
126,2010-05-10,2010-09-07,200,90,2.747045539399941
127,2010-05-11,2010-09-08,200,90,2.5555541370300645
128,2010-05-12,2010-09-09,200,90,2.4907299982992175
129,2010-05-13,2010-09-10,200,90,2.646115108428728
130,2010-05-14,2010-09-11,200,90,2.5035233041124405
131,2010-05-15,2010-09-12,200,90,2.4760851727421502
132,2010-05-16,2010-09-13,200,90,2.444629705811401
133,2010-05-17,2010-09-14,200,90,2.2563602064656987
134,2010-05-18,2010-09-15,200,90,2.2820050788497643
135,2010-05-19,2010-09-16,200,90,2.447609293405224
136,2010-05-20,2010-09-17,200,90,2.437699628427532
137,2010-05-21,2010-09-18,200,90,2.4075223936845123
138,2010-05-22,2010-09-19,200,90,2.482200907568444
139,2010-05-23,2010-09-20,200,90,2.5545867878540984
140,2010-05-24,2010-09-21,200,90,2.7444577965461607
141,2010-05-25,2010-09-22,200,90,2.5715076953285516
142,2010-05-26,2010-09-23,200,90,2.7944393227214954
143,2010-05-27,2010-09-24,200,90,2.732876839199988
144,2010-05-28,2010-09-25,200,90,2.737117069112286
145,2010-05-29,2010-09-26,200,90,2.570600949648969
146,2010-05-30,2010-09-27,200,90,2.578527797954066
147,2010-05-31,2010-09-28,200,90,2.485680034696947
148,2010-06-01,2010-09-29,200,90,2.532530533747579
149,2010-06-02,2010-09-30,200,90,2.321187909409658
150,2010-06-03,2010-10-01,200,90,2.251044706481558
151,2010-06-04,2010-10-02,200,90,2.537221996273456
152,2010-06-05,2010-10-03,200,90,2.436006605304105
153,2010-06-06,2010-10-04,200,90,2.1810438196793376
154,2010-06-07,2010-10-05,200,90,2.3600393610615686
155,2010-06-08,2010-10-06,200,90,2.28228518358704
156,2010-06-09,2010-10-07,200,90,2.454778821492338
157,2010-06-10,2010-10-08,200,90,2.314806791722914
158,2010-06-11,2010-10-09,200,90,2.395494775780138
159,2010-06-12,2010-10-10,200,90,2.3728278348840637
160,2010-06-13,2010-10-11,200,90,2.309358021500583
161,2010-06-14,2010-10-12,200,90,2.393435359208856
162,2010-06-15,2010-10-13,200,90,2.291140693868402
163,2010-06-16,2010-10-14,200,90,2.520368864085011
164,2010-06-17,2010-10-15,200,90,2.3267874945617475
165,2010-06-18,2010-10-16,200,90,2.1405567800841587
166,2010-06-19,2010-10-17,200,90,2.4152076770077517
167,2010-06-20,2010-10-18,200,90,2.2242361930649692
168,2010-06-21,2010-10-19,200,90,2.8883109004031615
169,2010-06-22,2010-10-20,200,90,2.922335785434501
170,2010-06-23,2010-10-21,200,90,2.582868159664651
171,2010-06-24,2010-10-22,200,90,2.9761347342372266
172,2010-06-25,2010-10-23,200,90,2.8381259627736988
173,2010-06-26,2010-10-24,200,90,3.149262819974695
174,2010-06-27,2010-10-25,200,90,2.6793563360602404
175,2010-06-28,2010-10-26,200,90,3.075964787740822
176,2010-06-29,2010-10-27,200,90,2.8835554230710114
177,2010-06-30,2010-10-28,200,90,3.296119880878523
178,2010-07-01,2010-10-29,200,90,2.9122513753075365
179,2010-07-02,2010-10-30,200,90,3.4982404232176982
180,2010-07-03,2010-10-31,200,90,3.3173257174601574
181,2010-07-04,2010-11-01,200,90,3.147091750403671
182,2010-07-05,2010-11-02,200,90,2.7569389483722437
183,2010-07-06,2010-11-03,200,90,2.404406313769936
184,2010-07-07,2010-11-04,200,90,2.6476196214797905
185,2010-07-08,2010-11-05,200,90,2.442258903951769
186,2010-07-09,2010-11-06,200,90,2.5290106869372737
187,2010-07-10,2010-11-07,200,90,2.3775315983312404
188,2010-07-11,2010-11-08,200,90,2.3625490181712108
189,2010-07-12,2010-11-09,200,90,2.447121574925851
190,2010-07-13,2010-11-10,200,90,2.38212158827822
191,2010-07-14,2010-11-11,200,90,2.398203512707279
192,2010-07-15,2010-11-12,200,90,2.418763603526139
193,2010-07-16,2010-11-13,200,90,2.435810086696841
194,2010-07-17,2010-11-14,200,90,2.366812773395876
195,2010-07-18,2010-11-15,200,90,2.4125940180961574
196,2010-07-19,2010-11-16,200,90,2.2952282020213746
197,2010-07-20,2010-11-17,200,90,2.2858906938662513
198,2010-07-21,2010-11-18,200,90,2.3088464204834116
199,2010-07-22,2010-11-19,200,90,2.340613582371938
200,2010-07-23,2010-11-20,200,90,2.332053159780391
201,2010-07-24,2010-11-21,200,90,2.382138326129808
202,2010-07-25,2010-11-22,200,90,2.337940936966853
203,2010-07-26,2010-11-23,200,90,2.229232329906645
204,2010-07-27,2010-11-24,200,90,2.201898399833254
205,2010-07-28,2010-11-25,200,90,2.198833613936316
206,2010-07-29,2010-11-26,200,90,2.174684186390955
207,2010-07-30,2010-11-27,200,90,2.160295309700596
208,2010-07-31,2010-11-28,200,90,2.144417409367554
209,2010-08-01,2010-11-29,200,90,2.1182001937338812
210,2010-08-02,2010-11-30,200,90,2.0799625590123387
211,2010-08-03,2010-12-01,200,90,2.0973730023522394
212,2010-08-04,2010-12-02,200,90,2.0457295489480387
213,2010-08-05,2010-12-03,200,90,2.0115790920367234
214,2010-08-06,2010-12-04,200,90,1.9890653315432743
215,2010-08-07,2010-12-05,200,90,1.9884739112990366
216,2010-08-08,2010-12-06,200,90,1.9397519598911515
217,2010-08-09,2010-12-07,200,90,1.9930420012150427
218,2010-08-10,2010-12-08,200,90,1.9258435117151012
219,2010-08-11,2010-12-09,200,90,1.9423685106510309
220,2010-08-12,2010-12-10,200,90,1.9800599649517858
221,2010-08-13,2010-12-11,200,90,2.0318707767686885
222,2010-08-14,2010-12-12,200,90,2.0113199850439365
223,2010-08-15,2010-12-13,200,90,2.077097596187076
224,2010-08-16,2010-12-14,200,90,2.042003516887846
225,2010-08-17,2010-12-15,200,90,2.0765510796279916
226,2010-08-18,2010-12-16,200,90,2.010627342491763
227,2010-08-19,2010-12-17,200,90,2.0622126345463987
228,2010-08-20,2010-12-18,200,90,2.0406215392052283
229,2010-08-21,2010-12-19,200,90,2.0184944248868226
230,2010-08-22,2010-12-20,200,90,1.9966401602499746
231,2010-08-23,2010-12-21,200,90,1.945840854568575
232,2010-08-24,2010-12-22,200,90,1.9908508673359993
233,2010-08-25,2010-12-23,200,90,2.032277488328561
234,2010-08-26,2010-12-24,200,90,1.998963255089794
235,2010-08-27,2010-12-25,200,90,1.9325702870335688
236,2010-08-28,2010-12-26,200,90,1.8643486811944074
237,2010-08-29,2010-12-27,200,90,1.9979348084653363
238,2010-08-30,2010-12-28,200,90,1.9584156658550076
239,2010-08-31,2010-12-29,200,90,1.958017542518325
240,2010-09-01,2010-12-30,200,90,2.095563654756993
241,2010-09-02,2010-12-31,200,90,1.9259164999349283
242,2010-09-03,2011-01-01,200,90,1.9936941857148731
243,2010-09-04,2011-01-02,200,90,1.9952633840926401
244,2010-09-05,2011-01-03,200,90,1.945888735401183
245,2010-09-06,2011-01-04,200,90,1.9799023181165305
246,2010-09-07,2011-01-05,200,90,1.8935078976467339
247,2010-09-08,2011-01-06,200,90,2.0280263206465334
248,2010-09-09,2011-01-07,200,90,2.045065850571004
249,2010-09-10,2011-01-08,200,90,2.034493931212244
250,2010-09-11,2011-01-09,200,90,2.0422351232309746
251,2010-09-12,2011-01-10,200,90,2.0947002779777346
252,2010-09-13,2011-01-11,200,90,2.037352130094296
253,2010-09-14,2011-01-12,200,90,2.078546790879249
254,2010-09-15,2011-01-13,200,90,2.10204667777898
255,2010-09-16,2011-01-14,200,90,2.118377260121154
256,2010-09-17,2011-01-15,200,90,2.1328680703128744
257,2010-09-18,2011-01-16,200,90,2.1445292964304765
258,2010-09-19,2011-01-17,200,90,2.1602291585547295
259,2010-09-20,2011-01-18,200,90,2.0376016100208463
260,2010-09-21,2011-01-19,200,90,1.9850162335372514
261,2010-09-22,2011-01-20,200,90,1.962840652135896
262,2010-09-23,2011-01-21,200,90,1.9799480337011892
263,2010-09-24,2011-01-22,200,90,1.9202202397886339
264,2010-09-25,2011-01-23,200,90,1.867259773305006
265,2010-09-26,2011-01-24,200,90,1.911849701561008
266,2010-09-27,2011-01-25,200,90,2.0180642503697777
267,2010-09-28,2011-01-26,200,90,1.9981183898618575
268,2010-09-29,2011-01-27,200,90,2.0678921498179257
269,2010-09-30,2011-01-28,200,90,2.0930028237375726
270,2010-10-01,2011-01-29,200,90,2.1451061993355136
271,2010-10-02,2011-01-30,200,90,2.138884317389398
272,2010-10-03,2011-01-31,200,90,2.146196659515757
273,2010-10-04,2011-02-01,200,90,2.092804163843537
274,2010-10-05,2011-02-02,200,90,2.1654857406199928
275,2010-10-06,2011-02-03,200,90,2.142860027617863
276,2010-10-07,2011-02-04,200,90,2.1352344175555626
277,2010-10-08,2011-02-05,200,90,2.098057689603575
278,2010-10-09,2011-02-06,200,90,2.0614898287777015
279,2010-10-10,2011-02-07,200,90,2.1900785717729057
280,2010-10-11,2011-02-08,200,90,2.2403234915924894
281,2010-10-12,2011-02-09,200,90,2.1426807523964313
282,2010-10-13,2011-02-10,200,90,2.237479686423131
283,2010-10-14,2011-02-11,200,90,2.4342001051780757
284,2010-10-15,2011-02-12,200,90,2.409963243168707
285,2010-10-16,2011-02-13,200,90,2.51324934381617
286,2010-10-17,2011-02-14,200,90,2.5518896856737903
287,2010-10-18,2011-02-15,200,90,2.7004000886695363
288,2010-10-19,2011-02-16,200,90,2.767739788395244
289,2010-10-20,2011-02-17,200,90,2.785087532374555
290,2010-10-21,2011-02-18,200,90,2.665493318433241
291,2010-10-22,2011-02-19,200,90,2.72833079475645
292,2010-10-23,2011-02-20,200,90,2.7337925595601793
293,2010-10-24,2011-02-21,200,90,2.6982502097299745
294,2010-10-25,2011-02-22,200,90,2.7506346485801703
295,2010-10-26,2011-02-23,200,90,2.7140694704421797
296,2010-10-27,2011-02-24,200,90,2.8352082982835136
297,2010-10-28,2011-02-25,200,90,2.834885774502736
298,2010-10-29,2011-02-26,200,90,2.927733484410489
299,2010-10-30,2011-02-27,200,90,3.1274468308496814
300,2010-10-31,2011-02-28,200,90,3.0020939490570693
301,2010-11-01,2011-03-01,200,90,3.059764451952262
302,2010-11-02,2011-03-02,200,90,3.0032490360393043
303,2010-11-03,2011-03-03,200,90,3.1711066961863024
304,2010-11-04,2011-03-04,200,90,3.2460802105143576
305,2010-11-05,2011-03-05,200,90,3.3087678933533753
306,2010-11-06,2011-03-06,200,90,3.375958301615176
307,2010-11-07,2011-03-07,200,90,3.506342321947952
308,2010-11-08,2011-03-08,200,90,3.501785137768191
309,2010-11-09,2011-03-09,200,90,3.4308056523471304
310,2010-11-10,2011-03-10,200,90,3.4583865211755653
311,2010-11-11,2011-03-11,200,90,3.4576435631554223
312,2010-11-12,2011-03-12,200,90,3.325778872237901
313,2010-11-13,2011-03-13,200,90,3.2282937259409366
314,2010-11-14,2011-03-14,200,90,3.355024478058998
315,2010-11-15,2011-03-15,200,90,3.474683649319982
316,2010-11-16,2011-03-16,200,90,3.528807678513205
317,2010-11-17,2011-03-17,200,90,3.35916176486284
318,2010-11-18,2011-03-18,200,90,3.390308017889767
319,2010-11-19,2011-03-19,200,90,3.4315652003286874
320,2010-11-20,2011-03-20,200,90,3.46641762454499
321,2010-11-21,2011-03-21,200,90,3.2621235351246676
322,2010-11-22,2011-03-22,200,90,3.4528367112953977
323,2010-11-23,2011-03-23,200,90,3.303020735506884
324,2010-11-24,2011-03-24,200,90,3.3330218406949914
325,2010-11-25,2011-03-25,200,90,3.408554952805346
326,2010-11-26,2011-03-26,200,90,3.4946698338465882
327,2010-11-27,2011-03-27,200,90,3.3548664259396674
328,2010-11-28,2011-03-28,200,90,3.594805978525014
329,2010-11-29,2011-03-29,200,90,3.612872147336268
330,2010-11-30,2011-03-30,200,90,3.6685474117147794
331,2010-12-01,2011-03-31,200,90,3.646368820026151
332,2010-12-02,2011-04-01,200,90,3.614190753137528
333,2010-12-03,2011-04-02,200,90,4.0219018474039485
334,2010-12-04,2011-04-03,200,90,3.813640298949869
335,2010-12-05,2011-04-04,200,90,3.8768197228226406
336,2010-12-06,2011-04-05,200,90,3.861806544030147
337,2010-12-07,2011-04-06,200,90,3.8189421258868297
338,2010-12-08,2011-04-07,200,90,3.689281118506769
339,2010-12-09,2011-04-08,200,90,3.933561649993842
340,2010-12-10,2011-04-09,200,90,6.115886907024958
341,2010-12-11,2011-04-10,200,90,3.9628540232941956
342,2010-12-12,2011-04-11,200,90,3.693684437512625
343,2010-12-13,2011-04-12,200,90,9.41257962710313
344,2010-12-14,2011-04-13,200,90,8.846746544274536
345,2010-12-15,2011-04-14,200,90,4.509753738385447
346,2010-12-16,2011-04-15,200,90,3.7692045883548246
347,2010-12-17,2011-04-16,200,90,4.04049477136705
348,2010-12-18,2011-04-17,200,90,3.9812733368603417
349,2010-12-19,2011-04-18,200,90,9.034764297537892
350,2010-12-20,2011-04-19,200,90,6.864092844107975
351,2010-12-21,2011-04-20,200,90,7.4445365057630735
352,2010-12-22,2011-04-21,200,90,4.686045203204452
353,2010-12-23,2011-04-22,200,90,4.724503093965883
354,2010-12-24,2011-04-23,200,90,4.653727636122946
355,2010-12-25,2011-04-24,200,90,4.70096793654408
356,2010-12-26,2011-04-25,200,90,4.3823642501136435
357,2010-12-27,2011-04-26,200,90,4.456511105625032
358,2010-12-28,2011-04-27,200,90,4.621182156336413
359,2010-12-29,2011-04-28,200,90,4.948063119832783
360,2010-12-30,2011-04-29,200,90,4.932617588605071
361,2010-12-31,2011-04-30,200,90,4.826174108438071
362,2011-01-01,2011-05-01,200,90,4.936468404829463
363,2011-01-02,2011-05-02,200,90,5.045046304710152
364,2011-01-03,2011-05-03,200,90,5.466162017363211
365,2011-01-04,2011-05-04,200,90,5.221913494128533
366,2011-01-05,2011-05-05,200,90,5.420475016586095
367,2011-01-06,2011-05-06,200,90,5.1822141145155785
368,2011-01-07,2011-05-07,200,90,5.253084796083084
369,2011-01-08,2011-05-08,200,90,6.288890967588277
370,2011-01-09,2011-05-09,200,90,4.940505649626324
371,2011-01-10,2011-05-10,200,90,6.479598188920322
372,2011-01-11,2011-05-11,200,90,5.27278408687029
373,2011-01-12,2011-05-12,200,90,5.160317085766448
374,2011-01-13,2011-05-13,200,90,4.847835486816167
375,2011-01-14,2011-05-14,200,90,5.038597720173072
376,2011-01-15,2011-05-15,200,90,4.850673817840697
377,2011-01-16,2011-05-16,200,90,4.845010642560964
378,2011-01-17,2011-05-17,200,90,4.848054321838633
379,2011-01-18,2011-05-18,200,90,4.683095886735392
380,2011-01-19,2011-05-19,200,90,4.306073539493164
381,2011-01-20,2011-05-20,200,90,4.839439515653506
382,2011-01-21,2011-05-21,200,90,4.793581653405748
383,2011-01-22,2011-05-22,200,90,5.348604200896519
384,2011-01-23,2011-05-23,200,90,5.071468639814485
385,2011-01-24,2011-05-24,200,90,4.573526434694723
386,2011-01-25,2011-05-25,200,90,4.832354285723907
387,2011-01-26,2011-05-26,200,90,4.89689852955695
388,2011-01-27,2011-05-27,200,90,4.674419532417866
389,2011-01-28,2011-05-28,200,90,4.923910940950246
390,2011-01-29,2011-05-29,200,90,4.739677567174222
391,2011-01-30,2011-05-30,200,90,5.126069532860578
392,2011-01-31,2011-05-31,200,90,5.09361515130382
393,2011-02-01,2011-06-01,200,90,5.134158257998895
394,2011-02-02,2011-06-02,200,90,4.984551262162818
395,2011-02-03,2011-06-03,200,90,4.886448448238152
396,2011-02-04,2011-06-04,200,90,4.678221487562495
397,2011-02-05,2011-06-05,200,90,4.420889435832223
398,2011-02-06,2011-06-06,200,90,5.388386520398354
399,2011-02-07,2011-06-07,200,90,4.468116556481685
400,2011-02-08,2011-06-08,200,90,5.03166870689587
401,2011-02-09,2011-06-09,200,90,4.704438707723241
402,2011-02-10,2011-06-10,200,90,4.686040769319116
403,2011-02-11,2011-06-11,200,90,4.895620771147681
404,2011-02-12,2011-06-12,200,90,5.166369401741981
405,2011-02-13,2011-06-13,200,90,5.866159924662446
406,2011-02-14,2011-06-14,200,90,5.116813504204291
407,2011-02-15,2011-06-15,200,90,5.402307660654964
408,2011-02-16,2011-06-16,200,90,5.018510424774638
409,2011-02-17,2011-06-17,200,90,5.095935582646485
410,2011-02-18,2011-06-18,200,90,5.279489241042677
411,2011-02-19,2011-06-19,200,90,5.931013343531097
412,2011-02-20,2011-06-20,200,90,7.48590922392875
413,2011-02-21,2011-06-21,200,90,5.873476482161269
414,2011-02-22,2011-06-22,200,90,5.983486191530881
415,2011-02-23,2011-06-23,200,90,5.7670197188955195
416,2011-02-24,2011-06-24,200,90,6.151500007501666
417,2011-02-25,2011-06-25,200,90,5.976170351766218
418,2011-02-26,2011-06-26,200,90,6.12552389236618
419,2011-02-27,2011-06-27,200,90,5.627509926059915
420,2011-02-28,2011-06-28,200,90,5.134592673265263
421,2011-03-01,2011-06-29,200,90,5.376344324318593
422,2011-03-02,2011-06-30,200,90,5.182029221765531
423,2011-03-03,2011-07-01,200,90,5.2199966702098175
424,2011-03-04,2011-07-02,200,90,5.186570049733854
425,2011-03-05,2011-07-03,200,90,5.415679474759055
426,2011-03-06,2011-07-04,200,90,5.413997317015013
427,2011-03-07,2011-07-05,200,90,5.4445106937670085
428,2011-03-08,2011-07-06,200,90,5.563275683913406
429,2011-03-09,2011-07-07,200,90,5.119085778286504
430,2011-03-10,2011-07-08,200,90,5.262594206252631
431,2011-03-11,2011-07-09,200,90,5.351714226178823
432,2011-03-12,2011-07-10,200,90,5.461398050516355
433,2011-03-13,2011-07-11,200,90,5.5422893892733605
434,2011-03-14,2011-07-12,200,90,5.581994250172566
435,2011-03-15,2011-07-13,200,90,5.720212045591337
436,2011-03-16,2011-07-14,200,90,5.619375559332523
437,2011-03-17,2011-07-15,200,90,5.375471740897467
438,2011-03-18,2011-07-16,200,90,5.19775562731904
439,2011-03-19,2011-07-17,200,90,5.161361562796781
440,2011-03-20,2011-07-18,200,90,5.232758127534428
441,2011-03-21,2011-07-19,200,90,5.309171280771441
442,2011-03-22,2011-07-20,200,90,5.338245879105173
443,2011-03-23,2011-07-21,200,90,5.314755506665594
444,2011-03-24,2011-07-22,200,90,5.178848834849968
445,2011-03-25,2011-07-23,200,90,4.920091692920917
446,2011-03-26,2011-07-24,200,90,5.280134384239814
447,2011-03-27,2011-07-25,200,90,5.296075015437072
448,2011-03-28,2011-07-26,200,90,4.9775113657530445
449,2011-03-29,2011-07-27,200,90,5.2163742691603385
450,2011-03-30,2011-07-28,200,90,4.934591143380731
451,2011-03-31,2011-07-29,200,90,5.113422406425845
452,2011-04-01,2011-07-30,200,90,4.972017475710818
453,2011-04-02,2011-07-31,200,90,5.132240536438645
454,2011-04-03,2011-08-01,200,90,5.127787759142277
455,2011-04-04,2011-08-02,200,90,5.135022223023291
456,2011-04-05,2011-08-03,200,90,4.979279189134068
457,2011-04-06,2011-08-04,200,90,4.75902209616514
458,2011-04-07,2011-08-05,200,90,4.564666701280063
459,2011-04-08,2011-08-06,200,90,4.790105981995618
460,2011-04-09,2011-08-07,200,90,4.4197906916727945
461,2011-04-10,2011-08-08,200,90,4.380029473739455
462,2011-04-11,2011-08-09,200,90,4.605710932375489
463,2011-04-12,2011-08-10,200,90,4.408136986806419
464,2011-04-13,2011-08-11,200,90,4.368100801308909
465,2011-04-14,2011-08-12,200,90,4.394173251607485
466,2011-04-15,2011-08-13,200,90,4.520503463246215
467,2011-04-16,2011-08-14,200,90,4.300383215870936
468,2011-04-17,2011-08-15,200,90,4.291553210822257
469,2011-04-18,2011-08-16,200,90,4.243607224645883
470,2011-04-19,2011-08-17,200,90,4.4471540553352735
471,2011-04-20,2011-08-18,200,90,4.351369066204811
472,2011-04-21,2011-08-19,200,90,4.200949346942227
473,2011-04-22,2011-08-20,200,90,3.986951756648225
474,2011-04-23,2011-08-21,200,90,3.8188558906197874
475,2011-04-24,2011-08-22,200,90,4.139114116154763
476,2011-04-25,2011-08-23,200,90,4.112261207181058
477,2011-04-26,2011-08-24,200,90,4.175701003073139
478,2011-04-27,2011-08-25,200,90,3.9663635712353686
479,2011-04-28,2011-08-26,200,90,3.857156111562278
480,2011-04-29,2011-08-27,200,90,3.6765128787408674
481,2011-04-30,2011-08-28,200,90,3.526852945176219
482,2011-05-01,2011-08-29,200,90,3.285493838421756
483,2011-05-02,2011-08-30,200,90,3.449633813406501
484,2011-05-03,2011-08-31,200,90,3.2314835846462127
485,2011-05-04,2011-09-01,200,90,3.3203264260167504
486,2011-05-05,2011-09-02,200,90,3.286024955143908
487,2011-05-06,2011-09-03,200,90,3.447128775603055
488,2011-05-07,2011-09-04,200,90,3.3118467387585553
489,2011-05-08,2011-09-05,200,90,3.3607219359157545
490,2011-05-09,2011-09-06,200,90,3.230162637877603
491,2011-05-10,2011-09-07,200,90,3.1160409200731705
492,2011-05-11,2011-09-08,200,90,3.0739219147422028
493,2011-05-12,2011-09-09,200,90,3.0089498237371526
494,2011-05-13,2011-09-10,200,90,2.8995150883583984
495,2011-05-14,2011-09-11,200,90,2.824637902901896
496,2011-05-15,2011-09-12,200,90,2.6906934422335125
497,2011-05-16,2011-09-13,200,90,2.597493179158941
498,2011-05-17,2011-09-14,200,90,2.6247266589296423
499,2011-05-18,2011-09-15,200,90,2.5893778096702866
500,2011-05-19,2011-09-16,200,90,2.5218068761419334
501,2011-05-20,2011-09-17,200,90,2.3723736523219907
502,2011-05-21,2011-09-18,200,90,2.485406505907909
503,2011-05-22,2011-09-19,200,90,2.4221812910099865
504,2011-05-23,2011-09-20,200,90,2.6767542524792574
505,2011-05-24,2011-09-21,200,90,2.6498585957149485
506,2011-05-25,2011-09-22,200,90,2.6413391842753486
507,2011-05-26,2011-09-23,200,90,2.804183064174023
508,2011-05-27,2011-09-24,200,90,2.8315799222229194
509,2011-05-28,2011-09-25,200,90,3.0333960688197528
510,2011-05-29,2011-09-26,200,90,2.7644806709814733
511,2011-05-30,2011-09-27,200,90,2.724673031594188
512,2011-05-31,2011-09-28,200,90,2.8296949851254967
513,2011-06-01,2011-09-29,200,90,2.8085446958305895
514,2011-06-02,2011-09-30,200,90,2.6074598685783386
515,2011-06-03,2011-10-01,200,90,2.6657090205962777
516,2011-06-04,2011-10-02,200,90,2.4920617652365586
517,2011-06-05,2011-10-03,200,90,2.584482166019698
518,2011-06-06,2011-10-04,200,90,2.59848374315722
519,2011-06-07,2011-10-05,200,90,2.547796001630765
520,2011-06-08,2011-10-06,200,90,2.699810780814876
521,2011-06-09,2011-10-07,200,90,2.5559705019046643
522,2011-06-10,2011-10-08,200,90,2.6472073164037955
523,2011-06-11,2011-10-09,200,90,2.621259801556078
524,2011-06-12,2011-10-10,200,90,2.5113925449379186
525,2011-06-13,2011-10-11,200,90,2.418762415292018
526,2011-06-14,2011-10-12,200,90,2.3064448490359513
527,2011-06-15,2011-10-13,200,90,2.352943125598696
528,2011-06-16,2011-10-14,200,90,2.424978422552185
529,2011-06-17,2011-10-15,200,90,2.4949372245247337
530,2011-06-18,2011-10-16,200,90,2.639482498151075
531,2011-06-19,2011-10-17,200,90,2.6297000940644475
532,2011-06-20,2011-10-18,200,90,2.7278908870421272
533,2011-06-21,2011-10-19,200,90,2.638283443598803
534,2011-06-22,2011-10-20,200,90,2.6832537946592776
535,2011-06-23,2011-10-21,200,90,2.62819025963548
536,2011-06-24,2011-10-22,200,90,2.793470036933291
537,2011-06-25,2011-10-23,200,90,2.7381602605964677
538,2011-06-26,2011-10-24,200,90,2.72834175235277
539,2011-06-27,2011-10-25,200,90,2.7409283227442867
540,2011-06-28,2011-10-26,200,90,2.7448963195045257
541,2011-06-29,2011-10-27,200,90,2.7683159634075283
542,2011-06-30,2011-10-28,200,90,2.663170236039757
543,2011-07-01,2011-10-29,200,90,2.668227939045165
544,2011-07-02,2011-10-30,200,90,2.5630559155978307
545,2011-07-03,2011-10-31,200,90,2.6026505305683556
546,2011-07-04,2011-11-01,200,90,2.633921225846766
547,2011-07-05,2011-11-02,200,90,2.6623948971767692
548,2011-07-06,2011-11-03,200,90,2.6578394650922337
549,2011-07-07,2011-11-04,200,90,2.638839393449985
550,2011-07-08,2011-11-05,200,90,2.6067318092989025
551,2011-07-09,2011-11-06,200,90,2.637157215015921
552,2011-07-10,2011-11-07,200,90,2.656140644628268
553,2011-07-11,2011-11-08,200,90,2.7375045421226782
554,2011-07-12,2011-11-09,200,90,2.8073359410754684
555,2011-07-13,2011-11-10,200,90,2.8679565576669006
556,2011-07-14,2011-11-11,200,90,2.952284390697713
557,2011-07-15,2011-11-12,200,90,3.152477070713296
558,2011-07-16,2011-11-13,200,90,3.210740417462903
559,2011-07-17,2011-11-14,200,90,3.334924311821613
560,2011-07-18,2011-11-15,200,90,3.3530845682803734
561,2011-07-19,2011-11-16,200,90,3.495695821939265
562,2011-07-20,2011-11-17,200,90,3.8124626234710717
563,2011-07-21,2011-11-18,200,90,4.216810379629067
564,2011-07-22,2011-11-19,200,90,4.262667861923724
565,2011-07-23,2011-11-20,200,90,4.2328491063066025
566,2011-07-24,2011-11-21,200,90,4.429910004406679
567,2011-07-25,2011-11-22,200,90,5.085293761154304
568,2011-07-26,2011-11-23,200,90,4.890056740116174
569,2011-07-27,2011-11-24,200,90,4.897936056072704
570,2011-07-28,2011-11-25,200,90,4.920020100271322
571,2011-07-29,2011-11-26,200,90,4.978650050745486
572,2011-07-30,2011-11-27,200,90,4.857693533485684
573,2011-07-31,2011-11-28,200,90,5.074623542110491
574,2011-08-01,2011-11-29,200,90,5.025878681036681
575,2011-08-02,2011-11-30,200,90,5.065188700782985
576,2011-08-03,2011-12-01,200,90,5.0562279831275365
577,2011-08-04,2011-12-02,200,90,4.968041761461079
578,2011-08-05,2011-12-03,200,90,5.069425799567322
579,2011-08-06,2011-12-04,200,90,5.026570397724762
580,2011-08-07,2011-12-05,200,90,4.987546383526984
581,2011-08-08,2011-12-06,200,90,4.948129688155638
582,2011-08-09,2011-12-07,200,90,5.118916776084825
583,2011-08-10,2011-12-08,200,90,4.956177640870818
584,2011-08-11,2011-12-09,200,90,5.002493145152699
585,2011-08-12,2011-12-10,200,90,4.9854790325309315
586,2011-08-13,2011-12-11,200,90,4.946837065725099
587,2011-08-14,2011-12-12,200,90,4.988213870229406
588,2011-08-15,2011-12-13,200,90,5.054724869079906
589,2011-08-16,2011-12-14,200,90,5.035410467003335
590,2011-08-17,2011-12-15,200,90,5.019755422473713
591,2011-08-18,2011-12-16,200,90,5.048357215654222
592,2011-08-19,2011-12-17,200,90,4.968270601584739
593,2011-08-20,2011-12-18,200,90,4.95816349225
594,2011-08-21,2011-12-19,200,90,4.943362398025861
595,2011-08-22,2011-12-20,200,90,4.966544117726448
596,2011-08-23,2011-12-21,200,90,4.9423679920063375
597,2011-08-24,2011-12-22,200,90,4.784597210247198
598,2011-08-25,2011-12-23,200,90,4.730201853533375
599,2011-08-26,2011-12-24,200,90,4.742212234525553
600,2011-08-27,2011-12-25,200,90,4.621609941295806
601,2011-08-28,2011-12-26,200,90,4.614273648993712
602,2011-08-29,2011-12-27,200,90,4.690530639485223
603,2011-08-30,2011-12-28,200,90,4.789589285755525
604,2011-08-31,2011-12-29,200,90,4.691228629751432
605,2011-09-01,2011-12-30,200,90,4.705618684141543
606,2011-09-02,2011-12-31,200,90,4.628505909437406
607,2011-09-03,2012-01-01,200,90,4.827935486457908
608,2011-09-04,2012-01-02,200,90,4.627320221220106
609,2011-09-05,2012-01-03,200,90,4.676078834466188
610,2011-09-06,2012-01-04,200,90,4.8276884243380245
611,2011-09-07,2012-01-05,200,90,4.81834270290104
612,2011-09-08,2012-01-06,200,90,4.7832636713392835
613,2011-09-09,2012-01-07,200,90,4.693106556142155
614,2011-09-10,2012-01-08,200,90,4.536828948488126
615,2011-09-11,2012-01-09,200,90,4.5265318018207585
616,2011-09-12,2012-01-10,200,90,4.557192114008372
617,2011-09-13,2012-01-11,200,90,4.568020127217797
618,2011-09-14,2012-01-12,200,90,4.5775271557997605
619,2011-09-15,2012-01-13,200,90,4.447375692578711
620,2011-09-16,2012-01-14,200,90,4.480847779666318
621,2011-09-17,2012-01-15,200,90,4.4682410661869385
622,2011-09-18,2012-01-16,200,90,4.524402702518476
623,2011-09-19,2012-01-17,200,90,4.471687207282785
624,2011-09-20,2012-01-18,200,90,4.425488566424961
625,2011-09-21,2012-01-19,200,90,4.599386082638542
626,2011-09-22,2012-01-20,200,90,4.532308142857207
627,2011-09-23,2012-01-21,200,90,4.554493925781035
628,2011-09-24,2012-01-22,200,90,4.617303018062506
629,2011-09-25,2012-01-23,200,90,4.625351510489508
630,2011-09-26,2012-01-24,200,90,4.50567855784817
631,2011-09-27,2012-01-25,200,90,4.539425862437275
632,2011-09-28,2012-01-26,200,90,4.609346212225965
633,2011-09-29,2012-01-27,200,90,4.668087981377492
634,2011-09-30,2012-01-28,200,90,4.698484183335711
635,2011-10-01,2012-01-29,200,90,4.7080894698001305
636,2011-10-02,2012-01-30,200,90,4.597294292988532
637,2011-10-03,2012-01-31,200,90,4.7200802064682135
638,2011-10-04,2012-02-01,200,90,4.812833645195922
639,2011-10-05,2012-02-02,200,90,4.857603981053828
640,2011-10-06,2012-02-03,200,90,4.784473293499557
641,2011-10-07,2012-02-04,200,90,5.058855691998829
642,2011-10-08,2012-02-05,200,90,5.02600772096365
643,2011-10-09,2012-02-06,200,90,5.024503899066138
644,2011-10-10,2012-02-07,200,90,5.019615009957156
645,2011-10-11,2012-02-08,200,90,5.024620281337931
646,2011-10-12,2012-02-09,200,90,4.93425541007959
647,2011-10-13,2012-02-10,200,90,5.013981001353535
648,2011-10-14,2012-02-11,200,90,4.951649952338314
649,2011-10-15,2012-02-12,200,90,4.898413212672698
650,2011-10-16,2012-02-13,200,90,4.905427028902686
651,2011-10-17,2012-02-14,200,90,4.76213589323901
652,2011-10-18,2012-02-15,200,90,4.673377630517832
653,2011-10-19,2012-02-16,200,90,4.444871683996149
654,2011-10-20,2012-02-17,200,90,4.412728064797266
655,2011-10-21,2012-02-18,200,90,4.268500385596891
656,2011-10-22,2012-02-19,200,90,4.16274043491139
657,2011-10-23,2012-02-20,200,90,4.043360757851571
658,2011-10-24,2012-02-21,200,90,3.923284583377176
659,2011-10-25,2012-02-22,200,90,3.7932868171261798
660,2011-10-26,2012-02-23,200,90,3.714348259635341
661,2011-10-27,2012-02-24,200,90,3.6377185842272675
662,2011-10-28,2012-02-25,200,90,3.5709581501548824
663,2011-10-29,2012-02-26,200,90,3.5441163002288736
664,2011-10-30,2012-02-27,200,90,3.478755001552149
665,2011-10-31,2012-02-28,200,90,3.5132475210032643
666,2011-11-01,2012-02-29,200,90,3.609559331527902
667,2011-11-02,2012-03-01,200,90,3.5547874746714223
668,2011-11-03,2012-03-02,200,90,3.6148829036806807
669,2011-11-04,2012-03-03,200,90,3.5303154678692548
670,2011-11-05,2012-03-04,200,90,3.5539707411598367
671,2011-11-06,2012-03-05,200,90,3.4776634697677027
672,2011-11-07,2012-03-06,200,90,3.4584936376653794
673,2011-11-08,2012-03-07,200,90,3.386896503622788
674,2011-11-09,2012-03-08,200,90,3.399067382458134
675,2011-11-10,2012-03-09,200,90,3.352171077666274
676,2011-11-11,2012-03-10,200,90,3.3720740236533118
677,2011-11-12,2012-03-11,200,90,3.186550733630947
678,2011-11-13,2012-03-12,200,90,3.255234048102325
679,2011-11-14,2012-03-13,200,90,3.3428716978315594
680,2011-11-15,2012-03-14,200,90,3.2416923057594924
681,2011-11-16,2012-03-15,200,90,3.374643387644559
682,2011-11-17,2012-03-16,200,90,3.282286693056693
683,2011-11-18,2012-03-17,200,90,3.1901523296519563
684,2011-11-19,2012-03-18,200,90,3.2204728527672786
685,2011-11-20,2012-03-19,200,90,3.2417766279029667
686,2011-11-21,2012-03-20,200,90,3.2992602792536414
687,2011-11-22,2012-03-21,200,90,3.271030698913218
688,2011-11-23,2012-03-22,200,90,3.2713148329728705
689,2011-11-24,2012-03-23,200,90,3.2722666398121016
690,2011-11-25,2012-03-24,200,90,3.2170080499645093
691,2011-11-26,2012-03-25,200,90,3.1999081322162866
692,2011-11-27,2012-03-26,200,90,3.205640416082628
693,2011-11-28,2012-03-27,200,90,3.1911164364487523
694,2011-11-29,2012-03-28,200,90,3.226556982199452
695,2011-11-30,2012-03-29,200,90,3.2477235815464516
696,2011-12-01,2012-03-30,200,90,3.272816772719626
697,2011-12-02,2012-03-31,200,90,3.2547128107814336
698,2011-12-03,2012-04-01,200,90,3.231749929422792
699,2011-12-04,2012-04-02,200,90,3.3322329934870556
700,2011-12-05,2012-04-03,200,90,3.2713202848192533
701,2011-12-06,2012-04-04,200,90,3.2490427790037306
702,2011-12-07,2012-04-05,200,90,3.26238835723959
703,2011-12-08,2012-04-06,200,90,3.2595650145563053
704,2011-12-09,2012-04-07,200,90,3.22228603826177
705,2011-12-10,2012-04-08,200,90,3.2702194945143424
706,2011-12-11,2012-04-09,200,90,3.2393506734224453
707,2011-12-12,2012-04-10,200,90,3.165408209491331
708,2011-12-13,2012-04-11,200,90,3.108620861138024
709,2011-12-14,2012-04-12,200,90,3.057181858580898
710,2011-12-15,2012-04-13,200,90,3.0533616265804286
711,2011-12-16,2012-04-14,200,90,3.049487045396916
712,2011-12-17,2012-04-15,200,90,2.9558527727113324
713,2011-12-18,2012-04-16,200,90,3.0156107328688906
714,2011-12-19,2012-04-17,200,90,3.019291552062769
715,2011-12-20,2012-04-18,200,90,2.944336439839282
716,2011-12-21,2012-04-19,200,90,2.878667238537368
717,2011-12-22,2012-04-20,200,90,2.825888477125297
718,2011-12-23,2012-04-21,200,90,2.8197928662160288
719,2011-12-24,2012-04-22,200,90,2.790492000617746
720,2011-12-25,2012-04-23,200,90,2.7908659606084973
721,2011-12-26,2012-04-24,200,90,2.804403682041933
722,2011-12-27,2012-04-25,200,90,2.7717852776541774
723,2011-12-28,2012-04-26,200,90,2.729560743227971
724,2011-12-29,2012-04-27,200,90,2.725287455637739
725,2011-12-30,2012-04-28,200,90,2.768822191401933
726,2011-12-31,2012-04-29,200,90,2.8165875905450246
727,2012-01-01,2012-04-30,200,90,2.744537800407152
728,2012-01-02,2012-05-01,200,90,2.697552526128678
729,2012-01-03,2012-05-02,200,90,2.676367422829387
730,2012-01-04,2012-05-03,200,90,2.6083454278473766
731,2012-01-05,2012-05-04,200,90,2.5508324775781532
732,2012-01-06,2012-05-05,200,90,2.5362933147412416
733,2012-01-07,2012-05-06,200,90,2.5198940367642315
734,2012-01-08,2012-05-07,200,90,2.4788269561610927
735,2012-01-09,2012-05-08,200,90,2.5200256237144147
736,2012-01-10,2012-05-09,200,90,2.4701940531522917
737,2012-01-11,2012-05-10,200,90,2.5151486070321605
738,2012-01-12,2012-05-11,200,90,2.5574601459218322
739,2012-01-13,2012-05-12,200,90,2.558270741061235
740,2012-01-14,2012-05-13,200,90,2.4825785243493383
741,2012-01-15,2012-05-14,200,90,2.488088520489813
742,2012-01-16,2012-05-15,200,90,2.46582819984441
743,2012-01-17,2012-05-16,200,90,2.4874133603506903
744,2012-01-18,2012-05-17,200,90,2.4822165826696763
745,2012-01-19,2012-05-18,200,90,2.509431461681314
746,2012-01-20,2012-05-19,200,90,2.596337753670245
747,2012-01-21,2012-05-20,200,90,2.6517012462840226
748,2012-01-22,2012-05-21,200,90,2.769407600823205
749,2012-01-23,2012-05-22,200,90,2.7681991452715016
750,2012-01-24,2012-05-23,200,90,2.795302527871698
751,2012-01-25,2012-05-24,200,90,2.7906871594295604
752,2012-01-26,2012-05-25,200,90,2.8184979141230855
753,2012-01-27,2012-05-26,200,90,2.780350776360239
754,2012-01-28,2012-05-27,200,90,2.7877429304962957
755,2012-01-29,2012-05-28,200,90,2.7841922898434612
756,2012-01-30,2012-05-29,200,90,2.7724595615743755
757,2012-01-31,2012-05-30,200,90,2.851144574586535
758,2012-02-01,2012-05-31,200,90,2.887918333533082
759,2012-02-02,2012-06-01,200,90,2.931467897123449
760,2012-02-03,2012-06-02,200,90,2.9020051810797156
761,2012-02-04,2012-06-03,200,90,2.903068679847076
762,2012-02-05,2012-06-04,200,90,2.834031277275425
763,2012-02-06,2012-06-05,200,90,2.8689645074388106
764,2012-02-07,2012-06-06,200,90,2.887681715791836
765,2012-02-08,2012-06-07,200,90,2.8845967966704444
766,2012-02-09,2012-06-08,200,90,2.806071364167044
767,2012-02-10,2012-06-09,200,90,2.9200326366473512
768,2012-02-11,2012-06-10,200,90,2.854451447404274
769,2012-02-12,2012-06-11,200,90,2.8436867103474683
770,2012-02-13,2012-06-12,200,90,2.766191141651729
771,2012-02-14,2012-06-13,200,90,2.733552379479152
772,2012-02-15,2012-06-14,200,90,2.6704611308700623
773,2012-02-16,2012-06-15,200,90,2.6577791843110257
774,2012-02-17,2012-06-16,200,90,2.6316066627808072
775,2012-02-18,2012-06-17,200,90,2.5561211532395696
776,2012-02-19,2012-06-18,200,90,2.5252602650491736
777,2012-02-20,2012-06-19,200,90,2.4702538634247295
778,2012-02-21,2012-06-20,200,90,2.4175375953659572
779,2012-02-22,2012-06-21,200,90,2.377758436936106
780,2012-02-23,2012-06-22,200,90,2.3374150256020503
781,2012-02-24,2012-06-23,200,90,2.240936460570062
782,2012-02-25,2012-06-24,200,90,2.237005109547819
783,2012-02-26,2012-06-25,200,90,2.2673965799492777
784,2012-02-27,2012-06-26,200,90,2.3011376854045817
785,2012-02-28,2012-06-27,200,90,2.274437909412389
786,2012-02-29,2012-06-28,200,90,2.268309975475192
787,2012-03-01,2012-06-29,200,90,2.2856929966498787
788,2012-03-02,2012-06-30,200,90,2.2841397808807877
789,2012-03-03,2012-07-01,200,90,2.2961898677630557
790,2012-03-04,2012-07-02,200,90,2.300557958955431
791,2012-03-05,2012-07-03,200,90,2.210534094105809
792,2012-03-06,2012-07-04,200,90,2.226993845550662
793,2012-03-07,2012-07-05,200,90,2.1864022251856166
794,2012-03-08,2012-07-06,200,90,2.171410139839811
795,2012-03-09,2012-07-07,200,90,2.192849834187958
796,2012-03-10,2012-07-08,200,90,2.1899508170372437
797,2012-03-11,2012-07-09,200,90,2.1756031816176873
798,2012-03-12,2012-07-10,200,90,2.1565074708552117
799,2012-03-13,2012-07-11,200,90,2.1930725787316665
800,2012-03-14,2012-07-12,200,90,2.1977105191963346
801,2012-03-15,2012-07-13,200,90,2.193282886184402
802,2012-03-16,2012-07-14,200,90,2.194811895073929
803,2012-03-17,2012-07-15,200,90,2.1419587329531504
804,2012-03-18,2012-07-16,200,90,2.179189974140295
805,2012-03-19,2012-07-17,200,90,2.181002364802907
806,2012-03-20,2012-07-18,200,90,2.2011514728037027
807,2012-03-21,2012-07-19,200,90,2.25619070623785
808,2012-03-22,2012-07-20,200,90,2.2022784737085477
809,2012-03-23,2012-07-21,200,90,2.186327828315462
810,2012-03-24,2012-07-22,200,90,2.078955344547999
811,2012-03-25,2012-07-23,200,90,2.1265806031642125
812,2012-03-26,2012-07-24,200,90,2.152518884619795
813,2012-03-27,2012-07-25,200,90,2.108812566739995
814,2012-03-28,2012-07-26,200,90,2.213586417733885
815,2012-03-29,2012-07-27,200,90,2.2537727236096257
816,2012-03-30,2012-07-28,200,90,2.1474954445850947
817,2012-03-31,2012-07-29,200,90,2.220334703380171
818,2012-04-01,2012-07-30,200,90,2.1316824967752024
819,2012-04-02,2012-07-31,200,90,2.0112825875898483
820,2012-04-03,2012-08-01,200,90,2.011307592997914
821,2012-04-04,2012-08-02,200,90,2.013238519741042
822,2012-04-05,2012-08-03,200,90,2.0000337839094886
823,2012-04-06,2012-08-04,200,90,1.9121035737940781
824,2012-04-07,2012-08-05,200,90,1.9257937423338167
825,2012-04-08,2012-08-06,200,90,2.0016770053539186
826,2012-04-09,2012-08-07,200,90,1.8760073413703815
827,2012-04-10,2012-08-08,200,90,1.8479606995639573
828,2012-04-11,2012-08-09,200,90,1.856013847059565
829,2012-04-12,2012-08-10,200,90,1.8030902051745585
830,2012-04-13,2012-08-11,200,90,1.831676630783498
831,2012-04-14,2012-08-12,200,90,1.8262591895587579
832,2012-04-15,2012-08-13,200,90,1.9756112244630764
833,2012-04-16,2012-08-14,200,90,1.7173386492027267
834,2012-04-17,2012-08-15,200,90,1.9156062457141085
835,2012-04-18,2012-08-16,200,90,1.7564572889018715
836,2012-04-19,2012-08-17,200,90,1.5648594915205514
837,2012-04-20,2012-08-18,200,90,1.5375392999722701
838,2012-04-21,2012-08-19,200,90,1.5092606938093616
839,2012-04-22,2012-08-20,200,90,1.3908331971080212
840,2012-04-23,2012-08-21,200,90,1.4646888703465277
841,2012-04-24,2012-08-22,200,90,1.4414186375667541
842,2012-04-25,2012-08-23,200,90,1.3268068020512933
843,2012-04-26,2012-08-24,200,90,1.4762496260924396
844,2012-04-27,2012-08-25,200,90,1.4102436518203076
845,2012-04-28,2012-08-26,200,90,1.520055443856498
846,2012-04-29,2012-08-27,200,90,1.4035055188637675
847,2012-04-30,2012-08-28,200,90,1.3933016153622404
848,2012-05-01,2012-08-29,200,90,1.4446819111805145
849,2012-05-02,2012-08-30,200,90,1.709763067805527
850,2012-05-03,2012-08-31,200,90,1.5505811825456637
851,2012-05-04,2012-09-01,200,90,1.5594838661480572
852,2012-05-05,2012-09-02,200,90,1.5074751914619233
853,2012-05-06,2012-09-03,200,90,1.5737742551710274
854,2012-05-07,2012-09-04,200,90,1.6078641431068565
855,2012-05-08,2012-09-05,200,90,1.54063342202975
856,2012-05-09,2012-09-06,200,90,1.4926714487491526
857,2012-05-10,2012-09-07,200,90,1.4907241150947474
858,2012-05-11,2012-09-08,200,90,1.5729514142866883
859,2012-05-12,2012-09-09,200,90,1.4951262079132346
860,2012-05-13,2012-09-10,200,90,1.6408729200815786
861,2012-05-14,2012-09-11,200,90,1.479654957493434
862,2012-05-15,2012-09-12,200,90,1.4814017826888142
863,2012-05-16,2012-09-13,200,90,1.4061906510079027
864,2012-05-17,2012-09-14,200,90,1.5155064311227189
865,2012-05-18,2012-09-15,200,90,1.391990541378099
866,2012-05-19,2012-09-16,200,90,1.2913287061335368
867,2012-05-20,2012-09-17,200,90,1.3341840713868898
868,2012-05-21,2012-09-18,200,90,1.3202503821162241
869,2012-05-22,2012-09-19,200,90,1.2933848662228242
870,2012-05-23,2012-09-20,200,90,1.2378493965997857
871,2012-05-24,2012-09-21,200,90,1.3220827198388412
872,2012-05-25,2012-09-22,200,90,1.3062393120637463
873,2012-05-26,2012-09-23,200,90,1.2804227561231536
874,2012-05-27,2012-09-24,200,90,1.2694646295069831
875,2012-05-28,2012-09-25,200,90,1.3150328763737513
876,2012-05-29,2012-09-26,200,90,1.3716001111432492
877,2012-05-30,2012-09-27,200,90,1.4208569150478965
878,2012-05-31,2012-09-28,200,90,1.5904956047896248
879,2012-06-01,2012-09-29,200,90,1.4571144210544889
880,2012-06-02,2012-09-30,200,90,1.493547986487223
881,2012-06-03,2012-10-01,200,90,1.7706759867034438
882,2012-06-04,2012-10-02,200,90,1.5530635893469003
883,2012-06-05,2012-10-03,200,90,1.6220050345918218
884,2012-06-06,2012-10-04,200,90,1.6286108704887166
885,2012-06-07,2012-10-05,200,90,1.6521860014576968
886,2012-06-08,2012-10-06,200,90,1.6659261501143532
887,2012-06-09,2012-10-07,200,90,1.6579229284063457
888,2012-06-10,2012-10-08,200,90,1.723685441169276
889,2012-06-11,2012-10-09,200,90,1.707963641290415
890,2012-06-12,2012-10-10,200,90,1.6379150666826794
891,2012-06-13,2012-10-11,200,90,1.643860722330571
892,2012-06-14,2012-10-12,200,90,1.780188612354594
893,2012-06-15,2012-10-13,200,90,1.6758837643954319
894,2012-06-16,2012-10-14,200,90,1.5565709309814397
895,2012-06-17,2012-10-15,200,90,1.701778453053907
896,2012-06-18,2012-10-16,200,90,1.5483249483508008
897,2012-06-19,2012-10-17,200,90,1.7091607134951092
898,2012-06-20,2012-10-18,200,90,1.549536970870483
899,2012-06-21,2012-10-19,200,90,1.5569699201734752
900,2012-06-22,2012-10-20,200,90,1.5434542201899686
901,2012-06-23,2012-10-21,200,90,1.5562661001101683
902,2012-06-24,2012-10-22,200,90,1.5640599932621597
903,2012-06-25,2012-10-23,200,90,1.671048827873564
904,2012-06-26,2012-10-24,200,90,1.6724716553826393
905,2012-06-27,2012-10-25,200,90,1.6893567955201725
906,2012-06-28,2012-10-26,200,90,1.938408271889062
907,2012-06-29,2012-10-27,200,90,1.7958651427145311
908,2012-06-30,2012-10-28,200,90,1.7726230484972831
909,2012-07-01,2012-10-29,200,90,1.7850893503693004
910,2012-07-02,2012-10-30,200,90,2.0070760321345453
911,2012-07-03,2012-10-31,200,90,1.8809982031200994
912,2012-07-04,2012-11-01,200,90,1.830328546964532
913,2012-07-05,2012-11-02,200,90,1.806134493854606
914,2012-07-06,2012-11-03,200,90,1.8722954396914786
915,2012-07-07,2012-11-04,200,90,1.9615952376627668
916,2012-07-08,2012-11-05,200,90,2.0915455190538106
917,2012-07-09,2012-11-06,200,90,1.981851621338974
918,2012-07-10,2012-11-07,200,90,1.8936514242042168
919,2012-07-11,2012-11-08,200,90,2.025190861114723
920,2012-07-12,2012-11-09,200,90,1.9845717969819645
921,2012-07-13,2012-11-10,200,90,1.9930804848692225
922,2012-07-14,2012-11-11,200,90,2.2332788451980794
923,2012-07-15,2012-11-12,200,90,2.012261609773986
924,2012-07-16,2012-11-13,200,90,2.0523605493550336
925,2012-07-17,2012-11-14,200,90,2.0179253625077935
926,2012-07-18,2012-11-15,200,90,1.8968661465746597
927,2012-07-19,2012-11-16,200,90,1.8923021088307395
928,2012-07-20,2012-11-17,200,90,1.9074765315206352
929,2012-07-21,2012-11-18,200,90,1.9168430173434379
930,2012-07-22,2012-11-19,200,90,2.0082441818978563
931,2012-07-23,2012-11-20,200,90,1.9894794252512797
932,2012-07-24,2012-11-21,200,90,2.0309377920873994
933,2012-07-25,2012-11-22,200,90,2.1412655702861283
934,2012-07-26,2012-11-23,200,90,2.0840720440419105
935,2012-07-27,2012-11-24,200,90,2.251305668157208
936,2012-07-28,2012-11-25,200,90,2.147766624762786
937,2012-07-29,2012-11-26,200,90,2.2263777808991483
938,2012-07-30,2012-11-27,200,90,2.4674519447365966
939,2012-07-31,2012-11-28,200,90,2.4157462811075856
940,2012-08-01,2012-11-29,200,90,2.4236054318350964
941,2012-08-02,2012-11-30,200,90,2.3476461980223675
942,2012-08-03,2012-12-01,200,90,2.3299943147176063
943,2012-08-04,2012-12-02,200,90,2.363934658885108
944,2012-08-05,2012-12-03,200,90,2.3628991503156005
945,2012-08-06,2012-12-04,200,90,2.5167185547390756
946,2012-08-07,2012-12-05,200,90,2.292830347884207
947,2012-08-08,2012-12-06,200,90,2.636733146865742
948,2012-08-09,2012-12-07,200,90,2.623550200268039
949,2012-08-10,2012-12-08,200,90,2.6116741418165246
950,2012-08-11,2012-12-09,200,90,2.4623833396601644
951,2012-08-12,2012-12-10,200,90,2.471214173801501
952,2012-08-13,2012-12-11,200,90,2.5284622933517062
953,2012-08-14,2012-12-12,200,90,2.5988101201899916
954,2012-08-15,2012-12-13,200,90,2.6245707722542235
955,2012-08-16,2012-12-14,200,90,2.6016388533668984
956,2012-08-17,2012-12-15,200,90,2.628474208322639
957,2012-08-18,2012-12-16,200,90,2.6158667653833954
958,2012-08-19,2012-12-17,200,90,2.536513954126817
959,2012-08-20,2012-12-18,200,90,2.5638756754090997
960,2012-08-21,2012-12-19,200,90,2.451864446459196
961,2012-08-22,2012-12-20,200,90,2.592692579932562
962,2012-08-23,2012-12-21,200,90,2.581862657563616
963,2012-08-24,2012-12-22,200,90,2.6464451738366774
964,2012-08-25,2012-12-23,200,90,2.5458559802125
965,2012-08-26,2012-12-24,200,90,2.5376515977722374
966,2012-08-27,2012-12-25,200,90,2.5078504068865373
967,2012-08-28,2012-12-26,200,90,2.495697881961752
968,2012-08-29,2012-12-27,200,90,2.4732815239881383
969,2012-08-30,2012-12-28,200,90,2.5821126136702994
970,2012-08-31,2012-12-29,200,90,2.5517270309236526
971,2012-09-01,2012-12-30,200,90,2.5238319865797636
972,2012-09-02,2012-12-31,200,90,2.5945845079202905
973,2012-09-03,2013-01-01,200,90,2.5232676668661203
974,2012-09-04,2013-01-02,200,90,2.4177577202612284
975,2012-09-05,2013-01-03,200,90,2.4502829211861337
976,2012-09-06,2013-01-04,200,90,2.4918542393208596
977,2012-09-07,2013-01-05,200,90,2.4932168248622526
978,2012-09-08,2013-01-06,200,90,2.514844208052513
979,2012-09-09,2013-01-07,200,90,2.476856872592317
980,2012-09-10,2013-01-08,200,90,2.582407095071645
981,2012-09-11,2013-01-09,200,90,2.5581096891354083
982,2012-09-12,2013-01-10,200,90,2.508544280691437
983,2012-09-13,2013-01-11,200,90,2.5228560669162383
984,2012-09-14,2013-01-12,200,90,2.514194794277178
985,2012-09-15,2013-01-13,200,90,2.5467190724420576
986,2012-09-16,2013-01-14,200,90,2.4351566558097812
987,2012-09-17,2013-01-15,200,90,2.5562978210196095
988,2012-09-18,2013-01-16,200,90,2.434280225795375
989,2012-09-19,2013-01-17,200,90,2.6067401945371094
990,2012-09-20,2013-01-18,200,90,2.567055276139289
991,2012-09-21,2013-01-19,200,90,2.4909727810214926
992,2012-09-22,2013-01-20,200,90,2.6488749682116848
993,2012-09-23,2013-01-21,200,90,2.469784424391515
994,2012-09-24,2013-01-22,200,90,2.4857531503432053
995,2012-09-25,2013-01-23,200,90,2.444780038416483
996,2012-09-26,2013-01-24,200,90,2.340285087250245
997,2012-09-27,2013-01-25,200,90,2.4097193349759736
998,2012-09-28,2013-01-26,200,90,2.2977982116462994
999,2012-09-29,2013-01-27,200,90,2.483536527380694
1000,2012-09-30,2013-01-28,200,90,2.178630493633388
1001,2012-10-01,2013-01-29,200,90,2.240405498795734
1002,2012-10-02,2013-01-30,200,90,2.234069621830039
1003,2012-10-03,2013-01-31,200,90,2.2415602937827384
1004,2012-10-04,2013-02-01,200,90,2.10251804884593
1005,2012-10-05,2013-02-02,200,90,2.144515074911796
1006,2012-10-06,2013-02-03,200,90,2.1578099160256676
1007,2012-10-07,2013-02-04,200,90,2.167983986865924
1008,2012-10-08,2013-02-05,200,90,2.307189571752648
1009,2012-10-09,2013-02-06,200,90,2.1702907778304894
1010,2012-10-10,2013-02-07,200,90,2.2151570987419986
1011,2012-10-11,2013-02-08,200,90,2.2010622715071446
1012,2012-10-12,2013-02-09,200,90,2.336807933155627
1013,2012-10-13,2013-02-10,200,90,2.2491379159074962
1014,2012-10-14,2013-02-11,200,90,2.218601691361193
1015,2012-10-15,2013-02-12,200,90,2.1750327629113486
1016,2012-10-16,2013-02-13,200,90,2.2568889903783127
1017,2012-10-17,2013-02-14,200,90,2.160898394070995
1018,2012-10-18,2013-02-15,200,90,2.210484399250703
1019,2012-10-19,2013-02-16,200,90,2.2425235986788636
1020,2012-10-20,2013-02-17,200,90,2.238095860445288
1021,2012-10-21,2013-02-18,200,90,2.236528791153793
1022,2012-10-22,2013-02-19,200,90,2.2652104104578306
1023,2012-10-23,2013-02-20,200,90,2.1503397743377346
1024,2012-10-24,2013-02-21,200,90,2.162545694266119
1025,2012-10-25,2013-02-22,200,90,2.143141470276099
1026,2012-10-26,2013-02-23,200,90,2.151584846936845
1027,2012-10-27,2013-02-24,200,90,2.0684347082356003
1028,2012-10-28,2013-02-25,200,90,2.100120059062131
1029,2012-10-29,2013-02-26,200,90,2.1614955635170654
1030,2012-10-30,2013-02-27,200,90,2.2352846285976287
1031,2012-10-31,2013-02-28,200,90,2.1631716857984977
1032,2012-11-01,2013-03-01,200,90,2.17177322353378
1033,2012-11-02,2013-03-02,200,90,2.2048938426661144
1034,2012-11-03,2013-03-03,200,90,2.227639098940448
1035,2012-11-04,2013-03-04,200,90,2.1231883419012374
1036,2012-11-05,2013-03-05,200,90,2.249109947554886
1037,2012-11-06,2013-03-06,200,90,2.3537611357849877
1038,2012-11-07,2013-03-07,200,90,2.3871590026888625
1039,2012-11-08,2013-03-08,200,90,2.5254217638869814
1040,2012-11-09,2013-03-09,200,90,2.3210176375815017
1041,2012-11-10,2013-03-10,200,90,2.6426969552539896
1042,2012-11-11,2013-03-11,200,90,2.291185838664752
1043,2012-11-12,2013-03-12,200,90,2.2206438447578862
1044,2012-11-13,2013-03-13,200,90,2.2544130194753667
1045,2012-11-14,2013-03-14,200,90,2.2456261136616704
1046,2012-11-15,2013-03-15,200,90,2.255349193918789
1047,2012-11-16,2013-03-16,200,90,2.3235330464026434
1048,2012-11-17,2013-03-17,200,90,2.519443456889575
1049,2012-11-18,2013-03-18,200,90,2.759325053375825
1050,2012-11-19,2013-03-19,200,90,2.4905442019367903
1051,2012-11-20,2013-03-20,200,90,2.4584328043072716
1052,2012-11-21,2013-03-21,200,90,2.369609043218778
1053,2012-11-22,2013-03-22,200,90,2.294922518271339
1054,2012-11-23,2013-03-23,200,90,2.2843747653764
1055,2012-11-24,2013-03-24,200,90,2.485689308688878
1056,2012-11-25,2013-03-25,200,90,2.2686063436387487
1057,2012-11-26,2013-03-26,200,90,2.213993468445291
1058,2012-11-27,2013-03-27,200,90,2.359372336001792
1059,2012-11-28,2013-03-28,200,90,2.140467466640529
1060,2012-11-29,2013-03-29,200,90,2.1513182694734514
1061,2012-11-30,2013-03-30,200,90,2.150667255217561
1062,2012-12-01,2013-03-31,200,90,2.09981306774295
1063,2012-12-02,2013-04-01,200,90,2.1858831051692342
1064,2012-12-03,2013-04-02,200,90,2.2097244180945226
1065,2012-12-04,2013-04-03,200,90,2.23096851244603
1066,2012-12-05,2013-04-04,200,90,2.2514737152260222
1067,2012-12-06,2013-04-05,200,90,2.2098659498742688
1068,2012-12-07,2013-04-06,200,90,2.21117362486123
1069,2012-12-08,2013-04-07,200,90,2.193062954591512
1070,2012-12-09,2013-04-08,200,90,2.2430397036725136
1071,2012-12-10,2013-04-09,200,90,2.2083898530403556
1072,2012-12-11,2013-04-10,200,90,2.2161284332870044
1073,2012-12-12,2013-04-11,200,90,2.2304393825173983
1074,2012-12-13,2013-04-12,200,90,2.178330713687371
1075,2012-12-14,2013-04-13,200,90,2.1196729297484485
1076,2012-12-15,2013-04-14,200,90,2.118797527464594
1077,2012-12-16,2013-04-15,200,90,2.0532458257366915
